patch_idx,height_difference,mean_z,max_z,std_z,range_z,ds_magnitude,modified_ds_magnitude,local_shape_ds_magnitude
0,5.832086799752416e-06,-0.04689438924720207,-0.04686789235552868,2.6016279305854225e-05,5.204582134167579e-05,1.983314344317015,1.983314344317016,2.3779086609618654
1,5.581839246703134e-06,-0.04689439388180931,-0.04686789726750609,2.6015902724913488e-05,5.20470970857001e-05,1.9772273753863583,1.977227798367312,2.385398279433467
2,7.847781416531006e-06,-0.04689629105959501,-0.04686790332198142,2.591293983724126e-05,5.20455812068818e-05,1.9779292615332367,1.9779265065556142,2.3790717935312746
3,5.678580240663475e-06,-0.04689432540247207,-0.04686790704727173,2.5944941684492693e-05,5.2046439763767105e-05,1.9612591543585025,1.9612591107662687,2.3801902814344764
4,6.165602180762693e-06,-0.04689440935959582,-0.046867914497852325,2.6016185184497226e-05,5.2044148172183946e-05,1.9563672945326958,1.9563679607883704,2.334469397612854
5,6.899909133317687e-06,-0.04689536090742618,-0.046867918223142624,2.598144858752587e-05,5.204603075981834e-05,1.9702402242875905,1.9702448998019277,2.376091860827237
6,5.771129829582748e-06,-0.04689441988606655,-0.046867925673723214,2.601618448798067e-05,5.20431447467995e-05,1.9639860776232827,1.9639849092967043,2.359422080728515
7,5.960793145415937e-06,-0.046893479024689586,-0.04686792939901352,2.6015932582587964e-05,5.20460307598114e-05,1.9773569165661384,1.9773569165661378,2.3740370258986885
8,5.77077056695836e-06,-0.046894430651150155,-0.04686793512447683,2.6016016132006294e-05,5.204403058680501e-05,1.9752760251824573,1.9752760251824573,2.3601870113818917
9,6.8996988598050646e-06,-0.04689254329971155,-0.046867939527752436,2.598125371039342e-05,5.2046664721167035e-05,1.9742966003802522,1.9742966003802522,2.3863048551108657
10,5.961239120349902e-06,-0.046893494048650786,-0.04686794430017471,2.6016137461545008e-05,5.20460307598114e-05,1.9707430178423677,1.970743017842367,2.36910909629045
11,7.0889666813464e-06,-0.04689539229529316,-0.04686794925866308,2.59811641814306e-05,5.204760526437979e-05,1.9706070708099457,1.9706064805878192,2.3266360279853258
12,5.77018226929047e-06,-0.04689445081821357,-0.0468679554760456,2.6016334267241375e-05,5.204594813042196e-05,1.9333948714505482,1.9333943009658239,2.3816984787731976
13,5.582411401610044e-06,-0.046893510253684156,-0.046867959499702544,2.6015795308959505e-05,5.2046388292682766e-05,1.980829292123437,1.9808285068567728,2.3658082249720143
14,7.466807730539582e-06,-0.046895407722872616,-0.0468679666519165,2.5981737118085463e-05,5.2044231337519675e-05,1.9795812137126212,1.9795821503982718,2.3450574965687245
15,5.961079560013111e-06,-0.04689352044695858,-0.0468679703772068,2.6016233564155392e-05,5.204603075981834e-05,1.9797178438717957,1.9797149377230894,2.3810699316741752
16,8.209826496470908e-06,-0.04689636393585127,-0.046867974524689396,2.5912379683185386e-05,5.204674866875203e-05,1.970541722985247,1.9705410587485357,2.371656163398243
17,7.65669279754243e-06,-0.046892585082889404,-0.0468679815530777,2.598167201292156e-05,5.20460307598114e-05,1.9669522051851662,1.9669506820842457,2.366166098814479
18,6.148677478638466e-06,-0.04689448200460943,-0.046867985278367996,2.6015978683095805e-05,5.204603075981834e-05,1.9544740530317906,1.9544740530317912,2.3686520416530135
19,5.392696481097368e-06,-0.0468944881269298,-0.04686799259276847,2.6016137433962122e-05,5.2046166939934135e-05,1.9719210386810229,1.971921038681024,2.3936667051265754
20,5.770711544303966e-06,-0.04689449309033823,-0.04686799645423889,2.6015950101088103e-05,5.204603075981834e-05,1.973314984043805,1.9733149840438053,2.376829070973143
21,5.392856597945464e-06,-0.04689449874627208,-0.046868003696134544,2.601564885912104e-05,5.204310239417115e-05,1.9806188307643218,1.9806180954871848,2.3816741896025135
22,7.832796937577859e-06,-0.046891664930086806,-0.04686800763010979,2.5912628895102846e-05,5.20460307598114e-05,1.9741958341697903,1.9741977660147776,2.3768920801787843
23,5.393139125962348e-06,-0.046894508909524915,-0.04686801459833682,2.6016092188476555e-05,5.204278782308669e-05,1.9751000566975137,1.9751017174588845,2.3779708592486983
24,8.209875824558433e-06,-0.04689640618327583,-0.046868017855149394,2.5912520676257157e-05,5.2046981591107044e-05,1.9868729395849722,1.986871984347528,2.3615470184110974
25,5.960668482036761e-06,-0.046893573395901084,-0.04686802353503144,2.6016351656515047e-05,5.204502699936164e-05,1.9623939426421213,1.9623938427762577,2.38452799288784
26,6.1487012211831465e-06,-0.0468945243443874,-0.04686802827120079,2.601580392076245e-05,5.204656509400635e-05,1.963257163109145,1.9632582894679367,2.384478324993992
27,6.899896781089422e-06,-0.04689547672562601,-0.046868033707141876,2.5981921172972358e-05,5.204603075981834e-05,1.949756125432956,1.9497561254329558,2.3761436524182917
28,7.004553004160607e-06,-0.04689264290188595,-0.04686803794163645,2.5981407822579347e-05,5.204797122920768e-05,2.042640717644575,2.0426407176445744,2.3932980097685537
29,7.781500946073904e-06,-0.04689590048515844,-0.046868044883012765,2.5955774534701073e-05,5.204603075981834e-05,2.1384040508689126,2.1384040508689157,2.408046867714985
30,6.903500150503002e-06,-0.04689249655580023,-0.04686789255049569,2.5981892174479335e-05,5.20456263746541e-05,1.959219785867393,1.959219785867394,2.3886960497920837
31,5.4396800730379435e-06,-0.04689439368719711,-0.04686789683530487,2.6015768791189405e-05,5.2047212899856976e-05,1.9778035622843975,1.9778027251815096,2.368134399065858
32,7.0796921069192706e-06,-0.04689250618007205,-0.04686790332198143,2.5981938148113384e-05,5.204576493708646e-05,1.9683604160784334,1.9683603168485282,2.3725490945505934
33,6.724517951809965e-06,-0.04689251170635049,-0.04686790704727173,2.598160849563582e-05,5.204628473309131e-05,1.9653882675007788,1.9653872448546086,2.3851079167270433
34,5.5490064645961734e-06,-0.046893462982402344,-0.04686791449785232,2.6016064634479168e-05,5.204433364969924e-05,1.9596058872368938,1.9596084426752927,2.3543777682453224
35,7.78499138996008e-06,-0.04689157620878288,-0.04686791822314262,2.591246945757004e-05,5.204603075981834e-05,1.9623585764615035,1.9623622938419225,2.3517771346299905
36,5.676715977124835e-06,-0.046894420238378406,-0.04686792567372322,2.6015992995914083e-05,5.204401939720715e-05,1.969959105692236,1.9699606934090215,2.370229189342806
37,5.795236094528689e-06,-0.046894425821569975,-0.04686792939901352,2.6016226510886338e-05,5.204603075981834e-05,1.9682636667633184,1.9682636667633175,2.356919551518002
38,5.440065479999246e-06,-0.046893484885905855,-0.04686793670253572,2.6016208589280197e-05,5.204268631944786e-05,1.9725590028114397,1.9725616566121993,2.3731862383748714
39,6.970875692467576e-06,-0.04689538239292641,-0.046867940574884415,2.598168259502267e-05,5.20460307598114e-05,1.9690728793703074,1.9690731115703553,2.3746227257063146
40,5.794375711314938e-06,-0.04689444075146791,-0.04686794430017471,2.6016158322925262e-05,5.20460307598114e-05,1.9741853236822362,1.9741844795453949,2.346260648020887
41,5.439492413140044e-06,-0.046893500587771836,-0.04686795108680978,2.6016142575773246e-05,5.20466947053419e-05,1.980165228529595,1.9801659202379858,2.3338620952677505
42,7.666743979920797e-06,-0.046891612904916904,-0.0468679554760456,2.5912734798545132e-05,5.204603075981834e-05,1.9603061908164747,1.9603022070889764,2.36517978227502
43,7.444279527549911e-06,-0.04689540370423096,-0.04686796128597904,2.5981405354518585e-05,5.204738973213496e-05,1.9649454588203856,1.9649450247720797,2.3777243110554984
44,6.4973525714161505e-06,-0.04689256996686869,-0.0468679666519165,2.5981739475394876e-05,5.204603075981834e-05,1.9663265730274064,1.9663277123424012,2.376601788754375
45,9.064369193289825e-06,-0.046890683020922676,-0.0468679718453224,2.5808873314206342e-05,5.204456264421703e-05,1.9787746120189436,1.9787719608158238,2.341638839739291
46,7.548681377844944e-06,-0.04689636522426981,-0.04686797730633512,2.5912404726142162e-05,5.2046500943300766e-05,1.961941367384935,1.9619326247290407,2.3633324324634253
47,6.148804584337819e-06,-0.046893532165705326,-0.046867981589133675,2.6016215660546234e-05,5.204599470384069e-05,1.9519970956551007,1.9519968169289976,2.3495326435226795
48,6.149712141672567e-06,-0.04689448331148589,-0.0468679871851953,2.6015795907598102e-05,5.2046497788525714e-05,1.962127168131686,1.9621271681316865,2.3609461442874555
49,6.615061849357527e-06,-0.04689259670451179,-0.04686799272894859,2.5981830408561935e-05,5.204603075981834e-05,1.974365827201362,1.9743658272013629,2.3792894439081524
50,6.734013159762581e-06,-0.046895439637587945,-0.04686799645423889,2.5981523981594588e-05,5.204663512042157e-05,1.9741939965727955,1.9741932998490859,2.370375032275556
51,7.088546840233681e-06,-0.0468926067604838,-0.04686800390481949,2.5980987491541437e-05,5.204381658327484e-05,1.9707564283429253,1.9707567574208593,2.338255764104558
52,8.592033036035835e-06,-0.04689734260087979,-0.04686800763010978,2.580852091059707e-05,5.204603075982528e-05,1.984472078020675,1.9844705769238626,2.359011128668117
53,7.325152052717558e-06,-0.046892617111506905,-0.04686801457967932,2.5981650300718488e-05,5.204413285755938e-05,1.982910365341681,1.9829095384622861,2.3899311214783583
54,6.616570337397702e-06,-0.04689546137812005,-0.04686801880598068,2.598179812440464e-05,5.20460307598114e-05,1.9829191958324333,1.9829198402867898,2.3722598912761144
55,8.946344815256448e-06,-0.04689073558158852,-0.046868025485748296,2.580885177155618e-05,5.204348380091761e-05,1.9599615615604133,1.959963998935338,2.3741010307700314
56,6.0319984144053895e-06,-0.04689452566545524,-0.04686802998185157,2.6015955818501394e-05,5.204603075981834e-05,1.9598708182798035,1.9598709654057564,2.380299127032187
57,5.557885947415081e-06,-0.04689358476043554,-0.0468680356770792,2.6016233152260952e-05,5.2044060822493965e-05,1.9617311828332482,1.9617311828332482,2.3917987943526082
58,5.663232514239586e-06,-0.04689358949251908,-0.04686804032822689,2.6015710808254684e-05,5.2044822187270745e-05,2.063427826061267,2.0634278260612704,2.376678503843719
59,5.430457953200433e-06,-0.04689370147180152,-0.04686804488301277,2.601787209559016e-05,5.204603075981834e-05,2.11132646001033,2.111326460010332,2.3890505229513366
60,5.390592417729232e-06,-0.04689344290015502,-0.046867892292623003,2.6016178309542048e-05,5.204588424734258e-05,1.975180140459176,1.975180140459176,2.348913584590065
61,5.913730604649382e-06,-0.046894394545207115,-0.0468678977548777,2.6015890935395335e-05,5.204673352921657e-05,1.9668800549707068,1.966880838076032,2.3716768220652815
62,6.734319125984001e-06,-0.046895345168578656,-0.04686790332198142,2.59818519566842e-05,5.20460307598114e-05,1.9686775264175322,1.9686788239512223,2.377549465750557
63,5.676120848755654e-06,-0.04689345837952119,-0.046867907160777156,2.601591834672608e-05,5.204734357838747e-05,1.975478864623198,1.9754796197522304,2.3761410432924417
64,6.497652254190033e-06,-0.046892517301775356,-0.046867914497852325,2.5981860177968544e-05,5.204520047460276e-05,1.9597254860915247,1.9597273102167094,2.3864247610511304
65,8.021869218145552e-06,-0.04689630764170356,-0.04686791828586532,2.5912381656579585e-05,5.204641961683437e-05,1.960900997386708,1.9609072041489461,2.3800591328534764
66,6.497793483693065e-06,-0.04689252796132427,-0.046867925673723214,2.5981909988127715e-05,5.204392609911568e-05,1.9681522533762168,1.968153583814417,2.3647002706625764
67,5.558170161983502e-06,-0.046893479650385185,-0.04686792939901351,2.6015975057815204e-05,5.204603075981834e-05,1.9745976352154133,1.974596693546654,2.364730493055137
68,5.913610601506631e-06,-0.046894431139429565,-0.04686793684959411,2.6016173341525507e-05,5.204270048920351e-05,1.9697623348321223,1.9697639741545714,2.3870288539160804
69,8.020579104349533e-06,-0.04689159786598564,-0.04686794057488441,2.5912727196115717e-05,5.204603075981834e-05,1.9706836275574373,1.97068705353315,2.361324846085795
70,5.794736150424245e-06,-0.04689444106351446,-0.04686794430017471,2.601594581531749e-05,5.204603075981834e-05,1.9787881573034167,1.9787881119099073,2.355447274842914
71,6.26949440388513e-06,-0.046894447397326,-0.04686795175075531,2.6015925667513236e-05,5.20460307598114e-05,1.9813538869752372,1.9813535603854597,2.3516569785560653
72,7.90316125446914e-06,-0.04689161302705608,-0.04686795547604561,2.5912568051575283e-05,5.20460307598114e-05,1.9741276163787485,1.9741281886055602,2.3569978355185865
73,5.796233738094667e-06,-0.04689445803624097,-0.04686796229329783,2.6016007004145205e-05,5.2046664088187256e-05,1.968331374474819,1.968327187695235,2.3692604389003
74,8.139741985200548e-06,-0.04689162354962527,-0.0468679666519165,2.5912913056724044e-05,5.204603075981834e-05,1.9718373367701958,1.9718374768723121,2.3492900902754696
75,7.785038657625487e-06,-0.046896359997542894,-0.046867971142383474,2.5912816966889625e-05,5.2045265583146316e-05,1.9587574345753425,1.9587552923049256,2.3783845153148313
76,5.794458331077769e-06,-0.046894472393114776,-0.046867975834478014,2.601602830804304e-05,5.2047053269298205e-05,1.9744641252713544,1.9744633345551998,2.3658454948231062
77,5.440223190817959e-06,-0.0468944781571062,-0.04686798155307769,2.601637264541e-05,5.204603075982528e-05,1.9644807568789822,1.964479052190555,2.350375084823618
78,6.2617702612706985e-06,-0.04689259048706789,-0.046867985408295516,2.5981519116734514e-05,5.204737713804253e-05,1.950661542119356,1.9506638672861754,2.3815998908358966
79,5.5580886445291085e-06,-0.04689354255406931,-0.04686799272894859,2.6016305357662695e-05,5.204603075981834e-05,1.9626114258407603,1.9626112297348155,2.3789260115760094
80,6.143178708747635e-06,-0.046892601207558164,-0.04686799645423889,2.598139282828367e-05,5.204603075981834e-05,1.9661904088784943,1.9661902313122863,2.3521009704994187
81,7.666906398638441e-06,-0.04689639149293455,-0.04686800390481949,2.5912178856958624e-05,5.204385102824949e-05,1.9785065742904688,1.9785064610782455,2.3395807062438734
82,5.676878567026732e-06,-0.046893557757581444,-0.04686800763010979,2.6015985322281215e-05,5.204603075981834e-05,1.9595195434797263,1.959518233064806,2.367956097669519
83,6.142310644444369e-06,-0.04689545518905482,-0.046868014167663355,2.5981574703433088e-05,5.204321849654192e-05,1.9621059191470607,1.9621054728476077,2.349183802068942
84,5.795677784415546e-06,-0.04689356765330263,-0.046868018766076436,2.6015964505320328e-05,5.2046070664064914e-05,1.9629046650903534,1.9629019446633609,2.3752308964587368
85,6.852166785381714e-06,-0.04689546584920093,-0.04686802324047845,2.5981834264971556e-05,5.204532155234781e-05,1.9734967358319258,1.9734981117283632,2.3682890245199157
86,6.025240123034985e-06,-0.046892632287955274,-0.04686802846089329,2.5981407155705592e-05,5.2045755303230246e-05,1.9590665368609317,1.9590666563597028,2.381550542595763
87,5.2035755698171465e-06,-0.04689358425157071,-0.046868033707141876,2.6016227948279477e-05,5.20460307598114e-05,1.9592714610911175,1.9592714610911177,2.3555022723858148
88,6.109088196183569e-06,-0.04689453522141291,-0.04686803866118257,2.601597096838583e-05,5.20471789643151e-05,2.075198735156804,2.0751987351568055,2.365941580390783
89,6.391431768125743e-06,-0.04689296836030387,-0.04686804488301277,2.5997312773842814e-05,5.20460307598114e-05,2.1185168466375637,2.1185168466375672,2.401135568479634
90,6.525026964260427e-06,-0.0468924963929356,-0.046867892841780834,2.598169361569127e-05,5.204533508951226e-05,1.9642386578869495,1.964238657886949,2.367196295977315
91,6.853392200325138e-06,-0.046892500884076004,-0.04686789597472289,2.5981271576788785e-05,5.2046935861554955e-05,1.9597015301971221,1.9597009680742576,2.355642540775081
92,7.192546983892542e-06,-0.04689629064694668,-0.04686790332198142,2.591280228255248e-05,5.20443612676072e-05,1.9493771666380488,1.9493792139250865,2.365698879094506
93,5.44015017795555e-06,-0.046894404162880154,-0.04686790704727173,2.601602769086597e-05,5.204691559362873e-05,1.97289282672459,1.9728943697999926,2.3580347830339736
94,5.558009672587668e-06,-0.046894409304250796,-0.046867914497852325,2.6016170326645308e-05,5.204502652072368e-05,1.954814648268051,1.9548203691828083,2.3810519730614805
95,5.676785224985922e-06,-0.04689441497016739,-0.046867918223142624,2.601598656389335e-05,5.2046240818191813e-05,1.9764807542887688,1.9764804421161386,2.3721346060850697
96,5.9132646549150155e-06,-0.04689442022567914,-0.046867925673723214,2.601624408584165e-05,5.204420091360629e-05,1.970637500137192,1.9706372886971013,2.357368294860091
97,7.78491939201315e-06,-0.046891586891871694,-0.04686792939901352,2.5912502105927564e-05,5.20460307598114e-05,1.9772969772323685,1.9772990093559808,2.370538950056335
98,6.970413470809361e-06,-0.0468953768457877,-0.046867935801908976,2.598156902965354e-05,5.204335315465297e-05,1.975788593730526,1.9757872317105276,2.3644262208246367
99,5.203499038852046e-06,-0.04689443565487842,-0.046867939941032236,2.6015840441227714e-05,5.204666461199048e-05,1.9791845770943388,1.979186044102428,2.349551984592262
100,5.796086561312199e-06,-0.04689349391471711,-0.04686794430017471,2.6016223277290922e-05,5.20460307598114e-05,1.9698514607105897,1.9698486684305478,2.3747684884191904
101,5.5585420599470044e-06,-0.04689349983127672,-0.046867949419793095,2.601600458124943e-05,5.204645764250726e-05,1.974665021989338,1.9746642253979552,2.396746325140732
102,5.320612143256219e-06,-0.04689445087495751,-0.0468679554760456,2.6016306640607325e-05,5.204540905887067e-05,1.976906045816915,1.9769026965161083,2.3661030682766913
103,8.710316500881267e-06,-0.04689729531509271,-0.046867959505599396,2.5808587708825946e-05,5.204742657687056e-05,1.9740154266243706,1.9740103177610693,2.391881749486592
104,7.429328867599875e-06,-0.046896354039756845,-0.0468679666519165,2.591281696347693e-05,5.204487392212326e-05,1.9791654555310316,1.979161830684805,2.3694773297799645
105,5.7952828472872115e-06,-0.04689352055282424,-0.0468679703772068,2.6016158271516887e-05,5.20460307598114e-05,1.9674832172815693,1.9674846624994475,2.361927569114413
106,5.321129546099349e-06,-0.04689447218272853,-0.04686797632624818,2.6015570334735105e-05,5.2045974001109496e-05,1.9585324418870325,1.9585301090332867,2.367234838819532
107,8.021030737321966e-06,-0.046891639327551075,-0.0468679815530777,2.5912814333096108e-05,5.20460307598114e-05,1.9536596969279418,1.953658996045497,2.348930005898371
108,7.902688288155152e-06,-0.04689637509524507,-0.046867985489815855,2.5912558385422202e-05,5.204798984682901e-05,1.9710630438068784,1.971065364363257,2.356329983007264
109,6.496923041464292e-06,-0.04689259662513727,-0.046867992728948586,2.5981943271971844e-05,5.204603075981834e-05,1.9683574253728102,1.9683554552752422,2.3656681661275134
110,6.031127596830483e-06,-0.046894493306243935,-0.04686799645423889,2.6016077553602998e-05,5.204632973968698e-05,1.9799858116899123,1.9799859128580384,2.384203326617545
111,8.59139756080881e-06,-0.04689071442788018,-0.04686800390481948,2.5808227381765273e-05,5.204342567804304e-05,1.96931498510687,1.969316492858734,2.3484450828195604
112,5.913062034820801e-06,-0.04689450383300444,-0.04686800763010979,2.6016056906042703e-05,5.20460307598114e-05,1.9730735009533842,1.9730739172424447,2.364501836124644
113,7.325102370447145e-06,-0.046892617210632294,-0.04686801493984218,2.5981676562636665e-05,5.204320461147521e-05,1.960988431564595,1.9609860861037054,2.3505883488512174
114,7.3121406198544715e-06,-0.04689640736780638,-0.04686801880598068,2.5912617931869456e-05,5.20460307598114e-05,1.9621191618241431,1.9621126948959409,2.3675403702337467
115,5.4406042152921525e-06,-0.04689452015597613,-0.04686802430857796,2.601617616942729e-05,5.20442534528362e-05,1.9687387549352524,1.9687372097338955,2.3486089552193645
116,6.4975152804054454e-06,-0.04689263276466321,-0.046868029511115766,2.598161756701891e-05,5.204650149562284e-05,1.977248943115434,1.9772489431154336,2.3719557046331823
117,6.378808646012402e-06,-0.04689263835856465,-0.046868034394227945,2.5981731631901263e-05,5.2045343673749744e-05,1.9773374163486679,1.9773374163486683,2.3767910627412987
118,5.781659448995667e-06,-0.04689453605397901,-0.04686803946729798,2.6015743624758356e-05,5.2047187203072e-05,2.069608835772978,2.069608835772981,2.3682970932008036
119,5.626591023403485e-06,-0.046894434550174356,-0.04686804488301277,2.601771035660365e-05,5.20460307598114e-05,2.1197244073229413,2.119724407322942,2.401584326686093
120,5.396026681967731e-06,-0.046893442964094846,-0.04686789253011442,2.6016373725124554e-05,5.2045646755934094e-05,1.9350673580881537,1.9350673580881537,2.389639398565022
121,6.970880415504291e-06,-0.046895340356544316,-0.046867898175920596,2.598103522268376e-05,5.204630319346343e-05,1.9528304299712613,1.9528304015001525,2.351324215896058
122,7.207353134588053e-06,-0.04689250647218226,-0.04686790332198142,2.5981756147034026e-05,5.204603075981834e-05,1.9615312054857006,1.9615317974464053,2.34659572806353
123,7.312155267483616e-06,-0.04689629706746784,-0.04686790797464113,2.591231798461593e-05,5.2046387415863316e-05,1.9723476132721633,1.972354367804443,2.367703608285149
124,7.089306624311516e-06,-0.04689251707022392,-0.04686791449785232,2.5981878464252825e-05,5.204438627286895e-05,1.9721554850718326,1.972156411232888,2.3805131574181773
125,6.852384086548273e-06,-0.04689252265709091,-0.046867918223142624,2.5981565586485423e-05,5.204603075981834e-05,1.971463186367277,1.9714631975522483,2.3874181710239637
126,8.021021593038375e-06,-0.046896312267571585,-0.046867925673723214,2.591266271264903e-05,5.204306283560639e-05,1.98257451732134,1.9825772668359687,2.3756373821853116
127,6.852802426344674e-06,-0.046892532972561,-0.04686792939901352,2.5981770165444675e-05,5.20460307598114e-05,1.9704963465750183,1.970499390617296,2.3649656642718977
128,5.439855937848817e-06,-0.04689443090806612,-0.046867935107860435,2.6016186806464404e-05,5.2044348355505254e-05,1.9797606010444335,1.9797623515601388,2.3594936278879852
129,7.4300787408443095e-06,-0.046896328436797606,-0.04686794057488441,2.591265605083104e-05,5.204603075981834e-05,1.9742398050498935,1.9742417513495325,2.3459314189186737
130,6.7338599808409e-06,-0.04689538702791446,-0.046867944300174706,2.5981700156006202e-05,5.204603075982528e-05,1.974793289471801,1.9747945476922004,2.3705170624623837
131,6.851937448053984e-06,-0.04689255441675519,-0.0468679514014827,2.5981363907263265e-05,5.2046270157243835e-05,1.9600695640798753,1.9600680949067937,2.3891257219225777
132,5.5585150928820835e-06,-0.04689445152035626,-0.04686795547604561,2.6016096037833644e-05,5.20460307598114e-05,1.9727603103005955,1.972757966131556,2.396743839969691
133,6.838457725867954e-06,-0.04689634945336206,-0.04686796116643507,2.591243304642977e-05,5.204627643397297e-05,1.9634651622649881,1.9634686133863453,2.3916423996448026
134,9.183375033812145e-06,-0.046890677367360946,-0.046867966651916504,2.580892223716576e-05,5.204603075981834e-05,1.9624481688614432,1.9624480478188315,2.350387478709562
135,6.733846740889659e-06,-0.046892575195149756,-0.04686797118343204,2.5981974040984677e-05,5.204522453457899e-05,1.974531271388774,1.97453212841884,2.3714195525117234
136,8.257148387947225e-06,-0.04689636421381641,-0.04686797488550436,2.591221931942196e-05,5.204621899783379e-05,1.9686344526342223,1.968636645759919,2.3539821065032447
137,6.734247080984062e-06,-0.046895424259214016,-0.0468679815530777,2.5982023843899907e-05,5.20460307598114e-05,1.9808774555819084,1.9808788824524837,2.3554563022908845
138,7.549622091351209e-06,-0.04689164374635448,-0.046867985278367996,2.5912405770611568e-05,5.2046750579196055e-05,1.9763901900028187,1.9763918042678223,2.358696986524334
139,8.710454092966699e-06,-0.046897327076836456,-0.04686799272894859,2.5808723279494163e-05,5.204603075981834e-05,1.9757128077712232,1.9757076664004565,2.365541648510728
140,5.552596437784446e-06,-0.04689260055247079,-0.04686799645423889,2.5981835924519553e-05,5.20460307598114e-05,1.9850363916452634,1.9850360601223986,2.3545958320675147
141,5.676421148371451e-06,-0.04689355249714837,-0.04686800366485692,2.6015592552789446e-05,5.204254543208359e-05,1.9719917657997086,1.9719938277679838,2.3808651883816196
142,8.034207033218241e-06,-0.046895449368025435,-0.04686800763010979,2.5981626559528166e-05,5.20460307598114e-05,1.9706192059247034,1.970618705342996,2.3475622916247976
143,7.08925342930235e-06,-0.046892616384641574,-0.04686801342896414,2.5981674294354796e-05,5.204395719575483e-05,1.9639183224188197,1.9639171245872706,2.3345683214176196
144,7.784071178895765e-06,-0.046896406176900475,-0.046868017822375256,2.5912487593902647e-05,5.2047014365237676e-05,1.9739978902128825,1.9739881443199445,2.348409908853112
145,5.795035224574329e-06,-0.046893573468835145,-0.04686802349933157,2.601630620171488e-05,5.204506269922832e-05,1.9685805704459252,1.9685805398772946,2.3702249229223886
146,5.558926778894863e-06,-0.04689357858285274,-0.04686802817717568,2.6015842922789437e-05,5.204738321359231e-05,1.9840488229816344,1.984048822981635,2.3851270708590464
147,6.97069857523693e-06,-0.046895476840812314,-0.04686803411551982,2.5981726033247703e-05,5.204562238187577e-05,1.9882419424724398,1.9882419424724402,2.3667463340723534
148,6.083786034246679e-06,-0.04689358906758887,-0.04686803806603237,2.6015874281305247e-05,5.2047139603599024e-05,2.074930383511355,2.074930383511355,2.3721374200186798
149,5.222842583222008e-06,-0.046894434339184325,-0.04686804488301277,2.601801900535649e-05,5.204603075981834e-05,2.1253438229572716,2.125343822957272,2.3691649248032665
150,5.3906046638522195e-06,-0.04689438906649221,-0.04686789215515276,2.6016311675305532e-05,5.20460217175861e-05,1.978982213651841,1.978982213651841,2.388279425032972
151,5.676420549087612e-06,-0.04689344772703747,-0.04686789734657289,2.6015838329861646e-05,5.2047065511123813e-05,1.9633597075481828,1.9633597075481832,2.371952842615312
152,5.9132306623935705e-06,-0.04689345268954471,-0.04686790332198142,2.6016224385144975e-05,5.204603075981834e-05,1.9803706991959216,1.9803703401109432,2.3732341735249936
153,6.268294296366041e-06,-0.046894404466268615,-0.046867907439646896,2.6016007929421476e-05,5.2046633031127554e-05,1.9742151077458374,1.9742151299312174,2.368112037801652
154,7.088646066818952e-06,-0.046895355438868344,-0.046867914497852325,2.5981906173029914e-05,5.204501389245719e-05,1.9708647680794884,1.9708653593881116,2.351505175236154
155,5.321429882448166e-06,-0.04689346898541106,-0.046867918223142624,2.6015767890723888e-05,5.2046618315482185e-05,1.9841904963535224,1.9841906767454942,2.3730487956080375
156,6.733861252275358e-06,-0.04689252820954781,-0.04686792567372322,2.5981810739150094e-05,5.204403976429017e-05,1.9784680472742133,1.978468336490479,2.3625715073148457
157,7.904028421848351e-06,-0.046896318668600855,-0.04686792939901352,2.591264554111604e-05,5.204653365580708e-05,1.9760440490446962,1.9760508566601669,2.3716565602839994
158,6.852262970010528e-06,-0.046892538834573526,-0.04686793684959411,2.5981782436547073e-05,5.204230546952682e-05,1.9669088883534356,1.9669112225692336,2.327907438577686
159,5.440500739834889e-06,-0.04689443633378416,-0.04686794057488441,2.6015920266996634e-05,5.204603075981834e-05,1.9522736233197846,1.9522725835768262,2.3423893553302686
160,6.97075370978442e-06,-0.04689254862139522,-0.04686794430017471,2.5981486740491293e-05,5.204603075981834e-05,1.9629980624188041,1.962997759641043,2.3630458533126646
161,5.91199540890029e-06,-0.04689350121264934,-0.04686795175075531,2.601589096137355e-05,5.20460307598114e-05,1.97803625995943,1.9780353880502994,2.383889423023591
162,7.5484873169864545e-06,-0.046896344434312065,-0.0468679554760456,2.5912562646085974e-05,5.204603075981834e-05,1.9632234044545847,1.9632225552686449,2.3786569629154495
163,5.796516181310484e-06,-0.04689445807422283,-0.04686796266988865,2.6015875974741498e-05,5.204628749736623e-05,1.9735848397829714,1.9735805779622289,2.3788856340393436
164,5.321017382059324e-06,-0.046893516463536525,-0.046867966651916504,2.6016275717993033e-05,5.20460307598114e-05,1.9629465330762417,1.9629451919232812,2.371294009291932
165,5.205021689683676e-06,-0.04689352196136924,-0.0468679729813891,2.6016186944639588e-05,5.204342657751104e-05,1.954116764077324,1.9541170401288916,2.3742835917675236
166,5.67806335237788e-06,-0.04689447352933812,-0.0468679778277874,2.601596838036148e-05,5.20460307598114e-05,1.9714988488351866,1.9714986883773604,2.370324758770998
167,9.064111877090601e-06,-0.046890693861460296,-0.0468679832661376,2.5808740290910977e-05,5.204431769990914e-05,1.9647528446412361,1.9647524388428965,2.3438975166656064
168,6.142975254058248e-06,-0.04689542939212962,-0.046867987752985396,2.598111673766365e-05,5.204474100234391e-05,1.9515339978442348,1.9515327056084244,2.363981826398234
169,7.44263517476595e-06,-0.04689259678826103,-0.04686799272894859,2.5981984885007334e-05,5.204603075981834e-05,1.9662929063710202,1.9662911699560766,2.3545509663783823
170,5.6768710304286e-06,-0.046894493841737564,-0.04686799691609554,2.6015924725571023e-05,5.204654391430252e-05,1.9750066203772383,1.9750062889143971,2.3632944704665126
171,1.167912081617502e-05,-0.046887876271215094,-0.04686800390481949,2.5282636747673637e-05,5.2044692655399405e-05,1.97430200609078,1.9743022371479964,2.344781424694396
172,6.150411541656224e-06,-0.046894504593801095,-0.04686800763010979,2.601573968830447e-05,5.20462854091755e-05,1.978710278584652,1.9787102166301167,2.3780052779928926
173,5.44095492581191e-06,-0.04689450941511009,-0.04686801508069038,2.6016266795122263e-05,5.2042595245958834e-05,1.9691377807660013,1.9691383277088321,2.332514820134947
174,8.020569104550514e-06,-0.046891676186370225,-0.04686801880598068,2.5912459805970414e-05,5.204603075981834e-05,1.9756863368642525,1.9756845837204726,2.373941136784052
175,5.441012446664293e-06,-0.046894520192079854,-0.046868025561397325,2.6016081377967004e-05,5.204300063347406e-05,1.9713217965867402,1.9713204517073915,2.373628574990413
176,5.912960945142161e-06,-0.0468935790292107,-0.04686802995770026,2.6015996397841836e-05,5.2046054911131234e-05,1.9841283268088505,1.984128758742756,2.3773857722787883
177,5.677103949447273e-06,-0.04689453077254186,-0.04686803455517704,2.601629949356136e-05,5.204518272466235e-05,1.9658704291116158,1.9658705517919202,2.3454403803504174
178,5.7809315239178425e-06,-0.04689453544931929,-0.04686803939266654,2.601582592485232e-05,5.204602742687331e-05,2.0692606873677577,2.069261709302895,2.3811046389510087
179,6.501926802381476e-06,-0.04689516745185843,-0.04686804488301277,2.5997241918944928e-05,5.20460307598114e-05,2.140984751851669,2.1409847518516667,2.362425322317935
180,6.153236648647912e-06,-0.04689344285107846,-0.046867892147538795,2.601639755737069e-05,5.2046029331551114e-05,1.9794027244194452,1.979402724419446,2.3516297186462882
181,6.497262734800106e-06,-0.0468953399169733,-0.046867897891988045,2.5981379677060785e-05,5.204601412886478e-05,1.9773181894563157,1.9773181894563159,2.3481818263245753
182,5.677059601457352e-06,-0.04689345229423185,-0.04686790332198143,2.6016112519180652e-05,5.2045496741301434e-05,1.9635285911934974,1.9635285911934985,2.370625848265271
183,6.851838707655598e-06,-0.0468925121664812,-0.04686790798493993,2.5981094072921444e-05,5.204617766051134e-05,1.9684305724672906,1.9684311225051137,2.3634617862789336
184,9.06508344769984e-06,-0.0468906247600371,-0.04686791449785232,2.5808670688385127e-05,5.204390896866584e-05,1.9782090703068802,1.9782095236341037,2.356021503017598
185,6.6159604692392e-06,-0.04689536089484585,-0.046867918223142624,2.5981469647587233e-05,5.20460307598114e-05,1.9797840873044092,1.979783409301118,2.3534223075172354
186,5.7953153151416485e-06,-0.046893473567319134,-0.04686792525857977,2.6016231804351175e-05,5.2042720612967275e-05,1.9811613289190937,1.9811624159229155,2.37113101707321
187,6.735114168946521e-06,-0.046892532178513364,-0.04686792939901352,2.598126195598216e-05,5.204569365981071e-05,1.9502559312239844,1.9502578055284931,2.373217987998344
188,6.031029102210026e-06,-0.04689443036527695,-0.04686793432770587,2.6016303072499903e-05,5.204482735775978e-05,1.956433359156935,1.9564344147992945,2.358028536839447
189,6.379321753434037e-06,-0.046892543236948414,-0.046867939921372725,2.5981544073441947e-05,5.2045957608055915e-05,1.9853150305917702,1.9853151369136544,2.362797921967826
190,6.969538064529957e-06,-0.04689538618094958,-0.04686794430017471,2.5981739834242793e-05,5.20460307598114e-05,1.9570109658073898,1.9570138017165406,2.378378824302927
191,5.321190858585475e-06,-0.046894445573154024,-0.04686794892134363,2.601568627630289e-05,5.204609179301767e-05,1.9706336979841108,1.9706322035253283,2.385693902080635
192,6.9717221864191774e-06,-0.046892558157724355,-0.0468679554760456,2.598170711693981e-05,5.204476039007838e-05,1.9407333630901638,1.9407345020145808,2.3702350933601393
193,5.441043177303566e-06,-0.04689350994446066,-0.04686795920133591,2.601583959020561e-05,5.204603075981834e-05,1.9450668913477835,1.9450659403046882,2.36114857792607
194,5.2045021898946736e-06,-0.04689351490701447,-0.0468679666519165,2.6016057703396965e-05,5.204254758928856e-05,1.9662621860635288,1.9662613877236172,2.3914345436430486
195,5.439065959434805e-06,-0.046894466203716526,-0.0468679703772068,2.601595414388037e-05,5.20460307598114e-05,1.9638325274260693,1.9638325806991173,2.3921979207825927
196,6.973364398923406e-06,-0.046892578192295795,-0.046867974102497094,2.598168059780596e-05,5.204603075981834e-05,1.9713414913401137,1.971341634918176,2.343307982663001
197,7.547326180344791e-06,-0.04689636927816388,-0.04686798131341665,2.5912576880165333e-05,5.204627042085935e-05,1.9691393440170053,1.969133280327996,2.3866520457563603
198,5.793721381873817e-06,-0.046894481749792445,-0.046867985278367996,2.6016184189013325e-05,5.20460307598114e-05,1.954382298233174,1.9543796935681346,2.3698778249627934
199,8.59166955041606e-06,-0.04689732655676178,-0.046867992559752755,2.5808636210739538e-05,5.20461999556493e-05,1.9678939242990006,1.967893450638754,2.363300070070328
200,7.206253730617721e-06,-0.046895438773009376,-0.04686799645423889,2.5982069829834047e-05,5.204603075981834e-05,1.9684941459661922,1.9684923036070867,2.351828646259289
201,7.088218001180275e-06,-0.04689544451099175,-0.04686800277121565,2.5981199988893505e-05,5.204343907335568e-05,1.9643947536415944,1.964394902341129,2.360051881876836
202,5.79387501529221e-06,-0.046894503153995265,-0.04686800763010978,2.601598513009767e-05,5.204603075981834e-05,1.9725289095156522,1.972528891082653,2.3568123010967854
203,5.3213852618015864e-06,-0.04689450866271565,-0.04686801233766681,2.6016123123949573e-05,5.204504849309205e-05,1.9651581415010484,1.965156891462787,2.362413806207891
204,5.557772225913006e-06,-0.046894514153329424,-0.0468680187887645,2.6015869698724246e-05,5.204604797599127e-05,1.9783451720123808,1.9783462629274353,2.371350300472118
205,6.970265593979615e-06,-0.046895465653472884,-0.04686802392524364,2.5981735750185675e-05,5.2044636787158816e-05,1.9636902847132345,1.9636908750712903,2.3704700619592445
206,7.2065041551407535e-06,-0.04689547055636818,-0.046868028047708614,2.5981527849270685e-05,5.2045956653763714e-05,1.970278292440567,1.9702791456785291,2.344756142348128
207,7.193270284723765e-06,-0.04689169183817529,-0.046868033707141876,2.5912875571882885e-05,5.20460307598114e-05,1.9846088638705974,1.984607344577393,2.345325705951301
208,6.464191345337657e-06,-0.046894535620191025,-0.04686803978883991,2.601563706994465e-05,5.204601119526697e-05,2.079151001994812,2.0791507379025775,2.3270052487781134
209,6.883893609037473e-06,-0.0468922356113655,-0.046868044883012765,2.5955848740628117e-05,5.204603075981834e-05,2.1124355242855746,2.112434930854783,2.3886671042005903
210,6.708360846557171e-06,-0.04689533520420102,-0.04686789223384475,2.5981957822856864e-05,5.2045943025602615e-05,1.981408472531393,1.9814090082219118,2.367514424177446
211,6.031594622960505e-06,-0.04689344750715608,-0.046867896507529136,2.6015677823387558e-05,5.2047061360943614e-05,1.9535056834720248,1.9535076263510662,2.362038874941734
212,6.497344861696282e-06,-0.04689534493544603,-0.04686790332198142,2.5981832957296644e-05,5.204603075982528e-05,1.9623010759529427,1.9623023122369865,2.394218110421519
213,5.557568197435098e-06,-0.0468934583347818,-0.04686790840472319,2.6015908848516456e-05,5.2044673308354605e-05,1.9714654761950083,1.971464933537694,2.383608206086782
214,9.064777943749594e-06,-0.04689724774451015,-0.04686791449785232,2.5808700268860437e-05,5.2043528774387005e-05,1.9601477068970197,1.960145345082553,2.354230086321113
215,5.558021056331719e-06,-0.04689441429709711,-0.046867918223142624,2.601602923295354e-05,5.20460307598114e-05,1.9810384556640788,1.9810381978987288,2.3545170777079116
216,5.676857815815084e-06,-0.046894420026878506,-0.046867925590396375,2.6016087263473875e-05,5.204348338702647e-05,1.9581489477735756,1.958148947773576,2.348925411839505
217,0.0006911290199799342,-0.046893479447877646,-0.04686792939901352,2.601608001051795e-05,5.20460307598114e-05,1.969268617019912,1.9697346285181625,2.3788177891251037
218,0.0010597759856228535,-0.04689537689921286,-0.046867936370887306,2.5981621054360714e-05,5.204278417632324e-05,1.963284374814211,1.963884041112712,2.366701122464111
219,0.0010552678909727157,-0.046891597534908076,-0.046867940574884415,2.591227058753744e-05,5.20460307598114e-05,1.9662797075037721,1.9659288717998327,2.3662275833345303
220,0.0003706632256979943,-0.0468934945607474,-0.04686794430017471,2.601586625290224e-05,5.20460307598114e-05,1.9668117752746606,1.9665973200525255,2.3886054643434744
221,7.312722940079112e-06,-0.04689633887073474,-0.04686795078282845,2.5912302633158512e-05,5.204642061857473e-05,1.9577078031170672,1.957704045632203,2.364706690547055
222,5.558472830738042e-06,-0.046894451265341586,-0.0468679554760456,2.6016358155635517e-05,5.204603075982528e-05,1.9552818975408173,1.9552825704842578,2.3757917235818824
223,7.1921540152309724e-06,-0.0468916186922354,-0.046867960332749856,2.5912423929912633e-05,5.204664913587703e-05,1.9463174247341757,1.946317737043693,2.3620966770140077
224,5.322292596066619e-06,-0.04689351583062094,-0.046867966651916504,2.6016112490266498e-05,5.204538008789922e-05,1.9505369711742913,1.950538494983423,2.374042210408684
225,5.557151554656556e-06,-0.0468935212861676,-0.04686797059899616,2.6016170874535736e-05,5.204580897046063e-05,1.9772710891946343,1.977272997559262,2.374737479608675
226,1.0658260015244104e-05,-0.04689920319150979,-0.04686797666178695,2.5494270908119014e-05,5.2046799705503244e-05,1.9859676133508748,1.9859700055571583,2.3857706858222016
227,6.969650904030645e-06,-0.04689258592492933,-0.0468679815530777,2.5981973783153872e-05,5.20460307598114e-05,1.968463076523204,1.968461832250936,2.3634862395619156
228,7.443700079893504e-06,-0.04689259053837697,-0.046867986201212575,2.5981241432316966e-05,5.2046089918766913e-05,1.9629446039295262,1.9629453641734562,2.3714217066605445
229,6.030881352360195e-06,-0.04689354254516483,-0.04686799272894859,2.601636834006915e-05,5.204603075981834e-05,1.9712717207015766,1.9712711419066917,2.36952116196092
230,7.325700122378235e-06,-0.046892601076051865,-0.04686799645423889,2.5981435764275268e-05,5.204603075981834e-05,1.9659594619870113,1.9659612393521235,2.374596771965138
231,5.794303965210116e-06,-0.046893552976252285,-0.04686800390481949,2.6015468577307344e-05,5.204331474762541e-05,1.9726289314580394,1.9726263010789253,2.3809389274736974
232,6.4975133071606594e-06,-0.04689545007139934,-0.04686800763010979,2.5981450817972275e-05,5.204603075981834e-05,1.9738644461582884,1.9738646386021124,2.3837745829294015
233,6.498076151201108e-06,-0.04689545549633564,-0.046868015080690384,2.598152773402381e-05,5.204230546951988e-05,1.9653681747305223,1.9653676199596868,2.383971106337449
234,5.557775142278669e-06,-0.046894514171618454,-0.04686801880598068,2.60158898774852e-05,5.204603075981834e-05,1.9716837041029667,1.971683849403992,2.3538568072579555
235,6.85204593276655e-06,-0.04689262753811868,-0.04686802363071755,2.5981851149081504e-05,5.204493131324983e-05,1.966533881014901,1.9665338810149011,2.388763714775239
236,6.6158877347367885e-06,-0.04689263257335325,-0.04686802953775682,2.598140935884467e-05,5.2045598419189765e-05,1.966428185415928,1.9664276710066877,2.3643283153937693
237,6.378760763405646e-06,-0.04689263832549293,-0.046868033707141876,2.5981944762023206e-05,5.204603075981834e-05,1.97625298006987,1.976252126490861,2.3262661485831027
238,7.4703543818588e-06,-0.04689169675298781,-0.04686803862781071,2.59126175497738e-05,5.2047683716742454e-05,2.0510032595328953,2.050999953100718,2.3841046041550595
239,5.271815154461745e-06,-0.04689370134985915,-0.04686804488301277,2.6017913843240424e-05,5.20460307598114e-05,2.1352296034203397,2.13522874291249,2.361424356553261
240,9.517908169136002e-06,-0.046890604301020516,-0.046867893132242586,2.5808783600601843e-05,5.204504462776732e-05,1.9574001520057425,1.957403566733112,2.374195134909722
241,7.666387123510586e-06,-0.046896286399021284,-0.04686789749210675,2.5912331051773917e-05,5.2046922013271324e-05,1.9707776411781157,1.9707805485217404,2.3405855897048267
242,5.439258471286278e-06,-0.046894398586712814,-0.04686790332198143,2.6016298934110833e-05,5.2045556501303936e-05,1.967863171802377,1.9678613659237192,2.3666076275348034
243,5.795484109846235e-06,-0.04689345783304694,-0.04686790704727173,2.6016015822295937e-05,5.204637434631787e-05,1.9649335816133529,1.9649351620344244,2.376728613939912
244,6.03202334319149e-06,-0.046893463073031966,-0.046867914497852325,2.6016310791805526e-05,5.2044215763324964e-05,1.9791722129973142,1.9791723258417018,2.3817374208425974
245,6.031590285272528e-06,-0.04689346895786474,-0.046867918223142624,2.6015943054116654e-05,5.20460307598114e-05,1.9519002975670432,1.9519019680563805,2.357016693742724
246,0.0009210383399163739,-0.04689442003383174,-0.046867925673723214,2.6016349816554494e-05,5.204273975992907e-05,1.9671278779783472,1.967321400663332,2.399380662357037
247,0.0038633348485342988,-0.046894424992093356,-0.04686792939901352,2.6016063057168187e-05,5.20460307598114e-05,1.9726850466461232,1.9699506173271395,2.360397116529444
248,0.0029953560953953355,-0.045610571402169196,-0.03283719479246666,0.0033643898315581598,0.014082784362596974,1.9823879111753242,1.9875131607312237,2.328215021592512
249,0.006406344708241326,-0.04670961040518337,-0.037722654285083604,0.001231214272004439,0.00919733162708998,1.9673214861783237,1.9717815929324627,2.3467916618830644
250,0.009476937728835342,-0.04689349333424565,-0.046867944300174706,2.6016330861655042e-05,5.204579050977626e-05,1.9477567389149724,1.9518467664974737,2.3782499591068134
251,0.007683930619944999,-0.04689444575577486,-0.046867948563872754,2.6015793962993943e-05,5.2046689584160644e-05,1.9888362334541925,1.992457651789182,2.3564001502598075
252,0.004073802890535445,-0.046895396873257895,-0.0468679554760456,2.598187713557603e-05,5.204554320323296e-05,1.986388430403025,1.9823416582383462,2.3397541639381347
253,0.0011128031209921665,-0.04689445640163602,-0.04686795920133591,2.601631339428232e-05,5.204656205276548e-05,1.9582647812566214,1.9582874861065802,2.3615568732922787
254,7.548415028890924e-06,-0.04689162287429345,-0.046867966651916504,2.591274100899087e-05,5.204468779873572e-05,1.9737937934699994,1.9737933067491609,2.3968755150456333
255,5.676674661299584e-06,-0.04689446672145951,-0.0468679703772068,2.6016201833197436e-05,5.204603075981834e-05,1.9762017222516841,1.9762041339366536,2.3709042504187066
256,8.257858987765677e-06,-0.04689163336032375,-0.04686797447467054,2.5912609989684864e-05,5.2048134842754e-05,1.9581059458067183,1.9581086854399372,2.3769619337505494
257,5.911870995672149e-06,-0.046893532001596794,-0.0468679815530777,2.6016215624740136e-05,5.20460307598114e-05,1.9507182629814503,1.9507203948677754,2.3843491815272113
258,5.6768544735304545e-06,-0.0468944830888811,-0.04686798601401458,2.6015991875287708e-05,5.20479478476818e-05,1.9580805739906118,1.9580794802079298,2.3932893531455965
259,8.141518137298116e-06,-0.046896381540101895,-0.04686799272894859,2.5913049925944595e-05,5.20460307598114e-05,1.9679757658576147,1.967975863125891,2.394639728301329
260,7.902588107206189e-06,-0.04689165499384528,-0.04686799645423889,2.5912462353635455e-05,5.204606873687734e-05,1.9662758377720275,1.9662761811269909,2.3728449951396025
261,6.15065054231661e-06,-0.046894499054122546,-0.04686800390481948,2.601569246784851e-05,5.204438573151032e-05,1.9556501712494667,1.9556500365856118,2.3605545812728947
262,5.557491514156934e-06,-0.04689355816575844,-0.04686800763010979,2.601607573727431e-05,5.20460307598114e-05,1.9816930129811947,1.9816936389888735,2.369860957112881
263,7.784461237630893e-06,-0.04689167088864858,-0.046868014857360016,2.5912796488960566e-05,5.204332314033555e-05,1.9605698341501772,1.9605727436781593,2.395123107920082
264,5.5585148859154706e-06,-0.046894514786217104,-0.046868018805980675,2.6015895848797035e-05,5.204603075981834e-05,1.988872836089018,1.988874494945578,2.3828532276852465
265,5.440775412462866e-06,-0.04689452006855379,-0.04686802519401638,2.6016147895088015e-05,5.204336801441917e-05,1.9656665231211305,1.9656677200406398,2.3600033260107276
266,6.734142481682245e-06,-0.04689263266071673,-0.0468680295634331,2.5981449695120908e-05,5.2046029085747736e-05,1.9712742827462661,1.9712762964984756,2.3673889433733573
267,8.828963589801576e-06,-0.04689736941959403,-0.046868033949194005,2.5808949566356102e-05,5.204578870768306e-05,1.9706990247963616,1.9706997382206066,2.392375280211354
268,5.571181762019988e-06,-0.04689453545168553,-0.04686803878644865,2.6015796942748268e-05,5.2047563262609675e-05,2.071726872514572,2.071727258959119,2.3865696601508
269,6.355388921543342e-06,-0.046895167384918564,-0.046868044883012765,2.599719619870744e-05,5.204603075981834e-05,2.1325650270631273,2.132565875971414,2.3909611315494756
270,5.951427857008424e-06,-0.04689533536062766,-0.04686789223708207,2.598166076420358e-05,5.204593978827554e-05,1.9817073150177098,1.9817079146834433,2.3326700889487544
271,5.795050275750491e-06,-0.04689439428540216,-0.04686789887711508,2.6015855006299936e-05,5.204627426504127e-05,1.972729675213828,1.9727309275252072,2.3367244738231516
272,8.13974254858959e-06,-0.04689156054936995,-0.04686790332198143,2.5912718560146096e-05,5.20460307598114e-05,1.9769102552012456,1.9769159016827873,2.3725233918548785
273,8.035748388007134e-06,-0.04689535156028599,-0.04686790926886469,2.5981417379771072e-05,5.204691994140087e-05,1.9658673783031333,1.9658680770385797,2.379862770034015
274,7.311678476393154e-06,-0.04689157170132535,-0.04686791449785232,2.5912627865189394e-05,5.204603075982528e-05,1.968239408851939,1.96823851238136,2.3799812911861595
275,7.089733648789268e-06,-0.04689536268699514,-0.046867920627211984,2.598140366253489e-05,5.204686623676985e-05,1.957405067731847,1.9574044046580985,2.37455481821054
276,0.0009200927892627466,-0.04689347526365954,-0.046867925673723214,2.6016233050987057e-05,5.204603075982528e-05,1.959233915414882,1.959187226629461,2.3843635045543095
277,0.005296216975005005,-0.04570907150609819,-0.02640314669569238,0.004253089533201634,0.02051683116414571,1.9609316038520432,1.964375398106422,2.3157911451088626
278,0.011370704780240635,-0.037756893258348426,-0.01717224770049823,0.010129884860673908,0.029747733491762338,1.9658239194328784,1.9684343320456739,2.336086109269969
279,0.005643750145820052,-0.03552763511248791,-0.017172250486413326,0.0119881796174442,0.029747736119230907,1.9620519574826458,1.9833472546042894,2.364011295108322
280,0.011086342318637404,-0.03356003727942194,0.004982327480823891,0.014959988922017704,0.05190231781175842,1.9824761194878575,1.9999706541426914,2.352335628092724
281,0.007508233537258619,-0.036670954899386425,-0.0019923814023522753,0.013129906970956177,0.04492761265387255,1.9604604861003365,1.9777965987365038,2.368194748190462
282,0.009201243654220485,-0.04594804941321824,-0.020505550456270394,0.004002234215831257,0.026414447325244735,1.9768920711479248,1.9879519016634002,2.3664114915708456
283,0.003841242055397302,-0.046895401084341364,-0.0468679592013359,2.598144423494808e-05,5.204603075982528e-05,1.9634930589027924,1.971675664645684,2.358499592020636
284,6.0305878515078975e-06,-0.046893514523156585,-0.04686796533146082,2.6016076008988647e-05,5.2043625925202175e-05,1.9618903920398099,1.9618914323764223,2.3844343525304126
285,7.326561110065474e-06,-0.04689541204641001,-0.046867970377206795,2.5981717838457944e-05,5.204603075981834e-05,1.9585547221595025,1.9585532674926924,2.364420195144014
286,5.676830091074303e-06,-0.04689352373467577,-0.0468679741024971,2.60160048674071e-05,5.204603075981834e-05,1.9476206301622279,1.9476196395295486,2.377929381532601
287,7.325317789458636e-06,-0.046895421979412204,-0.04686797954800713,2.598120224383563e-05,5.204710529680551e-05,1.9574995093581886,1.957500684222335,2.362046886777729
288,5.320822923299492e-06,-0.04689448064033507,-0.046867985278367996,2.6016229186271984e-05,5.204554873107503e-05,1.9692939608846005,1.969293338693277,2.377776209055329
289,5.676761516468898e-06,-0.04689354046640409,-0.04686798910067719,2.6015653917337567e-05,5.204663565610418e-05,1.9673173987350105,1.967315864643836,2.342038718679695
290,5.204019048414844e-06,-0.04689449165023441,-0.046867996454238885,2.6016199904709048e-05,5.204559984495899e-05,1.961834093934716,1.961833778995508,2.3421499702809934
291,8.021842991078296e-06,-0.0468963901606523,-0.04686800051345286,2.5912288128441914e-05,5.2045696836151845e-05,1.9774804393833887,1.9774826683905544,2.3691661548434206
292,8.474071389151068e-06,-0.046890717612567724,-0.04686800763010978,2.5808340236321668e-05,5.204434306196881e-05,1.9620803674982001,1.9620813106537098,2.3267066899269393
293,5.2038041615861385e-06,-0.04689356212020256,-0.04686801137558346,2.6016205888952225e-05,5.20460105764356e-05,1.974959121781292,1.9749596204382114,2.3290705032716144
294,7.784230073088136e-06,-0.04689640578202388,-0.046868018171701456,2.59121558708688e-05,5.2046665039030826e-05,1.9722755124594358,1.972272895368956,2.3616069129123867
295,5.32105869838068e-06,-0.046894519549580675,-0.04686802329487988,2.6016354091024113e-05,5.2045267150920005e-05,1.9670767155534612,1.9670786799241875,2.3240447711907306
296,7.4296643677926875e-06,-0.04689641675664708,-0.04686802761997051,2.5912425818644666e-05,5.2047220911642655e-05,1.9610435614327897,1.9610479770364777,2.377129333143275
297,7.4430204636943704e-06,-0.04689263811474092,-0.046868033707141876,2.598186710311139e-05,5.204603075981834e-05,1.967389460942197,1.9673913361644726,2.3792577865794415
298,7.1145815672936004e-06,-0.04689642764458997,-0.04686803900093439,2.5912266301717455e-05,5.204677590567308e-05,2.059558013816278,2.059554464235296,2.384242203417564
299,6.712432693191475e-06,-0.04689370144721471,-0.046868044883012765,2.6017914322975135e-05,5.204603075982528e-05,2.1301853602942513,2.130185874756443,2.3959231266963625
300,7.0929819338929295e-06,-0.04689249661375653,-0.04686789232120312,2.5981861573353115e-05,5.204585566723208e-05,1.9775881506601252,1.9775876708363207,2.3495604011578832
301,1.1485943340601254e-05,-0.04689912528956258,-0.046867897909894755,2.549430029510476e-05,5.204771755619453e-05,1.956174000643168,1.9561742682754621,2.372672527782443
302,8.710199673103125e-06,-0.046890614536484146,-0.04686790332198142,2.58089957931312e-05,5.204603075982528e-05,1.970381435397382,1.970377163884968,2.376298871657462
303,5.786957945360243e-06,-0.046892513294591924,-0.04686791000511651,2.598134938672433e-05,5.204679820532826e-05,1.9600133996587956,1.9600114608891108,2.361268362814792
304,6.733719025923889e-06,-0.04689251828013685,-0.046867914497852325,2.5981783276694475e-05,5.204603075981834e-05,1.9554094070221204,1.9554089007785704,2.354851204669188
305,6.148232455462445e-06,-0.046893470609711704,-0.046867920021625126,2.601578973348601e-05,5.2047894944486084e-05,1.966032698584111,1.9660332531574833,2.3687284915428473
306,0.0009219783877096841,-0.04689536783052942,-0.04686792567372322,2.5982007935350595e-05,5.20460307598114e-05,1.9697589078797906,1.9695396324007883,2.3308734515258394
307,0.006038346344676559,-0.04689253541015138,-0.04686793154492116,2.598151320655592e-05,5.204654418596716e-05,1.9621061596373928,1.961644256571,2.3235535429119465
308,0.00823434851239462,-0.03957702740791279,-0.017899213430229113,0.00968901462083766,0.02902076730315313,1.9746208125484799,1.9794269475297928,2.331099306680572
309,0.0036488268934557915,-0.03854365730168303,-0.016102444283016316,0.010852257956682477,0.03081754232262791,1.966519911769892,1.9620470904367326,2.372377148471227
310,0.03015867009182599,-0.019460829326945702,0.019315117543861993,0.01944633697042546,0.06623510414950623,1.9749731531695909,1.9917569329987752,2.4023600427893266
311,0.04136732984978843,-0.014222143605758731,0.026228176397706415,0.025145702221120426,0.0731481670143662,1.9764373552378696,2.0336170330546475,2.3469828029334234
312,0.0125023596207198,-0.033980322440878875,-0.017172260441345653,0.012898467355552714,0.02974773660086569,1.9901360639127177,2.05923126747357,2.3159171055349597
313,0.003840061473585386,-0.04689445167061715,-0.04686795547604561,2.6016324715473453e-05,5.204603075981834e-05,1.9456035517324028,1.9523165617069125,2.362959306244606
314,5.205881688289475e-06,-0.04689445786951525,-0.0468679621621166,2.6016008343995582e-05,5.20467952694198e-05,1.9628216336165292,1.9628216336165298,2.3599450920276954
315,5.792975486709814e-06,-0.04689446273239586,-0.0468679666519165,2.6016116640444322e-05,5.204603075982528e-05,1.9635210311937712,1.963521031193772,2.368277483171137
316,6.973041054128416e-06,-0.046892575812747354,-0.04686797327378128,2.5981606098005766e-05,5.2043172995695774e-05,1.9653038811448416,1.965303881144842,2.3550690979420024
317,5.911611496721727e-06,-0.04689447387689827,-0.0468679778277874,2.6016069849627824e-05,5.20460307598114e-05,1.9672723051513648,1.9672708949009456,2.376904448920377
318,8.023205846667376e-06,-0.04689164081180171,-0.04686798422881954,2.5912407154326217e-05,5.204335501797497e-05,1.9741336122377031,1.974131324244528,2.35258898989422
319,6.614752527643613e-06,-0.04689543140748218,-0.046867989003658295,2.598139268459803e-05,5.204603075981834e-05,1.9886268454699492,1.9886273027917831,2.349687761403063
320,6.1510672891387225e-06,-0.046893544502602365,-0.04686799644917315,2.6016153208639473e-05,5.20423850431731e-05,1.9803246840465893,1.9803252881072033,2.3456465361538146
321,5.794016071326081e-06,-0.04689449631938042,-0.04686800017952919,2.6016056949195234e-05,5.20460307598114e-05,1.9669202981663731,1.9669205798658256,2.357418359598598
322,7.205143630225751e-06,-0.04689544735756835,-0.04686800691801787,2.5981151111188725e-05,5.2043110954823335e-05,1.967137936471185,1.9671406083284344,2.3324226450160643
323,6.8534338286647445e-06,-0.046892614768962025,-0.046868011355400085,2.5981562424457363e-05,5.20460307598114e-05,1.98072500704462,1.9807252883649535,2.33939161115625
324,6.388382626883425e-06,-0.04689356592941473,-0.046868015080690384,2.601578553788324e-05,5.204646561271509e-05,1.9643206728519542,1.9643214848562847,2.3537472521646414
325,6.142115044031567e-06,-0.046895464616949184,-0.04686802253127098,2.598184425588363e-05,5.20460307598114e-05,1.9476292837605196,1.9476234954017455,2.365869767256105
326,5.441764825811635e-06,-0.04689357715854004,-0.04686802625656128,2.6016233009192757e-05,5.204650754306317e-05,1.9561774575573085,1.9561731562763898,2.3620892420009825
327,6.852584312662499e-06,-0.04689263720403136,-0.046868033707141876,2.59815319012263e-05,5.204603075981834e-05,1.9693194709989652,1.9693165873138525,2.3477549821225017
328,6.811710676431577e-06,-0.0468954807961615,-0.04686803743243217,2.5981436134853575e-05,5.204746766323404e-05,2.06800730736814,2.0680077797196477,2.379762336979705
329,5.3931449984795715e-06,-0.046894434379094053,-0.04686804488301277,2.6017878654081315e-05,5.20460307598114e-05,2.121025422886759,2.1210237662821645,2.3888798211446516
330,9.328946066527654e-06,-0.04689060432704896,-0.04686789218258919,2.5808806180601823e-05,5.204599428115797e-05,1.9681926983878686,1.9681915791830267,2.353331048337753
331,6.733816560994755e-06,-0.04689250155146805,-0.046867898075232395,2.598113112479192e-05,5.204549091050725e-05,1.966733074987146,1.9667325795118888,2.3834027393686124
332,5.557495441609805e-06,-0.04689439854009293,-0.04686790332198143,2.6016180359221146e-05,5.2044723182369246e-05,1.9520535799254617,1.9520509581483712,2.3547560570927843
333,5.203860755370016e-06,-0.04689345804973338,-0.04686790704727173,2.60158183941801e-05,5.2047314464141736e-05,1.9752313987863908,1.9752310028217739,2.3786133899332826
334,6.85175163510163e-06,-0.046895355564262574,-0.04686791449785232,2.598173543810493e-05,5.2044292707699447e-05,1.9505729179791516,1.9505729179791518,2.371218724080193
335,6.497354659665292e-06,-0.04689536113498905,-0.046867918223142624,2.598129658150379e-05,5.2046689225128395e-05,1.960449724847529,1.9604514552830954,2.338659737122456
336,8.021069388398078e-06,-0.046896312769489884,-0.04686792567372321,2.5912867741779952e-05,5.204460295593627e-05,1.9795704139784156,1.9795724690304288,2.3796927105986017
337,0.0028674380446427603,-0.0468925336333793,-0.04686792939901352,2.598158503920736e-05,5.204603075981834e-05,1.9640987024049088,1.9643662970007199,2.3815395633614425
338,0.004509409783100941,-0.045709085380342164,-0.027814857763330723,0.0036276447030274724,0.019105122913866762,1.9807112539115628,1.977635443457678,2.3470219255452944
339,0.005348260931705236,-0.044978132396695805,-0.028056366135389914,0.004988510475084248,0.01886362047025432,1.976752269722956,1.981667363208372,2.362194797229059
340,0.010314553357681933,-0.0448273321576446,-0.028753009361990153,0.004649617347192121,0.01816698096894438,1.9768159345783298,1.9831168306948537,2.3992128620187096
341,0.00936473217093349,-0.04469969988554201,-0.027320657054713388,0.0051083367599162495,0.01959933818495251,1.9736787506925721,1.989662656750951,2.3638782440560004
342,0.01056414832473536,-0.04689350458264194,-0.0468679554760456,2.6016023154044067e-05,5.204477646533062e-05,1.9716306185616783,1.985968993934503,2.343313508118139
343,0.002733413385319931,-0.04689445608051099,-0.04686795920133591,2.6015968800042814e-05,5.204603075981834e-05,1.969904283502855,1.9785471553962573,2.3644225531742133
344,5.441795927746987e-06,-0.04689446116749684,-0.0468679666519165,2.601621626897808e-05,5.204291844514847e-05,1.960896211743143,1.9608958249978927,2.353279327524801
345,5.320514184451431e-06,-0.04689352029990155,-0.0468679703772068,2.601623431465045e-05,5.204603075981834e-05,1.9614660891940416,1.9614655710854605,2.3642589533563623
346,5.793711029175244e-06,-0.046893525336999836,-0.0468679741024971,2.6015705973636237e-05,5.204703092948071e-05,1.9644510475506411,1.9644510475506407,2.360868655262994
347,6.033741179324479e-06,-0.04689447774897768,-0.0468679815530777,2.6016217779207526e-05,5.20460307598114e-05,1.9776597832528762,1.977659209676839,2.3727425091382703
348,5.795327459487062e-06,-0.046894482192957165,-0.046867985278367996,2.601609716362633e-05,5.204603075981834e-05,1.9626801843955408,1.9626836103554794,2.3791558062331757
349,5.675380604312736e-06,-0.046893542030772624,-0.04686799272894859,2.6015940704115862e-05,5.20460307598114e-05,1.9759529947203553,1.975950561825166,2.3835027813108147
350,7.785225592229326e-06,-0.04689638535589398,-0.04686799645423889,2.5912571742333343e-05,5.204603075981834e-05,1.9811774988267599,1.9811727536343213,2.3733091061237443
351,8.138477139013445e-06,-0.046891660337424645,-0.04686800387279602,2.591237889399467e-05,5.2044291808175935e-05,1.9554534949974323,1.9554572422332082,2.3468651913952345
352,6.378108669354757e-06,-0.0468926114864188,-0.04686800763010979,2.598149102167975e-05,5.204603075981834e-05,1.987179324337024,1.987180297232506,2.3342796267839305
353,6.9721691445975655e-06,-0.046895455332026985,-0.04686801473500366,2.5981603864808676e-05,5.204265115623524e-05,1.9662163528068735,1.966215817493651,2.3752540335415495
354,8.140275315502438e-06,-0.046896406651024444,-0.046868018805980675,2.5912712238950644e-05,5.204603075981834e-05,1.9740265382063364,1.9740256164360335,2.3538076965828547
355,5.439353683987488e-06,-0.04689357344595643,-0.046868023618189945,2.601620251476062e-05,5.204494384084685e-05,1.968657509289472,1.9686563037819709,2.3682075548959323
356,7.074932312137886e-06,-0.04689168612878384,-0.04686802885526198,2.59124135070198e-05,5.20465355587571e-05,1.966723241570174,1.966720894016589,2.3647102609125312
357,5.204235607931712e-06,-0.046893584448668355,-0.046868033881147256,2.6016226963401252e-05,5.204585675443185e-05,1.9587236621430058,1.9587234235259143,2.3727934362871106
358,5.624737088038541e-06,-0.04689453564061475,-0.04686803901380634,2.601560877558682e-05,5.204713387722826e-05,2.0701066875805774,2.0701063296697773,2.364126645622743
359,7.166900994313629e-06,-0.04689296845266803,-0.04686804488301277,2.599725979432987e-05,5.204603075981834e-05,2.130415131980662,2.1304150272820386,2.385446554014814
360,7.843461615743934e-06,-0.046895335182814336,-0.04686789296749152,2.5981701225131127e-05,5.204520937883428e-05,1.9470602228687934,1.9470594822568468,2.3703573192171765
361,6.149217548429376e-06,-0.046894393600634875,-0.0468678973763258,2.601577632147498e-05,5.2045690646707055e-05,1.9693558545084786,1.969357104775391,2.3929210535372283
362,6.615077140474504e-06,-0.04689534448051515,-0.04686790332198143,2.5981748704696006e-05,5.2045464764810534e-05,1.9702199713725395,1.9702199713725397,2.3839871089807247
363,5.558526347846223e-06,-0.046894404184027946,-0.04686790704727173,2.601602332965298e-05,5.204671866938099e-05,1.9525776714682468,1.952577671468247,2.3686140795327395
364,7.326046234752604e-06,-0.04689251685425313,-0.04686791449785232,2.5981652286614476e-05,5.204387207526778e-05,1.9837089739862561,1.9837089739862566,2.368448629439464
365,6.260867196696458e-06,-0.04689536079613977,-0.046867918223142624,2.5981728439773925e-05,5.204603075981834e-05,1.969518123344936,1.9695179530891498,2.3571640581482156
366,7.785477680877232e-06,-0.04689158100158746,-0.046867923995854245,2.591280841741582e-05,5.204398333849558e-05,1.95406760637924,1.954068577705479,2.3687907659556933
367,0.0008655930641160033,-0.046891586445515485,-0.04686792939901351,2.5912313494583407e-05,5.204603075981834e-05,1.9653597919347947,1.9653143315513857,2.387061261801307
368,0.0018144825447554932,-0.0468953766185176,-0.046867935651009204,2.598160603443495e-05,5.2043504054424816e-05,1.9666591786369516,1.9665051204384567,2.345784672224443
369,0.0027507686818110423,-0.04689443547726729,-0.046867940225216245,2.60156079123407e-05,5.204638042798082e-05,1.97225105300307,1.9717336838581487,2.380038657039799
370,0.0028910584048821644,-0.04689065529335058,-0.046867944300174706,2.580890051034643e-05,5.204603075981834e-05,1.9628457779223722,1.9648801581624578,2.349112430142634
371,0.001954130576128431,-0.04689728473823813,-0.04686795060473743,2.580818919859785e-05,5.204557106568142e-05,1.9540485074724174,1.9553776373658522,2.3827492716448595
372,0.0010126878130894553,-0.04689445080295649,-0.0468679554760456,2.601628716424613e-05,5.204603075981834e-05,1.9790271332555367,1.9794547017548973,2.3885867361045596
373,6.970888051674221e-06,-0.04689540292945511,-0.04686796043965305,2.5981386411867938e-05,5.204595727001382e-05,1.9504942663237137,1.950494688266022,2.3575118760100606
374,8.021694703596573e-06,-0.04689162289872754,-0.0468679666519165,2.591278794436605e-05,5.204415629830872e-05,1.974433689974294,1.9744366484997413,2.348772286915834
375,7.207208771878361e-06,-0.04689541300083993,-0.0468679703772068,2.5981782821985912e-05,5.20460307598114e-05,1.9612103714370284,1.9612106101100772,2.3573218855214932
376,6.971601556875049e-06,-0.0468925790898992,-0.04686797438242715,2.5981277953306724e-05,5.2046764308665006e-05,1.968672692131247,1.9686726921312467,2.371883382429068
377,8.492958994129715e-06,-0.046895423740063065,-0.04686798155307769,2.5981535525258623e-05,5.204603075981834e-05,1.9533045698354097,1.9623878143811115,2.373320545104616
378,1.800352614423551e-05,-0.04689448209931562,-0.046867985278367996,2.601598525714707e-05,5.204627715427873e-05,1.9509045092096007,1.9569964999393403,2.360210349410919
379,1.9677402690745046e-05,-0.04689164976685464,-0.046867992728948586,2.5912676605794285e-05,5.204603075981834e-05,1.9712442765654934,1.9824309159731077,2.3767671218483404
380,2.1367723769842227e-05,-0.046894492862248636,-0.046867996454238885,2.601626107295337e-05,5.204603075982528e-05,1.9719278191774967,1.9722899687701638,2.3604598588995502
381,1.1856149236113406e-05,-0.04689544463516699,-0.04686800256572097,2.598107800082233e-05,5.204378200780735e-05,1.9632624596341686,1.9643322347085785,2.355956537288316
382,6.503871482504839e-06,-0.04689450318063042,-0.04686800763010979,2.601631225940538e-05,5.20460307598114e-05,1.9591994058977396,1.9592007539256795,2.381530627873997
383,8.473463137686596e-06,-0.04689072415316521,-0.04686801281514903,2.5808949500603065e-05,5.204457101086468e-05,1.9787075834530055,1.978709303127752,2.3871856393236395
384,5.558176788459105e-06,-0.04689356799363613,-0.046868018805980675,2.6016008711207004e-05,5.204603075981834e-05,1.9793613462470079,1.9793595308505705,2.3770124425302037
385,6.7335672508079515e-06,-0.0468926274631993,-0.04686802364597347,2.5981738750517334e-05,5.2044916057321366e-05,1.969665437292533,1.9696678269731138,2.3721705962229063
386,5.321539954959192e-06,-0.046893578729667984,-0.0468680289575198,2.6015494895778777e-05,5.20457459122492e-05,1.978397556095165,1.9783987629043298,2.3452654231684136
387,5.203444172237706e-06,-0.046893584200944506,-0.04686803371362646,2.6016174497911254e-05,5.204602427523464e-05,1.9629340502034154,1.9629319556023166,2.353376147250124
388,5.610236676558176e-06,-0.04689358918922975,-0.046868038511665155,2.6015959070002856e-05,5.2048140027197154e-05,2.071415338296574,2.071414220417967,2.3657176082764653
389,8.179251660954756e-06,-0.046896633596076924,-0.046868044883012765,2.5893412026368716e-05,5.204603075982528e-05,2.1310122824329096,2.131009893229155,2.3889381057073984
390,8.21434942660092e-06,-0.046891550358343956,-0.04686789240014417,2.5912823794986215e-05,5.2045776726183934e-05,1.97243157340471,1.9724330645229542,2.393345111605258
391,5.32192589189335e-06,-0.04689439405123153,-0.0468678967415303,2.601563343088063e-05,5.204768531669873e-05,1.9663601762660208,1.966360410229515,2.3892097055494856
392,6.149671112260004e-06,-0.04689345281198866,-0.04686790332198142,2.6016204744839656e-05,5.204603075981834e-05,1.9627674879423587,1.962768101935303,2.385613067154336
393,5.795204390748905e-06,-0.04689440480068098,-0.04686790842781169,2.6015956794946258e-05,5.20466428899774e-05,1.9548056743602131,1.9548041413205897,2.3698483243442583
394,5.794902430827941e-06,-0.04689346356416466,-0.04686791449785232,2.6016268272737697e-05,5.2045571994958906e-05,1.9730888728879197,1.973088611947948,2.3596054827738007
395,6.971203355594901e-06,-0.04689536172020755,-0.046867918865011744,2.598144008432087e-05,5.204662778992425e-05,1.9673001261882006,1.9673011379447696,2.3830848125140998
396,6.150261362943228e-06,-0.04689442063005521,-0.04686792567372322,2.6016236078800246e-05,5.204411665758746e-05,1.9738042731725582,1.9738050778277558,2.3338530505819137
397,6.024354894243993e-06,-0.0468925333442176,-0.04686792939901351,2.598172433985246e-05,5.204603075981834e-05,1.9641604979867695,1.9641578055510047,2.366337283406297
398,5.6765121724164474e-06,-0.04689348478080556,-0.04686793628441514,2.601625633629206e-05,5.2042870648486006e-05,1.975988322290873,1.9759858986447483,2.3767795533843343
399,7.903265605113358e-06,-0.0468963285098677,-0.046867940574884415,2.5912705333660888e-05,5.204603075981834e-05,1.960029467438082,1.9600287950350723,2.342637637952697
400,7.891792650868366e-06,-0.046894440428194024,-0.046867944300174706,2.6016219476636805e-05,5.204603075981834e-05,1.966636176131177,1.968884930947872,2.3314097210893436
401,8.835619407013186e-06,-0.04689255417608181,-0.04686795140773316,2.5981440080493752e-05,5.204531160557524e-05,1.9574633975493299,1.9753855492058678,2.362718248971137
402,9.109700304539446e-06,-0.04689255866867682,-0.0468679554760456,2.5981825578994803e-05,5.204603075982528e-05,1.9793116884524011,1.9969362830417023,2.3763420203648433
403,8.399307784409933e-06,-0.04689445719297998,-0.04686795989567494,2.601613556090085e-05,5.2047961140923305e-05,1.9707102502200948,1.983732062488921,2.385512179185298
404,5.795019755334293e-06,-0.046893515744597686,-0.0468679666519165,2.6016306137542697e-05,5.2044899812121737e-05,1.9486757953117015,1.9486727390483471,2.3475939524626988
405,6.268058306863341e-06,-0.04689446742327802,-0.04686797146149493,2.6016255955140688e-05,5.204494647168684e-05,1.9654845965956262,1.965484526915037,2.373696193601429
406,5.91321973261654e-06,-0.04689352614520177,-0.04686797579508835,2.601606795492299e-05,5.204790078453675e-05,1.973166975856293,1.9731681731373267,2.3534338781554545
407,0.001350283003670889,-0.04689447827766854,-0.0468679815530777,2.6016264877167207e-05,5.204603075981834e-05,1.963792599032047,1.9731786940700424,2.340753374276156
408,0.001354828429845919,-0.04689161856793269,-0.046827485303182266,2.8655562577515164e-05,9.254663222461185e-05,1.9710925427632284,2.038083331888002,2.3549684428112316
409,0.0012947907248289558,-0.04685632410087716,-0.04671334064719314,7.496712140527337e-05,0.00020669811251526615,1.9712249256874526,1.9821810400159636,2.3463122079695604
410,2.503790677043262e-05,-0.04688542294056088,-0.04676478983812338,3.9703710727584454e-05,0.00015525264687533263,1.9795683874210641,1.9885891446467105,2.3378034465300326
411,1.3313398344139822e-05,-0.04689355274309829,-0.046868003514267745,2.6015565098878116e-05,5.204269602125666e-05,1.951757599238055,1.9544715666200552,2.3213923981345355
412,6.3798135474804434e-06,-0.046892610956504724,-0.04686800763010979,2.5981545063628778e-05,5.20460307598114e-05,1.955518140976054,1.9555192352991986,2.3742241517606377
413,5.558379924805089e-06,-0.04689356250373815,-0.04686801352687267,2.601603160644155e-05,5.2043859287226324e-05,1.9831742413371931,1.9831749843255932,2.386357616556607
414,5.4408972169594435e-06,-0.04689356747905034,-0.04686801718433267,2.601570019739426e-05,5.204684567038098e-05,1.9754070922916636,1.9754094728100646,2.364037609473172
415,6.6158178219966685e-06,-0.04689546588542266,-0.04686802333009246,2.598179142156324e-05,5.2045231938337155e-05,1.9772723467265751,1.9772715025441994,2.3652580645748906
416,6.970025545492733e-06,-0.04689547083875005,-0.04686802857940245,2.598160896227098e-05,5.204743320894045e-05,1.977795153329185,1.977795153329185,2.3692646409522924
417,5.4395701786467414e-06,-0.046893584369149456,-0.04686803408887861,2.601615381056147e-05,5.204564902308584e-05,1.9847226147416195,1.9847226147416197,2.3450795650530165
418,6.851046702393828e-06,-0.04689264290008172,-0.046868038859900256,2.598137039464886e-05,5.204598900548224e-05,2.0657790130419524,2.0657793985760646,2.389235327316082
419,5.2719369378975025e-06,-0.04689443443061194,-0.046868044883012765,2.6017860795759042e-05,5.204603075981834e-05,2.1102013475711248,2.110200807474473,2.364659555076084
420,5.585548534119199e-06,-0.04689344282296535,-0.04686789241737404,2.6016087198984703e-05,5.204575949630669e-05,1.9540442714066455,1.9540442192071776,2.3890458054108636
421,6.852482336649606e-06,-0.046895340387296154,-0.04686789806505111,2.5981193020494584e-05,5.2045889282578695e-05,1.9640337026966521,1.9640343660163577,2.36583240710386
422,6.4973367954224545e-06,-0.04689534514967457,-0.04686790332198142,2.5981973596294677e-05,5.204603075981834e-05,1.9598220815651923,1.9598204353741426,2.3739059632422634
423,7.784055921410647e-06,-0.04689156616013194,-0.046867908530489846,2.5912100522245366e-05,5.204504597604992e-05,1.9649420320548292,1.964941258560879,2.364518465759177
424,5.439757309312982e-06,-0.04689440958086852,-0.046867914497852325,2.6016123417753752e-05,5.2043787861708046e-05,1.961088915939216,1.9610912889313719,2.376332351056842
425,5.558600524784901e-06,-0.0468944153061446,-0.04686791822314263,2.6015761489383666e-05,5.204702963485658e-05,1.9818206518714547,1.9818206518714547,2.3501314694784936
426,6.852806658868794e-06,-0.046892528014651894,-0.046867925673723214,2.5981587696387785e-05,5.204370418151333e-05,1.9741402846682226,1.9741402846682226,2.3805458412145875
427,6.031529007140476e-06,-0.04689442596236105,-0.04686792939901352,2.6015971047782176e-05,5.20460307598114e-05,1.9737895016894729,1.9737895016894726,2.3484547272964766
428,5.795075724596098e-06,-0.04689348506018531,-0.04686793684959411,2.6016006522227202e-05,5.204300513318022e-05,1.9740944019184283,1.9740938987521934,2.355752878869447
429,6.149101843610193e-06,-0.04689349045494605,-0.04686794057488441,2.601621953857072e-05,5.204603075982528e-05,1.9593913640226392,1.9593928113020704,2.372405720133238
430,8.001370251655236e-06,-0.04689349480339773,-0.04686794430017471,2.6016151996039334e-05,5.204603075981834e-05,1.968398777726727,1.9799122990681264,2.3432255387589462
431,2.1090963480745635e-05,-0.0468908253567517,-0.04681776316561563,3.249827725922365e-05,0.00010223461589949773,1.9602424312407463,2.00554546008785,2.326311185227915
432,2.4963809585566817e-05,-0.046884031730257604,-0.04683007675791054,3.3203321214349804e-05,8.992474889488178e-05,1.966530195536233,2.086632293047915,2.3153596419763525
433,1.0271530526584034e-05,-0.0468963501638932,-0.046867962926626205,2.5912249313848644e-05,5.2044841855752866e-05,1.967527641332669,1.9815963662546254,2.3887456282993784
434,5.795369251940248e-06,-0.04689351639990828,-0.046867966651916504,2.601635999930147e-05,5.204603075981834e-05,1.9751937997490656,1.975193716314607,2.364093901809492
435,7.784968085938125e-06,-0.04689162929387163,-0.04686797240400847,2.5912753735004727e-05,5.20440039581474e-05,1.964512161780507,1.9645104420722146,2.362258121776839
436,0.0020576406058626638,-0.046895418914182405,-0.046867976917709164,2.5981270829411436e-05,5.20465057227415e-05,1.9780027584830842,1.9800565365892677,2.369372999246833
437,0.007232650457669024,-0.046894478318532606,-0.0468679815530777,2.601640045554019e-05,5.204603075981834e-05,1.9733245486552173,1.9868948558169928,2.3554341874563645
438,0.007320818378490965,-0.044250649569059386,-0.019865197547017526,0.006553843201597375,0.027054836532717872,1.9784155979291285,1.993681985567135,2.3387935923233383
439,0.011918677959546533,-0.046861630687668146,-0.04670493304729462,6.950736553439226e-05,0.00021510571241378784,1.9785519197854158,1.9866654771314212,2.3782963845739467
440,0.00978386839427514,-0.046888631087049576,-0.04678580105352019,3.5026985633583315e-05,0.00013424178682608368,1.9600888461605155,1.9608453264092205,2.317493092038304
441,0.008147104462263506,-0.04689260688782923,-0.04686800390481949,2.5981203219714732e-05,5.204421342971943e-05,1.9557269295984359,1.95809088597058,2.3657417452499283
442,0.004918787076894794,-0.04689545053441789,-0.046868007630109794,2.5981269847292786e-05,5.204603075980446e-05,1.9660950156521324,1.965257620910047,2.3838633706795194
443,0.0019267651381148824,-0.046894509362211165,-0.04686801508069038,2.6016086386478228e-05,5.2042714062422446e-05,1.9637866477582548,1.9639990922120907,2.370214627186422
444,7.785802399373907e-06,-0.0468964069693619,-0.04686801880598068,2.591247081401989e-05,5.204603075981834e-05,1.956228921434312,1.9562385333520245,2.3707037718710486
445,6.030590664043575e-06,-0.04689357376491389,-0.046868024111169165,2.6016194399498133e-05,5.204445086163384e-05,1.9504058361257623,1.9504077785068394,2.3546864473846547
446,5.912532713827694e-06,-0.046893578909644226,-0.04686802902086064,2.6015806687454697e-05,5.204658257427358e-05,1.9712798523619735,1.9712798523619723,2.3885937128061823
447,6.148905588139842e-06,-0.04689358448515598,-0.04686803419417196,2.601633570721068e-05,5.204554372973541e-05,1.9777857283586133,1.9777862472860916,2.363906624094114
448,5.400140273093842e-06,-0.046894535730154216,-0.046868038590883815,2.6015729539291635e-05,5.2047523679481233e-05,2.059402742028976,2.05940296788349,2.374542099986247
449,5.205770909459187e-06,-0.046894434519600056,-0.04686804488301277,2.6017916328590143e-05,5.204603075981834e-05,2.1316648436489354,2.1316637696053102,2.3953933970074344
450,5.964308804854766e-06,-0.04689344285863743,-0.04686789225291028,2.6016414616096125e-05,5.204592396007568e-05,1.9510392945553992,1.9510392945553992,2.38669357781621
451,5.557913367573709e-06,-0.04689439377096517,-0.04686789710664804,2.6016016784900038e-05,5.204588063758425e-05,1.9625861980921837,1.9625861980921833,2.3859095931519274
452,5.677261375757891e-06,-0.04689345241545947,-0.04686790332198142,2.6016048060012475e-05,5.204517216369359e-05,1.9652592463729257,1.9652586941050703,2.3750839265301087
453,6.6156423667409535e-06,-0.046895350466959036,-0.04686790704727173,2.598132241228126e-05,5.2048044820028616e-05,1.9650015369444795,1.965001706574613,2.3266355196991455
454,6.032179683669768e-06,-0.04689346337059553,-0.04686791449785232,2.6016374909365085e-05,5.204472114664349e-05,1.9819364745187071,1.9819382565364079,2.3644910936209627
455,6.615541590764898e-06,-0.04689536129813081,-0.046867918223142624,2.598176226004563e-05,5.204637451570321e-05,1.9768661015912874,1.9768670601577358,2.385877913240506
456,5.559263470991059e-06,-0.04689347422998934,-0.046867925673723214,2.6016283171615272e-05,5.2044438802141546e-05,1.9857345567868827,1.9857345567868827,2.3662646235847493
457,5.558747101820973e-06,-0.04689348037886524,-0.04686792939901352,2.6015786361030807e-05,5.2047067135393976e-05,1.9552354175354472,1.9552354175354476,2.356221031984671
458,6.733320939174272e-06,-0.04689537776494515,-0.04686793684959411,2.5981829021696304e-05,5.204431413124294e-05,1.984293514059928,1.9842935140599285,2.3552430762564014
459,5.795467627250502e-06,-0.04689349075852033,-0.046867940574884415,2.6016217249955763e-05,5.204603075981834e-05,1.970112297079702,1.9701122970797016,2.3803556204985794
460,9.839116372389852e-06,-0.04689538824687796,-0.04686794536622631,2.5981260090557907e-05,5.204613566218291e-05,1.9749325725004787,1.9858596470315313,2.34085792539575
461,8.463253453247251e-06,-0.04689304959189026,-0.04684887502742266,2.6589021791283285e-05,7.112275409246194e-05,1.9594117185627957,2.0457074940766513,2.3425014679771823
462,1.1509283128501353e-05,-0.04689534534852211,-0.04686498043705907,2.6041626342948854e-05,5.50229181467618e-05,1.9629890551977371,1.9884615537597765,2.3736138821010426
463,8.517953288525e-06,-0.04689445934615077,-0.0468679629266262,2.6016305074581648e-05,5.204603075982528e-05,1.9725572020225892,1.9866776267506343,2.364267679081279
464,6.031383715252668e-06,-0.04689446433353463,-0.04686796761988431,2.601583958418393e-05,5.204685161726286e-05,1.9660456116948046,1.9660494270640088,2.3707637630014524
465,7.341070174151462e-05,-0.04689352304695796,-0.046867974102497094,2.6016305678366204e-05,5.204575111492776e-05,1.9767256380321139,1.9767754649124711,2.356329492392983
466,0.005644368282770637,-0.04689542113567644,-0.04686797821040299,2.5981499098673693e-05,5.204650516929532e-05,1.9684089690574464,1.9681640982308288,2.3500453145198756
467,0.009463799256774012,-0.04234336410684813,-0.007344342768192291,0.010003644573667179,0.03957568636368011,1.9708225627211182,1.982488244755553,2.3472412277205215
468,0.014939670963510435,-0.028098943879595936,-0.007344342768192291,0.017408056009199716,0.03957569135493055,1.966871672900784,1.9988737261134464,2.3874638730229636
469,0.007552371511100402,-0.030211912744717226,-0.0073443461917211475,0.016411441520357558,0.03957569256798726,1.9703188956301505,1.981373171469731,2.3810952013286633
470,0.0065674722999928305,-0.03360038376061582,-0.005230650894137709,0.01619287273612062,0.04168939159086099,1.9683825108348731,1.971321502224279,2.3640068301673285
471,0.008352353194610595,-0.03607758865825205,-0.0031747477092391734,0.014163726497137619,0.043745298501049835,1.9770706960438196,1.971367283371737,2.326956266192532
472,0.009588273661864271,-0.0430382684997595,-0.008496290133776757,0.008911856771501482,0.03842376019181655,1.9465076866114306,1.9475394744747274,2.3835532457929576
473,0.003318952626363249,-0.04689166853625801,-0.04686801135540008,2.5912606873066864e-05,5.204603075981834e-05,1.961927106651152,1.9617690084415478,2.3573791827120054
474,6.388768512236204e-06,-0.04689356584137318,-0.046868015080690384,2.601574044437069e-05,5.204603075981834e-05,1.959325563430978,1.959327959086366,2.3708745601541277
475,6.0303958659066095e-06,-0.046894518390233245,-0.04686802253127098,2.601600895623164e-05,5.20460307598114e-05,1.9561953336862148,1.9561961321368755,2.368329044315035
476,6.617766545336256e-06,-0.046892630989700146,-0.04686802625656128,2.598130744631768e-05,5.204620573854429e-05,1.9637148233709292,1.9637162640919001,2.3671586749527864
477,7.08847450883185e-06,-0.046895475914380175,-0.046868033707141876,2.5981504275650745e-05,5.204603075981834e-05,1.9745543043506995,1.974556965819478,2.335999172784827
478,9.67940083145827e-06,-0.04689831923176707,-0.046868037432432175,2.5669658823744706e-05,5.204749641909978e-05,2.0658710183955806,2.0658732138104043,2.379767579908954
479,7.116139756489481e-06,-0.046892235296913276,-0.04686804488301277,2.595606872364045e-05,5.20460307598114e-05,2.140375976466643,2.1403759170211445,2.3753142473851008
480,7.086458345428351e-06,-0.046895335281594265,-0.046867892920879554,2.5981757715493225e-05,5.204525599079163e-05,1.9815707130794586,1.9815707130794586,2.3871772244234064
481,6.615396071972049e-06,-0.046892502069999516,-0.04686789772051497,2.5981330490897416e-05,5.204790693597028e-05,1.9680417502109508,1.968041750210951,2.3800667768780617
482,5.676384041098469e-06,-0.04689345344885685,-0.04686790332198142,2.601604385311209e-05,5.204603075981834e-05,1.9663968549810011,1.9663968549810014,2.376075294688119
483,6.14852422497706e-06,-0.046893459852946275,-0.04686791002539191,2.6015605659631715e-05,5.2046777929921906e-05,1.967816949336012,1.9678172358352648,2.334201950874821
484,7.548355558576859e-06,-0.046896303425227596,-0.046867914497852325,2.5912576746012773e-05,5.204603075981834e-05,1.9697890695804547,1.9697882749253055,2.349091613836015
485,5.7937735583644956e-06,-0.046893471136932666,-0.046867921687551245,2.601611156542449e-05,5.204629164149571e-05,1.969666174793614,1.9696648283103222,2.3724283914889686
486,5.322095638758878e-06,-0.04689347619961013,-0.04686792567372322,2.6016160265735913e-05,5.204620065318161e-05,1.9705705861524332,1.9705717886760201,2.3512599191389847
487,5.557206710550869e-06,-0.04689348240206008,-0.04686793312430382,2.601610284333987e-05,5.204603075981834e-05,1.9466956334240493,1.946695790769964,2.331188597583482
488,5.9138562359913114e-06,-0.04689443364540753,-0.046867936849594116,2.6016248756791817e-05,5.20465834277159e-05,1.9788717441891561,1.978871683781918,2.3860661927487383
489,5.678077317367279e-06,-0.04689443893372399,-0.04686794430017471,2.6016204864033492e-05,5.20438534144102e-05,1.960415862048406,1.9604158620484062,2.3645214178328793
490,7.509659043408945e-06,-0.04689255239710739,-0.046867948025465005,2.5981691902395435e-05,5.204603075981834e-05,1.968097360583162,1.9758300638169501,2.347392781288032
491,7.744564379815018e-06,-0.04689539620939494,-0.0468679554760456,2.5981779055408835e-05,5.204344588471965e-05,1.9557232712173491,1.9666823366375663,2.3428535953256215
492,9.827514821684416e-06,-0.046890670803188164,-0.04686795920133591,2.5808894674312866e-05,5.204603075981834e-05,1.9678695459643387,1.9757069505155644,2.3814062517703625
493,6.83887490446731e-06,-0.046892568332662934,-0.0468679666519165,2.5981778551365562e-05,5.204249086355334e-05,1.9645264372965172,1.964527718467657,2.3804665406588215
494,6.0320759758544504e-06,-0.04689446595579647,-0.0468679703772068,2.601598251797801e-05,5.20460307598114e-05,1.9706690591956295,1.9706690591956297,2.3616248785467637
495,7.18670296477466e-05,-0.0468925791579146,-0.0468679741024971,2.598147271158339e-05,5.2047244605335496e-05,1.9594420211950077,1.9594251323719347,2.3619838610236648
496,0.008182885640173046,-0.046862188768194556,-0.04514412284214445,0.00023521649789452631,0.001775904741693056,1.9510412291459258,1.961768392191742,2.361215488219831
497,0.017581180311833474,-0.030608153082774054,-0.00734434276819229,0.01552183625347698,0.03957568854093552,1.9732232820491105,1.9971737097262816,2.3426795671146494
498,0.022338793111310217,-0.04330195598111204,-0.021002331307691875,0.006469500870384298,0.02591770372672624,1.9692492648135362,1.982837400181251,2.332149310410696
499,0.028343228526810767,-0.012188753747847282,0.03173496339907389,0.02787940395609552,0.0786550021587823,1.9819955080601226,1.9933827227023135,2.359485147995578
500,0.023363947216773314,-0.01271201201946305,0.029933500746485583,0.03092484561612978,0.0768535435281109,1.9609251416746845,2.0103577309251692,2.357734683726148
501,0.01088051662308886,-0.023918999867252305,0.002096668483593539,0.019718587347754345,0.049016714693882545,1.973924046385874,2.000268590586222,2.337234756951666
502,0.006524059074569355,-0.04370506995250476,-0.020266563349591496,0.006640934310945195,0.02665349013312119,1.9801425716955796,1.9855949904284098,2.271542156117431
503,0.004947452255961088,-0.046897347334133484,-0.046868012508272786,2.580879022128825e-05,5.204487788711132e-05,1.9613854551071261,1.9610330856981697,2.378309331185407
504,5.441301373841569e-06,-0.046894514040456595,-0.046868017973876706,2.601634936998424e-05,5.20468628637874e-05,1.9665324883477922,1.9665338253439562,2.3787551411800276
505,7.327078379267231e-06,-0.04689546580632433,-0.04686802324712801,2.5981960268794064e-05,5.2045314902791906e-05,1.9745395833107726,1.974539512815352,2.3484240184634406
506,9.627750866099763e-06,-0.046889793853445424,-0.046868027773737636,2.5669552235216676e-05,5.2047567915256e-05,1.9750890541314783,1.975093936284528,2.3465994928867615
507,8.022870548649315e-06,-0.04689642304430054,-0.04686803476584965,2.5912890981962707e-05,5.2044972052037175e-05,1.9605348551475839,1.9605379103393394,2.3745729697921574
508,1.0076577486829989e-05,-0.0468898043519048,-0.04686803938843567,2.566944250390539e-05,5.204530942944097e-05,2.0746411346833176,2.074640800745809,2.3556025542093795
509,5.222316353543188e-06,-0.04689370151001303,-0.04686804488301277,2.6017519348983464e-05,5.204603075981834e-05,2.1238415166965487,2.1238423380910474,2.3762412061964016
510,5.396578112470794e-06,-0.046893442990639515,-0.04686789241774851,2.601603244234334e-05,5.204575912184234e-05,1.977909081811287,1.977909081811287,2.382435121178289
511,5.558035397067822e-06,-0.04689344853075259,-0.04686789959669113,2.6015860474601827e-05,5.20460307598114e-05,1.9674939028445926,1.9674939028445935,2.383129000607064
512,5.912696001016775e-06,-0.04689439955387057,-0.04686790332198142,2.601601357042604e-05,5.204603075981834e-05,1.980179522912346,1.980179522912347,2.3521059230447734
513,5.322479884669028e-06,-0.04689440575885141,-0.04686791034608591,2.6015759566401388e-05,5.204645723592971e-05,1.9771658568554127,1.9771646757112689,2.378400157181321
514,5.321385042367265e-06,-0.04689441080341126,-0.046867914497852325,2.601607113179876e-05,5.204603075981834e-05,1.9878470774832637,1.9878459237785608,2.3818856685949363
515,8.138845048889741e-06,-0.04689157844803388,-0.046867921176720846,2.5912267571221353e-05,5.204680247188759e-05,1.9604647421026917,1.960466497770223,2.37573862560494
516,6.2673378290631285e-06,-0.046894421654679046,-0.04686792567372322,2.6016328029342082e-05,5.20460307598114e-05,1.9649060966954879,1.9649087958586404,2.3322521828402145
517,7.429285053030538e-06,-0.046891589281488455,-0.04686793090488512,2.5912468463671513e-05,5.204644025355587e-05,1.9783963853535576,1.9784005431660903,2.361438426164986
518,5.912828804393931e-06,-0.04689443281445685,-0.04686793684959411,2.6016165047544245e-05,5.204603075982528e-05,1.9599855970644984,1.9599859584702708,2.3894607730563218
519,5.676381062602478e-06,-0.046893491997803974,-0.04686794272603351,2.6016294765645553e-05,5.204387961072615e-05,1.9615313621696095,1.96153136216961,2.3569705784364663
520,6.970696587910793e-06,-0.046892550910922995,-0.04686794796998367,2.598131659156992e-05,5.204608624116008e-05,1.9723312385824996,1.9723312385824998,2.354450062708011
521,7.207040807768796e-06,-0.04689539518478788,-0.046867953068814944,2.59815831572588e-05,5.204471270018468e-05,1.9852775228126407,1.985277129890437,2.3545820435576457
522,5.794658845367498e-06,-0.046894454485610866,-0.0468679581710639,2.6015855336845816e-05,5.204706103182494e-05,1.9725983538697334,1.972598695727564,2.3600750277304923
523,7.4442023006449725e-06,-0.04689540659270735,-0.0468679644488291,2.598156859155255e-05,5.204451938126131e-05,1.970074108946435,1.9700754705806756,2.386896215224636
524,5.675545423150017e-06,-0.04689352005251069,-0.0468679703772068,2.6015982478752855e-05,5.204603075981834e-05,1.973007790693863,1.9730077901952185,2.376383767164268
525,7.186639636195715e-05,-0.046892578353864886,-0.0468679741024971,2.598146565781427e-05,5.204603075981834e-05,1.967208845665239,1.9669285458887162,2.366344290256094
526,0.006719368393085067,-0.046898261826455574,-0.0468679815530777,2.5669797152336132e-05,5.204603075981834e-05,1.9599787234964774,1.9683006175962634,2.3743716314894865
527,0.01917508360008687,-0.0338209124187937,-0.007344342768192291,0.014153358345613841,0.039575688086670335,1.9753483094459923,1.989332402524525,2.3708560538417243
528,0.004585333700935618,-0.03330716818245631,-0.007344342768192291,0.01408305066234037,0.03957569226622582,1.9638910337049926,1.967992081828237,2.353207449986386
529,0.020643113374933096,-0.021518829226018346,0.024450889632145464,0.02543993686206544,0.07137092839185387,1.9937430324100147,2.0034982069231706,2.3441480953059743
530,0.027563591569966392,-0.01216485616671142,0.03198549772115733,0.031466476340807736,0.07890554012822976,1.9729654238096828,1.9849536652641542,2.3738918264664406
531,0.018214679214924888,-0.02320397917121302,0.010807672992826554,0.02153583860580203,0.057727719203115556,1.9711437817869426,2.035005107043272,2.3319974051350294
532,0.005448807699892965,-0.04192373030723416,-0.02018675027353805,0.008165698121341668,0.02673329999383474,1.9837082296154591,1.993134946837353,2.290954292858679
533,0.0030230920939069384,-0.04689450702815056,-0.046868011355400085,2.6015896300441118e-05,5.20460307598114e-05,1.978350351986366,1.9770876689516022,2.33687083602852
534,5.905061719097016e-06,-0.04689545812296198,-0.046868015080690384,2.5981786642315205e-05,5.20466717085985e-05,1.9821870648460524,1.98218885503996,2.383229931904635
535,7.4300266609015376e-06,-0.04689168004248622,-0.046868022531270974,2.5912781676634287e-05,5.204603075981834e-05,1.9750435289705794,1.9750424650161273,2.360569832807775
536,5.91228427913739e-06,-0.04689452342704308,-0.04686802625656128,2.6016087481383858e-05,5.2046842733882714e-05,1.9670578152624845,1.9670583405093793,2.3683143916469103
537,5.440006503409906e-06,-0.04689358369254067,-0.046868033707141876,2.6016079516570564e-05,5.204603075981834e-05,1.9660598626684544,1.966059785014245,2.3493662784842946
538,5.83475730229692e-06,-0.0468945352772316,-0.04686803786336318,2.601609146565105e-05,5.204860581770748e-05,2.0695500358360595,2.069549912779573,2.3748608640617825
539,5.400188869094885e-06,-0.04689370146522493,-0.046868044883012765,2.6018138817409967e-05,5.204603075982528e-05,2.1162372713529165,2.1162378251507272,2.3928826139610506
540,5.207364200715292e-06,-0.046893442862595544,-0.04686789240815575,2.6016321822904087e-05,5.204576871460642e-05,1.9572020294588028,1.9572020294588033,2.3621269106245415
541,5.558406199107075e-06,-0.04689344778046458,-0.04686789706220482,2.6015738534703574e-05,5.204714669027749e-05,1.9744516093306232,1.974451609330624,2.3643185321559628
542,5.794041189836562e-06,-0.04689439888099271,-0.04686790332198142,2.6016156448755287e-05,5.204603075981834e-05,1.9820525804549978,1.9820525804549984,2.3849998243320263
543,5.795205858912379e-06,-0.04689440498875569,-0.04686790793750141,2.6015994172615106e-05,5.204779300140017e-05,1.9792602809729907,1.9792615119496118,2.3861386243088165
544,5.5584019561293105e-06,-0.04689346389686699,-0.046867914497852325,2.6016228559538913e-05,5.20460307598114e-05,1.9601641436510704,1.9601676218050141,2.3723054738177014
545,9.065466919168343e-06,-0.04689725456396012,-0.04686791918323799,2.5808628780852304e-05,5.204743279498686e-05,1.9707315267018453,1.9707349591667194,2.3831883557290845
546,5.558682553461471e-06,-0.046893474627385114,-0.04686792567372322,2.6016442141642234e-05,5.204554209915779e-05,1.9591775941253167,1.959179328508618,2.3599347977480627
547,6.851788935777513e-06,-0.046892534541156404,-0.04686792976890729,2.5981182118260828e-05,5.2046097594286855e-05,1.9815459810018552,1.981546093367768,2.3645637853359665
548,5.676631378092903e-06,-0.04689443173081022,-0.04686793684959411,2.6015947433297974e-05,5.2045096697879434e-05,1.9634274722863803,1.9634306782363982,2.354937800397143
549,6.8527145244204e-06,-0.04689538330733229,-0.046867940574884415,2.5981800893109916e-05,5.20460307598114e-05,1.9645883201552707,1.9645883201552716,2.3420426182001925
550,5.91282536995171e-06,-0.04689349598663767,-0.046867946279282445,2.601592954311278e-05,5.204615984984867e-05,1.9703102027916009,1.9703100088346206,2.356769036284693
551,5.4408327373544385e-06,-0.04689444826922859,-0.0468679517507553,2.601641398687656e-05,5.204603075981834e-05,1.9690871157128664,1.9690887429552903,2.3459561453463404
552,6.740789295603036e-06,-0.04689350693693311,-0.04686795662948349,2.601589595239455e-05,5.204773877717089e-05,1.9633887210576133,1.963388492072516,2.3478609112407205
553,5.67558367707417e-06,-0.0468935130893487,-0.0468679629266262,2.6016178035531053e-05,5.204603075982528e-05,1.966127266703571,1.9661275144302177,2.328475345831868
554,7.443800399643698e-06,-0.04689257135811221,-0.046867966651916504,2.5981245668344013e-05,5.204603075981834e-05,1.9560432038796596,1.9560434681456984,2.36677789423711
555,9.392033545590118e-06,-0.04689825347499719,-0.046867974102497094,2.5669588320862107e-05,5.20444671067849e-05,1.9768013641163398,1.9768028559047646,2.3736945443334245
556,0.0031259605886303186,-0.04689258190678755,-0.0468679778277874,2.598169971622617e-05,5.20460307598114e-05,1.9762046620828557,1.979151420223719,2.3839872068572197
557,0.006639292032777351,-0.04689026399199507,-0.0466881705344345,3.769729424063802e-05,0.00023185734738466468,1.9753138874492482,1.9810916633218247,2.376982166378389
558,0.011431890671736281,-0.04646567510111327,-0.0378166257345979,0.0016784039801185419,0.009103409299820203,1.975185290368137,1.9829197368786764,2.372112894087978
559,0.010342904019218457,-0.0420327200111999,-0.007344350218772889,0.010514955978082477,0.039575688540935516,1.9870820629100876,1.9876883537111336,2.381510648154677
560,0.008313072425695617,-0.039576952869274026,-0.007344353944063187,0.012103529245462026,0.03957568890190417,1.9577312940425586,1.9699422429274225,2.3927276467224265
561,0.007628600663143919,-0.03866096878763473,-0.0073443561494552015,0.013842660273537399,0.039575690060833814,1.961400177052634,1.961407719609102,2.367761110605299
562,0.009261033215043346,-0.04689261084830543,-0.04686800763010979,2.598158177572828e-05,5.204603075981834e-05,1.9830033886909184,1.9884866906335206,2.3644468032214987
563,0.0016297976672042995,-0.04689640109384509,-0.0468680134391056,2.5912653664316544e-05,5.204394705430465e-05,1.9771053111931174,1.9776518284665912,2.3389566720439814
564,7.207086232542212e-06,-0.046892621031425094,-0.046868017845226095,2.5981294409141862e-05,5.204620063502252e-05,1.9723603723717897,1.972360416561611,2.3523994161678883
565,6.853007640127458e-06,-0.04689546541896847,-0.04686802323597302,2.5981772174296154e-05,5.2045326057771624e-05,1.971302873698912,1.971300526243054,2.3649628642737794
566,5.676909069987535e-06,-0.046893577895820916,-0.046868027150146416,2.601578490193884e-05,5.204652576135116e-05,1.9741859811993852,1.974189160731087,2.3846533391928415
567,5.676755570365551e-06,-0.04689452994796495,-0.04686803370714187,2.601597850376814e-05,5.204603075982528e-05,1.9820751522817635,1.982075348427355,2.3493955266063344
568,6.136693809996299e-06,-0.046893588886594215,-0.046868037855962975,2.601572811488363e-05,5.204705352723077e-05,2.062225570194531,2.062225874185021,2.3773560671117333
569,6.848470257659159e-06,-0.04689590035723583,-0.04686804488301277,2.595569037350097e-05,5.20460307598114e-05,2.126953189652834,2.126955365676733,2.3805003581202717
570,5.768992492695649e-06,-0.04689438902275004,-0.04686789237433079,2.6016318098999943e-05,5.2045802539563146e-05,1.9507449704060698,1.9507415792049183,2.327972697570412
571,6.615629965005455e-06,-0.04689250143464865,-0.04686789743281353,2.5981214892675412e-05,5.204660340006606e-05,1.9692734342197085,1.9692732630352556,2.386822203961675
572,5.912788291808935e-06,-0.04689439872599073,-0.04686790332198143,2.601618667343608e-05,5.2045728218499954e-05,1.968851919740267,1.9688514294324595,2.345780227869261
573,5.440351178326489e-06,-0.04689345794820279,-0.04686790704727173,2.601601421174056e-05,5.20460307598114e-05,1.9715310250238944,1.9715303602519991,2.3537474287098528
574,8.022246121546636e-06,-0.0468915704915182,-0.04686791449785232,2.5912726149452483e-05,5.2042614969646794e-05,1.9780275643696086,1.9780276982661233,2.388725199073457
575,6.150212180697564e-06,-0.04689346850021029,-0.04686791822314262,2.6015904495328324e-05,5.204603075981834e-05,1.9683977077081882,1.9683985660667593,2.3891830789535726
576,5.321355332936045e-06,-0.0468944200948781,-0.046867925673723214,2.6016025840626286e-05,5.2042560632098445e-05,1.9574671389288705,1.9574655210640848,2.3567630720915003
577,6.3787270957305305e-06,-0.04689537147174604,-0.04686792939901352,2.5981526671640362e-05,5.204603075981834e-05,1.971863260372954,1.9718632603729542,2.365095866291924
578,6.378428923692824e-06,-0.046895376725193574,-0.046867934956037985,2.598175327592802e-05,5.2044199025651217e-05,1.9754982403174322,1.9754982403174315,2.3536639977489258
579,6.150675950845306e-06,-0.0468934892445691,-0.04686793937607566,2.601596480737763e-05,5.204622770171169e-05,1.979299312279606,1.9792993122796065,2.3462430278737574
580,6.854390978316013e-06,-0.04689254762580783,-0.04686794430017471,2.59819222634635e-05,5.20460307598114e-05,1.9781766169862527,1.978176707315032,2.3706088829789302
581,8.138600792342209e-06,-0.046896338280924835,-0.04686794984282235,2.5912411718103755e-05,5.204638870267425e-05,1.959501755760023,1.9595020584871827,2.3840549195621934
582,6.9689971316501075e-06,-0.046895397023195146,-0.04686795547604561,2.598199881247346e-05,5.20460307598114e-05,1.9639918470850304,1.9639919777149042,2.3677670453440847
583,7.206259507918111e-06,-0.04689540268152524,-0.04686795991416791,2.5981569402847125e-05,5.204662629192808e-05,1.9519636002431322,1.951962999890685,2.3756766624314416
584,8.495995674374227e-06,-0.0468916228410408,-0.046867966651916504,2.5912591731052495e-05,5.2042982395944515e-05,1.962603541257808,1.9626024983595092,2.3701450494336873
585,9.745657867561044e-06,-0.04689825128334595,-0.0468679703772068,2.5669557398629875e-05,5.204603075981834e-05,1.9835785811228588,1.9835790842163514,2.385214141013962
586,1.3660858135221451e-05,-0.04689257860356975,-0.0468679741024971,2.5981629029289174e-05,5.204613216613918e-05,1.9607691355891832,1.96071624681036,2.3790021893360254
587,0.00040632696186284587,-0.04689447737042733,-0.0468679815530777,2.60158389734035e-05,5.204603075981834e-05,1.9783082709001345,1.9787283603773937,2.3926730184751106
588,0.002495591762640913,-0.04689448174182903,-0.046867985278367996,2.6016152013779605e-05,5.20460307598114e-05,1.983016144211404,1.9826833735906966,2.380703860898468
589,0.004885034802775698,-0.046894487758168554,-0.04686799272894859,2.6015803870973802e-05,5.20460307598114e-05,1.9841246845866907,1.984585009655314,2.3916538576184845
590,0.007004392289961946,-0.04689543879668942,-0.04686799645423889,2.5981938878298387e-05,5.20460307598114e-05,1.9579614617879455,1.9562010759101338,2.359914457192946
591,0.004912768946887863,-0.04689355241178548,-0.046868002974067194,2.6015717594260236e-05,5.204338166044098e-05,1.9574072815847432,1.9609035262795138,2.3819742674782907
592,0.002515222042627683,-0.046892610561323815,-0.04686800763010979,2.5981521183610928e-05,5.20460307598114e-05,1.9577873717099101,1.957623883899078,2.3814544026186155
593,6.379740527013618e-06,-0.0468926161693039,-0.046868012433519096,2.5981726916907402e-05,5.204495264080067e-05,1.9635553284858047,1.9635540356332335,2.3648548283849604
594,5.439576812668568e-06,-0.04689451387543655,-0.04686801764707739,2.601588075782491e-05,5.2047189663104176e-05,1.9598817584028636,1.9598799774277516,2.366318042036906
595,7.784775564599796e-06,-0.046896411933528157,-0.046868023087020316,2.591285459607485e-05,5.20454750104829e-05,1.9588450049385053,1.9588453833488197,2.3674300717160355
596,8.021488847138848e-06,-0.04689168610944745,-0.046868028582978394,2.5912488518131504e-05,5.204628566929381e-05,1.9753048911765057,1.9753099857971557,2.363326306685428
597,5.913111126625513e-06,-0.04689453032708764,-0.046868033707141876,2.6016215989798217e-05,5.204603075981834e-05,1.9753482932645452,1.9753512809266198,2.367835830169895
598,7.5875344415153786e-06,-0.04689642732611077,-0.04686803841012679,2.5912558880844634e-05,5.20469493562048e-05,2.067044775976481,2.067047335124552,2.3734032232246784
599,7.020446006614394e-06,-0.04689296832597844,-0.046868044883012765,2.5997346236741343e-05,5.204603075982528e-05,2.1300592582932616,2.130058082340491,2.350493955288581
600,5.672848404850092e-06,-0.04689344290479826,-0.04686789255218191,2.6016400691178042e-05,5.204562468844043e-05,1.9361174473145557,1.939701353250992,2.3811513912551643
601,7.847948981896763e-06,-0.04689628590927636,-0.04686789715762349,2.5912555523254417e-05,5.204658595917705e-05,1.9619679904239826,1.9619033573160811,2.3747811789978144
602,7.903761161557427e-06,-0.046891559868832824,-0.04686790332198142,2.5912912147641387e-05,5.2045323501254126e-05,1.9706544174541019,1.9706545716764499,2.347998757847856
603,5.6764122055298815e-06,-0.046893458317392576,-0.04686790753348247,2.6015558973705675e-05,5.204684302861223e-05,1.9774122613643106,1.9774123110129846,2.3545849405132295
604,8.0208304690724e-06,-0.046896301836267015,-0.046867914497852325,2.5912725273428427e-05,5.2044090660591236e-05,1.963769203425566,1.963766312015237,2.3743741112073775
605,6.031819870448552e-06,-0.0468934688358229,-0.046867918223142624,2.6015986819653757e-05,5.20460307598114e-05,1.9686804604109285,1.9686785282693184,2.3679679066749846
606,7.580782807650613e-06,-0.04689536640477575,-0.04686792520596096,2.5981614105104287e-05,5.204458455169286e-05,1.9762649182759624,1.9806040051451452,2.3617634054295897
607,1.0933805739937436e-05,-0.04689347970674286,-0.04686792939901352,2.6016083499022373e-05,5.20460307598114e-05,1.983540332051653,1.9897292661322945,2.361669818171789
608,0.0042349575473956,-0.046894431324268966,-0.04686793684959411,2.6016141425032028e-05,5.204278567001036e-05,1.9524575256433698,1.9665140990706804,2.3894969713089007
609,0.009809554600152454,-0.046894436791873564,-0.046867940574884415,2.601620280755491e-05,5.20460307598114e-05,1.9742303238287453,1.989665295896146,2.3773549435525
610,0.01426825916278342,-0.04689538742573715,-0.04686794430017471,2.5981707817755346e-05,5.204675697708522e-05,1.980888759318919,1.989925774441776,2.37102540349217
611,0.010040892999247441,-0.04689066273789334,-0.0468679517507553,2.580882497814799e-05,5.204603075982528e-05,1.97661679724159,1.9903963930709072,2.3704123569472655
612,0.0044660600639436845,-0.04689161346041757,-0.0468679554760456,2.591240700112453e-05,5.204603075981834e-05,1.9610006170733592,1.9637744186549382,2.384925899466354
613,5.437739195998987e-06,-0.04689351217301175,-0.046867962926626205,2.6015740769271242e-05,5.20460307598114e-05,1.9771299677016496,1.9771293228008837,2.3770739976702178
614,6.145462042736825e-06,-0.04689540922829391,-0.046867966651916504,2.598163279977399e-05,5.20460307598114e-05,1.9612733058377305,1.96127319449058,2.367794493797855
615,6.732459507925479e-06,-0.0468925759943165,-0.046867973877708795,2.598182984781901e-05,5.204268499276604e-05,1.9722790039637228,1.9722785589369642,2.351438218604464
616,6.14774044956974e-06,-0.0468935272914589,-0.04686797782778739,2.601604728670568e-05,5.204603075982528e-05,1.9478543361128726,1.9478555779262101,2.386869141055024
617,5.680027911093032e-06,-0.04689447896218861,-0.04686798401389113,2.6016154192384202e-05,5.204356994638337e-05,1.9811768825294416,1.9811758206758703,2.3802185947477446
618,7.323588588090033e-06,-0.04689259171503728,-0.04686798809490429,2.5981517825581877e-05,5.2046710121045336e-05,1.982304805757948,1.9823030924252598,2.3726955555880247
619,6.034353163634106e-06,-0.046894489706399374,-0.046867992882308994,2.601621610949737e-05,5.204587739941757e-05,1.971535838283359,1.9715360852087895,2.3557652189014497
620,5.796770919880209e-06,-0.046894494235013975,-0.04686799840026826,2.6015978615588228e-05,5.204602953162024e-05,1.9628584472968722,1.9628577279941632,2.384625044670249
621,5.438293312006475e-06,-0.04689355350591124,-0.04686800390481948,2.601577540780061e-05,5.204534112861203e-05,1.967184547432753,1.9671833627144113,2.361623144136571
622,6.97215378709255e-06,-0.04689545087798808,-0.04686800763010978,2.598163455614969e-05,5.2046965991363325e-05,1.977081719976525,1.9770812291881785,2.3503976820573436
623,6.141780890728052e-06,-0.04689261742838946,-0.04686801508069038,2.5981806012260703e-05,5.204379285399935e-05,1.9664407664105144,1.966440854523429,2.392006797039161
624,5.556784827955951e-06,-0.04689356892678972,-0.04686801880598068,2.6015924578259654e-05,5.20460307598114e-05,1.9679823037696489,1.967984339975093,2.3678164169039264
625,5.915219316234646e-06,-0.04689452035537536,-0.046868025780509706,2.6016084436336334e-05,5.204278152109304e-05,1.9710146965925488,1.971013738170882,2.3707656220889466
626,5.67746873682323e-06,-0.04689452541501322,-0.04686802963898607,2.601611175840733e-05,5.204637362532516e-05,1.9707567050080739,1.970756220424127,2.379657516775282
627,6.615108933932745e-06,-0.04689263858168084,-0.04686803545453506,2.5981748881829105e-05,5.204428336662986e-05,1.975549225681406,1.9755486330765972,2.363005086481976
628,5.597587044730685e-06,-0.04689358975052702,-0.04686803965688276,2.601571265477751e-05,5.2047016567496884e-05,2.0739911426018454,2.073991577188205,2.3602637866510747
629,5.773455178664601e-06,-0.046894434575400955,-0.046868044883012765,2.6017686011222294e-05,5.204603075981834e-05,2.1084992785701977,2.1085009775486006,2.4000634224074466
630,8.115299065755531e-06,-0.0468919876264205,-0.04686789267117301,2.5711979433604e-05,5.2045505697338734e-05,1.9814997804672452,1.981921041779262,2.3974223552029987
631,5.2670403260343985e-06,-0.04689439407005745,-0.04686789746553992,2.601580765546634e-05,5.204710292177478e-05,1.9558337740004081,1.9560510423218829,2.3759921021669173
632,7.548195847206362e-06,-0.04689629167799309,-0.04686790332198143,2.5912871739521662e-05,5.20460307598114e-05,1.966893179856082,1.9668973255476456,2.364726171988372
633,5.912237508900089e-06,-0.046893459099584166,-0.04686790930391406,2.60157303326828e-05,5.204640725026133e-05,1.968733339352534,1.9687303251355979,2.365434595823299
634,5.676500514984904e-06,-0.04689441043118995,-0.046867914497852325,2.6016103838241783e-05,5.204603075981834e-05,1.9649299363756882,1.9649307000360685,2.355576910379266
635,5.556866898167532e-06,-0.04689441678655991,-0.0468679199772946,2.601585257822793e-05,5.204752763594833e-05,1.9623178519641495,1.9623172826457949,2.3784690486046456
636,7.657582506695844e-06,-0.046894421382557935,-0.046867925673723214,2.601653670770821e-05,5.204603075981834e-05,1.9730595368240391,1.9811592261208864,2.3695236666215598
637,0.0032946848780130134,-0.04689209379371033,-0.04684365169891649,2.6594889707326608e-05,7.632653677427242e-05,1.9699530772347407,2.0139449876102926,2.358741581309665
638,0.011976809271310522,-0.04687979337979171,-0.04676126695080332,4.511298599318406e-05,0.00015871592955060687,1.978865305089231,1.994876655422158,2.324999436009961
639,0.019524679938170954,-0.03137470931826506,0.014005545526742937,0.020458584108123706,0.06092553213238716,1.971135601311456,1.9882891809960364,2.3585305844894786
640,0.02627205416960884,-0.020551043090537784,0.014005545526742935,0.023348447991101935,0.06092553367933909,1.975807584475883,2.0663299949181972,2.3744680983223225
641,0.01815359423262867,-0.028955996686184024,0.012353836856219921,0.01934211418626808,0.05927382952558983,1.9870624014100218,2.0064059024443512,2.3802164553595815
642,0.018733672174556418,-0.04688971700922401,-0.04686795175075531,2.566982627099381e-05,5.204603075981834e-05,1.9807275614288564,1.9794698057388627,2.3677530255704857
643,0.009434688088754566,-0.04689539848924445,-0.04686795547604561,2.5981208503876393e-05,5.20460307598114e-05,1.9843755605135707,1.9840808493694202,2.3862019809578574
644,0.0034106811362864895,-0.046895404652642886,-0.046867962926626205,2.5981657041319407e-05,5.204603075981834e-05,1.9789942286277415,1.9791008623094717,2.3877172461094154
645,6.03209873747122e-06,-0.04689351695129669,-0.046867966651916504,2.6016270554388073e-05,5.204603075981834e-05,1.9673259387857143,1.9673268864294708,2.368596354910515
646,6.971169463720071e-06,-0.04689257633239818,-0.046867974102497094,2.598155949764332e-05,5.204399434057677e-05,1.9556887370178577,1.9556885025320496,2.403645985647524
647,9.301443217017445e-06,-0.046897313047351105,-0.0468679778277874,2.5808424792400055e-05,5.20460307598114e-05,1.9676378910917345,1.9676406530638382,2.385863481599133
648,5.912509919163309e-06,-0.046894479673984114,-0.04686798514045101,2.60160449805502e-05,5.2043252883403335e-05,1.967280648391188,1.9672795940545789,2.366239758176917
649,5.675634311012618e-06,-0.046893538840910944,-0.046867989003658295,2.6016116175353046e-05,5.20460307598114e-05,1.9738516453521116,1.9738522762234665,2.376157156440686
650,9.865534200355674e-06,-0.04688975986160779,-0.04686799511903465,2.5669670760569217e-05,5.204364067375872e-05,1.9757109936144004,1.9757113147782512,2.338692656731342
651,8.138899161203192e-06,-0.04689638858372714,-0.04686800017952919,2.591241848480265e-05,5.204603075981834e-05,1.9613663433846558,1.9613646879633397,2.3574531453922343
652,7.20797269113327e-06,-0.04689260885397085,-0.04686800628110824,2.59811449735832e-05,5.2043654471062295e-05,1.976179300194258,1.9761791819931533,2.3420210300386177
653,6.969862982671537e-06,-0.0468954532549763,-0.046868011355400085,2.5981544178677533e-05,5.20460307598114e-05,1.9533445092488577,1.9533468880916298,2.371653223533703
654,7.905255287478443e-06,-0.04689167313037443,-0.04686801508069038,2.591280194719596e-05,5.204603075981834e-05,1.9593109155391637,1.959316967356481,2.3705412929219323
655,5.558710455662778e-06,-0.04689357183073189,-0.04686802253127098,2.6016046702404947e-05,5.204603075981834e-05,1.9778522022165308,1.9778529005900662,2.364778332370051
656,5.675539211318652e-06,-0.0468945229863034,-0.04686802625656128,2.6016091656855333e-05,5.204603075981834e-05,1.9716549499149518,1.9716549499149525,2.384004319178353
657,6.031199412436332e-06,-0.04689452962628856,-0.046868033707141876,2.601614833873574e-05,5.204603075981834e-05,1.9729377371667156,1.9729377371667156,2.3880914143903507
658,6.695197332360611e-06,-0.0468926423127204,-0.04686803743243217,2.5981386864452126e-05,5.2047888559940414e-05,2.061289168396586,2.061289168396587,2.362127671000347
659,5.387940847024837e-06,-0.046893701316664975,-0.04686804488301277,2.6017940165863982e-05,5.20460307598114e-05,2.119452832003264,2.1194528320032626,2.3417697956268486
660,5.295092693521329e-06,-0.046893442923954906,-0.04686789271111674,2.601632251779453e-05,5.2045465753602915e-05,1.9611430646326102,1.9601981866470173,2.369302864547084
661,8.891542282927755e-06,-0.04689723264070665,-0.04686789746674977,2.5808683188194237e-05,5.2047825817712334e-05,1.9794049150245825,1.977875400208853,2.387636224366921
662,5.793266648171698e-06,-0.04689439881825842,-0.04686790332198142,2.6016464799707545e-05,5.204603075982528e-05,1.9553097014503535,1.955309454407324,2.3766015154738973
663,8.237764573972421e-06,-0.04689062053792447,-0.04686790830430369,2.580859867784412e-05,5.2048350873204474e-05,1.9889380196087116,1.9889369282821623,2.3874276231669582
664,9.2026085023038e-06,-0.04689630250014634,-0.04686791449785232,2.591262890643967e-05,5.204603075981834e-05,1.9763340407935182,1.9763303419085048,2.3657242661180455
665,5.557858704950471e-06,-0.046893470342351765,-0.046867920163282534,2.6015654005998372e-05,5.2047616529479757e-05,1.9589596456071934,1.9589588932386603,2.386570306503673
666,9.864405862036039e-06,-0.046894421714937615,-0.04686792567372322,2.6016308595298813e-05,5.204603075981834e-05,1.9587892443130004,1.9777400303542096,2.360672923548182
667,0.006580416718128616,-0.046895752681327244,-0.04683643702483146,2.808644061665782e-05,8.354213023217122e-05,1.9793588809437537,1.9990476961426926,2.299299558966352
668,0.01300946847431784,-0.03884867110212048,0.014103181677692297,0.015380393703685847,0.06102316398879182,1.9635414810343177,1.9779865752015529,2.302436087960782
669,0.00715791356827679,-0.029206910599124464,0.014099804976359607,0.021319426176632014,0.06101979087799046,1.9494146296335897,1.9789528084372037,2.3657655097849024
670,0.0074038960937438635,-0.025287156454411975,0.013855756339858237,0.018699899099638734,0.06077574294550246,1.973972307516501,2.0034561348972044,2.3798741660866147
671,0.012228911471457389,-0.02825232017273418,0.02010098677662343,0.019622560852861397,0.06702097710755796,1.9794755343800678,1.9924694285772764,2.3727407563168708
672,0.028251620031548522,-0.01839373015507279,0.018747828996119605,0.021586074375014672,0.06566782305234442,1.9787590080383335,1.9805858472812294,2.3722502872193933
673,0.020178476207608653,-0.03638731926347514,0.00889596812333038,0.016461658959121942,0.0558159659048455,1.966359906262393,1.9739897605424792,2.3597009792388457
674,0.0034098545295805954,-0.04689445291132701,-0.0468679554760456,2.601599028416765e-05,5.2047807820941594e-05,1.9849263717505206,1.9843805779644546,2.354895856242238
675,7.546694659470197e-06,-0.04689635203598823,-0.046867962926626205,2.5912874140003056e-05,5.204603075981834e-05,1.9798951493331978,1.9798965042972123,2.358852881054615
676,5.6749865693613415e-06,-0.04689446518058682,-0.046867968560703674,2.6016251543600964e-05,5.204784726294681e-05,1.9597042038330765,1.9597068839983112,2.38050413893849
677,6.737714578239911e-06,-0.046892577947194494,-0.046867974102497094,2.5981998036029462e-05,5.204603075981834e-05,1.956691876457906,1.956692231687038,2.370353404436972
678,9.184786622997834e-06,-0.04689069243458585,-0.04686798152854637,2.5809022410992688e-05,5.204605529113976e-05,1.9695829755637972,1.969581564877244,2.373464755515067
679,6.385418216282446e-06,-0.04689448284831476,-0.04686798527836799,2.6016087178849124e-05,5.204842557705869e-05,1.9637060476647312,1.9637036514930892,2.3675166873635387
680,5.440943795788573e-06,-0.04689354310680598,-0.04686799272894859,2.6016257433856804e-05,5.204603075981834e-05,1.9562656465950712,1.9562662808952807,2.3721970313465057
681,7.797310624659766e-06,-0.04689544069364709,-0.04686799914943569,2.5981260956032798e-05,5.204613613396525e-05,1.9803046829081836,1.9803051336764683,2.3594082358753976
682,6.853604066374497e-06,-0.04689260791585134,-0.04686800390481949,2.5981346988880297e-05,5.204603075981834e-05,1.965921415236102,1.965918885586603,2.3472017772856137
683,7.207091312889549e-06,-0.0468954525015653,-0.04686800910833564,2.598149398358605e-05,5.204827782425564e-05,1.9680280734448479,1.9680289119575711,2.3552493533112018
684,6.733510120637599e-06,-0.04689545801047305,-0.046868015080690384,2.5981439099180773e-05,5.204634843121447e-05,1.9679444066262728,1.9679448523776002,2.3831870647482156
685,5.913912102290287e-06,-0.0468945184052909,-0.046868022531270974,2.6016346523554696e-05,5.204603075981834e-05,1.9770743210352981,1.9770736022482125,2.396043044943848
686,6.9710799726735e-06,-0.046892631197325195,-0.0468680263160408,2.5981413104825047e-05,5.204650162263236e-05,1.95785150900555,1.95785150900555,2.3754479280181546
687,7.207745281050485e-06,-0.04689547579600381,-0.046868033707141876,2.598169221214146e-05,5.204603075981834e-05,1.9528360051796214,1.9528359717869255,2.3438257552500334
688,5.729049922376273e-06,-0.04689358834141396,-0.046868037432432175,2.601587954128515e-05,5.204630991820919e-05,2.0483084388872785,2.0483084741748745,2.354813639707709
689,7.008927725688535e-06,-0.04689516732914444,-0.046868044883012765,2.5997180945799277e-05,5.204603075981834e-05,2.12157212541174,2.1215718666876477,2.3613032641093517
690,8.02466812146323e-06,-0.04689155107391058,-0.0468678928949509,2.5912553525256286e-05,5.2046310833386844e-05,1.9479971498045323,1.9479919053989825,2.3706933868868623
691,7.087674184545078e-06,-0.04689250338777282,-0.04686789959669113,2.5981789651009163e-05,5.204603075981834e-05,1.961804159052373,1.961802448988047,2.34381294653286
692,5.556779530610382e-06,-0.04689345523850724,-0.04686790487184406,2.6015958061716875e-05,5.204753044842775e-05,1.9756695521280478,1.9756705302587578,2.4010193784254517
693,6.1401372085749475e-06,-0.04689251546233607,-0.04686791077256203,2.5981491901261976e-05,5.20460307598114e-05,1.969966918496163,1.969966135514908,2.391121634780342
694,9.119117500462795e-06,-0.04688873573374564,-0.0468679181809154,2.5494164847467288e-05,5.204373308389382e-05,1.9907211393211994,1.99071788682467,2.3728476987656415
695,7.999144134695276e-06,-0.046890633095432364,-0.046867921948432915,2.5809128171863266e-05,5.204603075982528e-05,1.9824851546534077,1.9824845833275317,2.3706899107977226
696,9.09509247699555e-06,-0.0468915847161914,-0.04686792567372322,2.5912455005956532e-05,5.2048191275938516e-05,1.9711678020518189,1.9850164435718427,2.376752417975317
697,0.00656925430776842,-0.046891609892081625,-0.046837376150063226,2.855804162010994e-05,8.260300500041035e-05,1.9551329583049988,2.0330872176100403,2.304763727761341
698,0.015458426535628303,-0.03799239530507735,0.010975944864251179,0.01593710954602379,0.05789592774460511,1.9475317176967732,1.958936933914652,2.384156152035357
699,0.02483716135200835,-0.019283021730632566,0.014042770706492846,0.02110114392251865,0.06096275731213707,1.9507232196123065,1.9897143697162571,2.3735361180218577
700,0.02680572640433783,-0.009655892949474162,0.014005544783504865,0.018827965669556135,0.0609255313891491,1.9592186411454844,1.987059902684078,2.3666585145867454
701,0.03131300320484992,-0.009415844060433129,0.02059807277490764,0.02718988986004327,0.06751806345743427,1.963808773974698,1.9742840228966423,2.3582402802277116
702,0.01436453374187325,-0.030505702009778736,0.013870209218642697,0.02075547143504895,0.06079020518219233,1.9578979400751053,1.970413741010886,2.362432747006466
703,0.013757651006454395,-0.046892558525249595,-0.04686795547604561,2.5981884441906347e-05,5.20460307598114e-05,1.9815228633833046,1.9835293892626475,2.363635830616089
704,0.003409031960682948,-0.04689351101284656,-0.04686796101823164,2.601582773784374e-05,5.204698819751691e-05,1.9689132051236986,1.96896141424292,2.3549012815181163
705,6.14988724231112e-06,-0.04689351594896852,-0.0468679666519165,2.601610925647124e-05,5.204603075982528e-05,1.9793463081471745,1.9793444960042965,2.3608947230936113
706,5.794062905044423e-06,-0.04689446748069609,-0.04686797183010132,2.6016143557229424e-05,5.204457786529143e-05,1.9715415718250098,1.9715414362190473,2.358962904014776
707,7.430396735907403e-06,-0.04689163449880097,-0.04686797668590337,2.5912363423576147e-05,5.2047172643843176e-05,1.9872890732121764,1.987287285076874,2.3405026378024445
708,9.301263438842346e-06,-0.046897317442089116,-0.046867983833426566,2.5808742620396042e-05,5.2043750410943335e-05,1.9615404203859854,1.9615417497586904,2.369339071145177
709,7.784033463952203e-06,-0.046896376660396526,-0.0468679882721831,2.5912551960939176e-05,5.204676223500432e-05,1.9671967237386612,1.9671979461517808,2.3643478637364033
710,9.183460190107426e-06,-0.04689070570223019,-0.046867995075150326,2.5808856419578627e-05,5.204370790577728e-05,1.980705786976512,1.9807018811136157,2.357116052253736
711,5.5579097367087755e-06,-0.04689355007449559,-0.04686800017952918,2.6016187903145215e-05,5.204603075981834e-05,1.9501459216288761,1.9501461875321189,2.3589718547410357
712,6.031838801822099e-06,-0.04689355520795527,-0.046868007143816,2.601554829431477e-05,5.204330394115858e-05,1.9718065994062306,1.9718054664105056,2.3765843925692343
713,8.021007770740055e-06,-0.04689166877962256,-0.04686801135540008,2.5912806235827715e-05,5.204603075982528e-05,1.961252334913534,1.9612501857640126,2.360758283991751
714,5.2044386045058866e-06,-0.046894512243948236,-0.046868015080690384,2.601593303264186e-05,5.204718132087449e-05,1.971322192743009,1.971323139183474,2.3752345572212255
715,5.795425700297992e-06,-0.046894518837510286,-0.04686802253127098,2.6016315493332867e-05,5.20460307598114e-05,1.9757419022083007,1.9757419022083005,2.3848060751128983
716,5.677579285702566e-06,-0.04689357719819748,-0.04686802625656128,2.601571270892419e-05,5.204609505106428e-05,1.9745624833435091,1.9745624833435096,2.3634638301861193
717,6.387002835629157e-06,-0.046894530067078465,-0.046868033707141876,2.601638102082001e-05,5.204603075981834e-05,1.97076806214261,1.9707695012496806,2.3640782853684015
718,7.836480324731748e-06,-0.04689169647531021,-0.04686803824443639,2.5912233961098564e-05,5.204607598322669e-05,2.0656186988700846,2.0656192425382565,2.3706396576734226
719,7.008746728713294e-06,-0.04689516720385124,-0.04686804488301277,2.5997316615870703e-05,5.20460307598114e-05,2.1212183604598325,2.1212182245996423,2.3940348089712566
720,5.389777591181799e-06,-0.046893442851502425,-0.04686789355521456,2.6016081644739756e-05,5.2044621655783496e-05,1.9660891681649038,1.9660899370870641,2.3705326211362854
721,7.088109913942989e-06,-0.046895339692505957,-0.046867896678956335,2.5981087177798665e-05,5.204633681442361e-05,1.95676436963436,1.956761920564882,2.358260380539234
722,8.137848213206226e-06,-0.046896290807651,-0.04686790332198143,2.591268571795004e-05,5.204486611917747e-05,1.9810730870255622,1.9810728260301447,2.3565315801142344
723,7.076531740893284e-06,-0.0468915656563562,-0.04686790748521846,2.5912223726779597e-05,5.2046957805064464e-05,1.9746363355877234,1.9746351760677707,2.384510771532918
724,9.557166464067657e-06,-0.04689630160716165,-0.04686791449785232,2.591277726789787e-05,5.204355656446974e-05,1.9619948937895706,1.961993282013493,2.3951969433564155
725,7.883799468642989e-06,-0.046890630078101125,-0.046867918223142624,2.5808703419953508e-05,5.20460307598114e-05,1.966091158833294,1.9660909393191877,2.369801499196487
726,1.0227667915791824e-05,-0.04689631244293151,-0.04686792475732363,2.5912669692944158e-05,5.20447446991229e-05,1.9699939160365252,1.9813137131564702,2.3620187945182063
727,0.003287055496691134,-0.04689253267918258,-0.04686792939901351,2.598197803978714e-05,5.204603075981834e-05,1.9653715630086999,1.9738197785749425,2.349318173043049
728,0.009480086655605428,-0.04689348436421061,-0.046867934997564156,2.601610610913068e-05,5.204415749947289e-05,1.9799025975346503,1.9889797307865429,2.3590551683609067
729,0.014435424457362862,-0.04668546163949432,-0.03539437008784061,0.0015367464767508808,0.011525616517803615,1.9607132186764042,1.972072425834491,2.3651247487931384
730,0.010534077943528081,-0.04160909022479314,-0.01583766772562193,0.00935949001107663,0.031082321357948695,1.9720072070175059,1.9893671832589273,2.3628110871588595
731,0.017795574388363357,-0.04091223349397206,0.01085843322855871,0.013326843586293033,0.05777842728478354,1.9670617408340798,1.9740415190370026,2.35697018655823
732,0.014460087830595852,-0.04689539568879212,-0.046867953408978015,2.598153827119297e-05,5.204437253710642e-05,1.9765919253684088,1.9796614491483229,2.373550941187771
733,0.004331832618670887,-0.04689445477662014,-0.0468679592013359,2.6016015448764155e-05,5.204603075981834e-05,1.9697062024470355,1.9670853072543928,2.384701872880444
734,7.547473599675028e-06,-0.04689162207737368,-0.04686796527580781,2.5912594892514005e-05,5.204368157821215e-05,1.9633827127179169,1.9633830794014577,2.3806905457727776
735,7.78608368138894e-06,-0.046896358467946875,-0.046867970377206795,2.5912740209095537e-05,5.204603075981834e-05,1.9598844210271626,1.9598846160946652,2.3686916510942373
736,6.149770428005569e-06,-0.04689447065367746,-0.046867974102497094,2.6016223268565646e-05,5.204603075981834e-05,1.967511907747425,1.9675076531882532,2.357211656356647
737,8.138462256759128e-06,-0.04689163844586424,-0.046867981256818736,2.591244303406015e-05,5.204632701877321e-05,1.960578710194574,1.9605679112529564,2.3668802557866306
738,6.734180919098024e-06,-0.04689542769640361,-0.046867985278367996,2.5981845829544928e-05,5.204603075981834e-05,1.962352869329154,1.962354292783534,2.407248929114915
739,7.087956259131506e-06,-0.04689259504109804,-0.04686799108051555,2.5981572029417392e-05,5.204648823775582e-05,1.9671775129543099,1.9671772954946594,2.3861166381739465
740,6.852326089428764e-06,-0.0468954383510998,-0.04686799645423889,2.598176866289577e-05,5.20460307598114e-05,1.9742585777365194,1.9742590391162536,2.3516160548809384
741,8.021924129774268e-06,-0.04689639024869213,-0.04686800044284638,2.5912202680221546e-05,5.204576744263084e-05,1.9620556032599399,1.962049849774241,2.333864183097079
742,5.6767094624293415e-06,-0.04689355641899208,-0.04686800763010978,2.6015797855754277e-05,5.204603075981834e-05,1.9638699060854414,1.9638707076857678,2.362898575277496
743,8.021786368885442e-06,-0.04689640101747644,-0.04686801255857423,2.5912885113883122e-05,5.204482758567469e-05,1.9715973986549407,1.9715986752739885,2.360714234473941
744,5.794495553693715e-06,-0.046894513600258515,-0.04686801736066853,2.60158923393171e-05,5.204713893888768e-05,1.972844742750884,1.972845483781442,2.376163518261092
745,5.6762040280741405e-06,-0.04689357309178506,-0.04686802253127098,2.601629879912926e-05,5.204603075981834e-05,1.964832643943324,1.9648326439433241,2.360353309333673
746,6.616417939878503e-06,-0.046892631817458,-0.04686802787475058,2.598154279866001e-05,5.2046203981317984e-05,1.9794646679977128,1.9794646679977124,2.339132420810894
747,6.385923509905656e-06,-0.046894530011017545,-0.046868033707141876,2.601624025361526e-05,5.204603075981834e-05,1.9755674791821138,1.9755678216519803,2.3569277590992113
748,6.4587688399132456e-06,-0.0468926424927091,-0.046868037432432175,2.5981299087158252e-05,5.204753129673528e-05,2.0462891413794773,2.0462880073819183,2.3845779047174696
749,5.399843116750155e-06,-0.046893701425572074,-0.04686804488301277,2.6017669100034264e-05,5.20460307598114e-05,2.1366327401228937,2.136632965417405,2.378727259205669
750,5.774847588988059e-06,-0.046893442684322564,-0.04686789250719604,2.601627907264776e-05,5.2045669674302686e-05,1.981426661577141,1.981426661577141,2.363200237487008
751,6.030541819341542e-06,-0.046893448064527866,-0.04686789760440793,2.601570567559581e-05,5.2047322190745815e-05,1.9618167510528375,1.9618149952774888,2.371179163577871
752,5.79499764997398e-06,-0.04689345256481111,-0.04686790332198143,2.6016503541252084e-05,5.2045737902434164e-05,1.961168362790176,1.9611690925336283,2.3767541591507477
753,5.322087868245612e-06,-0.04689440428906987,-0.04686790752164362,2.6015983293143754e-05,5.204607538100009e-05,1.9734909447880489,1.9734909189773444,2.3835482873263176
754,6.615945894063749e-06,-0.04689251711206582,-0.04686791449785232,2.5981705813148247e-05,5.204483746475835e-05,1.9729960603204948,1.9729924576564857,2.357784173379868
755,5.321721769512719e-06,-0.046894414803129614,-0.04686791822314262,2.6015878266859372e-05,5.204603075981834e-05,1.9786002175101989,1.9785979378868965,2.339075532781185
756,8.13978121312283e-06,-0.046896312353805265,-0.04686792544130829,2.591288956298922e-05,5.2042994308477974e-05,1.9558955194845056,1.9558963344760394,2.3671787849459824
757,8.020939871863637e-06,-0.04689158693393523,-0.04686792939901351,2.591237712761885e-05,5.204603075982528e-05,1.9776160773306195,1.9776150848872869,2.3757924162972275
758,0.00046229432058789117,-0.04689443100050554,-0.0468679356908855,2.6015960642193408e-05,5.204491660816546e-05,1.9757538749551442,1.975720002999716,2.380741476849801
759,0.0022865919057854936,-0.04689538253257386,-0.04686794057488441,2.598169586814135e-05,5.204603075982528e-05,1.9882971856816587,1.9882834159074272,2.368110927191629
760,0.005200512003446834,-0.04689633304293879,-0.04686794430017471,2.591283670272043e-05,5.204603075981834e-05,1.9804784437870706,1.979511642274446,2.3136926435543854
761,0.004740841602542067,-0.04689350021630311,-0.04686795034227673,2.6015814688975197e-05,5.20468561795856e-05,1.9757360704900144,1.977580247876253,2.340177774705985
762,0.002919013982691313,-0.04689539748177871,-0.04686795547604561,2.5981847311045173e-05,5.20460307598114e-05,1.9731211054952642,1.973582416457942,2.3602024908841397
763,5.793167813643742e-06,-0.04689351115648348,-0.04686796068551282,2.60159359647739e-05,5.204718369043043e-05,1.9841743826788059,1.9841755985217284,2.376096211452744
764,7.549189755940199e-06,-0.04689635438704671,-0.0468679666519165,2.5913015830247375e-05,5.204603075981834e-05,1.974246067588763,1.974250265700671,2.3640982605064593
765,8.138654499715205e-06,-0.04689162865179692,-0.04686797104763001,2.591264480741413e-05,5.204536033660834e-05,1.9766198628852814,1.9766188398785116,2.3580591896225167
766,5.204013649452144e-06,-0.04689447231215899,-0.04686797621919858,2.6016008918075425e-05,5.204631380239383e-05,1.9764840558323007,1.9764810469852376,2.375402488525876
767,5.559759072063459e-06,-0.046894478057555644,-0.0468679815530777,2.6016510918445676e-05,5.204603075981834e-05,1.9619907056300714,1.9619896622046966,2.3705611762498893
768,5.913341022333731e-06,-0.046894482881911226,-0.04686798610924256,2.601579497433016e-05,5.20470328149239e-05,1.9627580674416325,1.962758706634089,2.347619171157901
769,6.7331786241661715e-06,-0.046892596261535906,-0.04686799272894859,2.5981902038460522e-05,5.204603075981834e-05,1.9708129054389423,1.9708129054389425,2.3605766255298355
770,6.030736557821714e-06,-0.04689354713644566,-0.046867996454238885,2.6015929428538917e-05,5.204603075982528e-05,1.9602327959014934,1.9602335470312588,2.3726553578495873
771,5.441444478299402e-06,-0.04689449895375341,-0.04686800390481948,2.6015647399400328e-05,5.204339342203962e-05,1.9528382517650946,1.9528365291230372,2.3257316245076773
772,6.385555063664419e-06,-0.04689355755458765,-0.04686800763010979,2.601608695195391e-05,5.20460307598114e-05,1.9705216609994058,1.9705165762319647,2.3449282195690557
773,7.088424915139638e-06,-0.04689261679248559,-0.046868014085789084,2.5981744120847206e-05,5.204330037082011e-05,1.9725969507353283,1.972597313743393,2.3822865467132477
774,5.440301505858845e-06,-0.04689451428000163,-0.04686801880598068,2.6015963698667088e-05,5.20460307598114e-05,1.9677268226809939,1.9677277729249587,2.3648824621129036
775,5.557458465381129e-06,-0.04689357409379234,-0.04686802484050724,2.601593922529756e-05,5.2043721523550857e-05,1.9728294187430495,1.972829418743049,2.375243923940662
776,6.032331743906524e-06,-0.04689452547262596,-0.04686802998185158,2.6015963898060887e-05,5.20460307598114e-05,1.9616011377577869,1.9616011377577867,2.3547897955033528
777,5.557110492505135e-06,-0.04689358504295181,-0.04686803477474645,2.60161829694242e-05,5.204496315524415e-05,1.9781335410130132,1.978133541013013,2.387735563891702
778,5.780951579012438e-06,-0.04689359018638355,-0.046868041157722466,2.6015955880500283e-05,5.2045843782128065e-05,2.057837138647124,2.0578371386471264,2.3740225356504205
779,5.669489448851981e-06,-0.04689443456745674,-0.04686804488301277,2.6017903264299303e-05,5.204603075981834e-05,2.1296229519370558,2.129622951937057,2.370563238236816
780,5.3906395287027865e-06,-0.046894389064374556,-0.046867892314326365,2.60162726741767e-05,5.204586254398125e-05,1.9730189005883685,1.973020661402146,2.3583903645946904
781,5.795060396413776e-06,-0.046893447375438664,-0.04686789682352728,2.6015758733001327e-05,5.2045903317810005e-05,1.97493487659509,1.9749339719845738,2.335173229938797
782,5.794299621772469e-06,-0.04689439837812,-0.04686790332198142,2.6016113863828315e-05,5.2045029472723436e-05,1.9741330239046508,1.9741339554059785,2.351620811412052
783,5.440246097442973e-06,-0.046893457799094124,-0.04686790704727173,2.6015876113007033e-05,5.2046393297172644e-05,1.9572903006615774,1.9572900066464132,2.360460974504581
784,7.784676237240135e-06,-0.046896301603274924,-0.04686791449785232,2.591278968868571e-05,5.204446064983187e-05,1.9699329994402235,1.9699288431636384,2.375182346742929
785,5.4402116248921026e-06,-0.04689441481912484,-0.046867918223142624,2.6015803447423336e-05,5.20460307598114e-05,1.9722170855769683,1.972216720431901,2.3618730605019076
786,5.795161860732917e-06,-0.04689347376938398,-0.04686792567372322,2.601621344409427e-05,5.2042412643241165e-05,1.9676924302551706,1.9676905327562695,2.3573398093256914
787,5.677026737375376e-06,-0.04689347874813436,-0.04686792939901352,2.6016005159245304e-05,5.204603075981834e-05,1.9508903303225216,1.9508928580332625,2.3817215906038895
788,6.497264690497423e-06,-0.046895376539272095,-0.04686793413203172,2.598167739007428e-05,5.2045023031917215e-05,1.9725044230449524,1.972506723513999,2.3740220774722194
789,6.741513730518829e-06,-0.04689348890484857,-0.04686793965344621,2.601579457312284e-05,5.204635018476317e-05,1.9685099153851269,1.9685122543437696,2.3506676600487495
790,6.378236275051148e-06,-0.04689538612503358,-0.04686794430017471,2.5981868748183815e-05,5.20460307598114e-05,1.9693864777131478,1.9693890385445254,2.3493920711771628
791,6.9709008712754466e-06,-0.04689255351434769,-0.04686794895669075,2.598161454103772e-05,5.2046506589298325e-05,1.9639161985929778,1.9639164299513858,2.3750048800406995
792,5.6772591333547236e-06,-0.046893504538846977,-0.0468679554760456,2.6016429957534616e-05,5.204583187861517e-05,1.9621130658835935,1.962112506629578,2.3458848346567835
793,6.73391132658266e-06,-0.046895402409585,-0.04686795947757126,2.598162682282399e-05,5.2046051989960984e-05,1.9652630481314426,1.965262989033616,2.3723853461056974
794,8.710843616719919e-06,-0.04689067657744438,-0.046867966651916504,2.58087735974334e-05,5.204325509528679e-05,1.959736723468663,1.9597411524562087,2.369094172287151
795,1.0219529845874542e-05,-0.046898251322747275,-0.0468679703772068,2.5669710727379836e-05,5.20460307598114e-05,1.981555538432379,1.9815553420754306,2.370070850669675
796,5.675536726770083e-06,-0.046894471033447974,-0.0468679741024971,2.60159711328866e-05,5.204622578890844e-05,1.9533860209376195,1.9533858255846355,2.3808213404030125
797,5.676085896058804e-06,-0.046894476984381844,-0.0468679815530777,2.6015832578160902e-05,5.204603075981834e-05,1.9550261370208413,1.9550261370208417,2.3900215044360937
798,5.678329252791354e-06,-0.04689353535485895,-0.046867985278367996,2.6016396508866254e-05,5.204603075981834e-05,1.9683893447594685,1.968389344759469,2.3482038460882833
799,6.852024701917027e-06,-0.046895434044391754,-0.04686799110149933,2.598135497816215e-05,5.204765820907703e-05,1.987455787610808,1.987455787610809,2.3790093995244477
800,6.853784882231545e-06,-0.04689259988554643,-0.04686799645423889,2.5981794157007328e-05,5.20460307598114e-05,1.9632239670852145,1.9632239670852139,2.3723385606851446
801,7.088479639495612e-06,-0.046895444162084216,-0.04686800129593913,2.5981347614639253e-05,5.204491434988162e-05,1.9621786649199804,1.9621788669273235,2.3726077701502604
802,5.4411314697680454e-06,-0.046893556526609224,-0.04686800763010978,2.601595241478252e-05,5.204603075982528e-05,1.9664663579698871,1.96646544231676,2.370990775526229
803,7.088438345788404e-06,-0.0468954546835548,-0.04686801237789222,2.598176232406645e-05,5.204500826767877e-05,1.9619328487638674,1.9619315083620295,2.371145325488257
804,5.9120974478125226e-06,-0.04689451336103655,-0.04686801700588241,2.6015627796325726e-05,5.204748582866847e-05,1.9746668814175925,1.9746668814175927,2.3875977115369906
805,5.795966484070025e-06,-0.04689357287629168,-0.04686802253127098,2.6016379652185225e-05,5.204603075981834e-05,1.9644010021451939,1.9644010021451934,2.3910108757146182
806,5.560479004340688e-06,-0.04689357766908246,-0.046868026809844004,2.60157134516633e-05,5.204668640566845e-05,1.9678925761166246,1.9678925761166242,2.3791048164900213
807,5.4393941673419714e-06,-0.046894529990355954,-0.046868033707141876,2.6016045754119534e-05,5.20460307598114e-05,1.9734559434024763,1.9734559434024759,2.3832315000514055
808,6.444915794826912e-06,-0.046895480666774396,-0.04686803743243217,2.5981502265218034e-05,5.204662692961243e-05,2.0755510096640903,2.075551009664092,2.377494790658287
809,5.412240926547637e-06,-0.04689443410980005,-0.046868044883012765,2.6017821527930707e-05,5.204603075981834e-05,2.129222778659707,2.1292227786597073,2.3843930964391027
810,5.206510197052964e-06,-0.04689438910572379,-0.04686789317845366,2.6016146536437704e-05,5.204499841669069e-05,1.9905028473448272,1.9905028541765717,2.3569211614770595
811,7.902732022215918e-06,-0.04689628583350678,-0.04686789701343431,2.59126194407945e-05,5.204614306145855e-05,1.9745030821147962,1.9745039323172637,2.3830047786034254
812,6.616213318486134e-06,-0.04689250617865783,-0.04686790332198142,2.5981825493657782e-05,5.204565080872692e-05,1.9649419259939724,1.9649418612653575,2.37265318513571
813,5.557874960578561e-06,-0.046893458366216986,-0.046867907051086,2.601589276124657e-05,5.2047907670854654e-05,1.9624189824416614,1.962418812897972,2.3643635858977583
814,7.089337583546439e-06,-0.0468925169713181,-0.04686791449785232,2.5981765414792878e-05,5.2044743949063166e-05,1.9580785251826631,1.958078796834719,2.3952525688374933
815,5.44032046585512e-06,-0.04689441492908943,-0.046867918223142624,2.6015935750933693e-05,5.204603075981834e-05,1.9844569948984214,1.9844567450382422,2.359614925556328
816,5.558542322525164e-06,-0.04689347388648511,-0.046867925673723214,2.6016100958641634e-05,5.204413157291338e-05,1.9756570663101065,1.9756570663101074,2.3447854848216707
817,5.913312769775005e-06,-0.04689442561225757,-0.04686792939901352,2.601593214136434e-05,5.20460307598114e-05,1.9642152642361155,1.964215264236116,2.355668307729222
818,6.852202730583985e-06,-0.04689253859035046,-0.0468679361314886,2.598162733118845e-05,5.204302357503937e-05,1.9540102680500155,1.9540101280633135,2.3793930414309594
819,8.829230426307466e-06,-0.046897274887784064,-0.046867940574884415,2.5808544791973064e-05,5.20460307598114e-05,1.9537422465731369,1.953747695518125,2.357858517299576
820,5.321822488602611e-06,-0.04689349452571857,-0.04686794430017471,2.6016333006028703e-05,5.204603075981834e-05,1.9713374942107662,1.971335859047394,2.3608343066791058
821,7.192674347463029e-06,-0.046891608269280335,-0.04686795167796481,2.5912453627673712e-05,5.204582739319619e-05,1.978107047240095,1.9781082340792764,2.3649140393722203
822,6.852271138417471e-06,-0.046895397629973065,-0.04686795547604561,2.598158900890868e-05,5.20460307598114e-05,1.9616980881785266,1.9616992995698952,2.365736996297734
823,5.9137394834673275e-06,-0.04689445722191996,-0.046867961062126526,2.601606614030904e-05,5.204646362177989e-05,1.9573762045933316,1.9573772824022915,2.361023330183257
824,7.784866807965942e-06,-0.04689162328877724,-0.046867966651916504,2.591274907466979e-05,5.2045282911181157e-05,1.9684854316667546,1.9684849056876117,2.389735796394242
825,6.6153674011226995e-06,-0.04689257482710291,-0.0468679703772068,2.5981747612625328e-05,5.204603075981834e-05,1.9709896060826435,1.9709888442863424,2.3900116267053026
826,6.149559412207336e-06,-0.046893525971477314,-0.04686797521163035,2.60157888298116e-05,5.204829552769852e-05,1.9716451023219725,1.9716443775352648,2.3917412454433298
827,7.206220478361254e-06,-0.046892585922000025,-0.04686798155307769,2.5981880938983352e-05,5.204603075981834e-05,1.9769004491322097,1.9768989903154146,2.3903341182092595
828,5.321552053936168e-06,-0.04689448302108257,-0.04686798561592526,2.601577440398156e-05,5.204770653146479e-05,1.9632573743008488,1.9632568224203975,2.376367434990986
829,6.266943658346948e-06,-0.046893542850564705,-0.04686799272894859,2.601646504753414e-05,5.20460307598114e-05,1.9764628495409504,1.9764616825465264,2.3756595586774303
830,6.143085836346416e-06,-0.04689543988277044,-0.04686799660619083,2.5981583538877905e-05,5.204642386907876e-05,1.9709862312200972,1.9709866955144197,2.3722309056059
831,5.675641357108489e-06,-0.04689355307378401,-0.04686800390481948,2.6015620067844903e-05,5.204318763094712e-05,1.9727114749389574,1.9727140091811923,2.3883521145327182
832,7.784068815852395e-06,-0.04689166555638149,-0.04686800763010979,2.5912622969906816e-05,5.20460307598114e-05,1.961879231501284,1.9618810814147607,2.389254959651636
833,5.439457460286695e-06,-0.04689356353748481,-0.04686801496690696,2.6016238648515567e-05,5.204454218103033e-05,1.97304149344831,1.97304272137439,2.3579293348180967
834,6.032485371960289e-06,-0.046894515434123096,-0.04686801880598068,2.6015992909651312e-05,5.20460307598114e-05,1.977232447097056,1.9772324470970555,2.372943410711743
835,6.733490141028665e-06,-0.04689262840259896,-0.04686802625656127,2.5981589883621286e-05,5.204390936953268e-05,1.969744502001277,1.9697445020012767,2.3911538319601613
836,6.617023818993828e-06,-0.04689547215001405,-0.04686802998185158,2.598125639496607e-05,5.204603075981834e-05,1.9693454316556664,1.969345431655666,2.3709280997656927
837,6.0306526393994925e-06,-0.04689358500271618,-0.046868035777570434,2.601607623804092e-05,5.2043960331253636e-05,1.9772452071649733,1.9772462443155854,2.353025094491274
838,5.480730957008838e-06,-0.046894536228381876,-0.04686804032849885,2.6015908133332982e-05,5.204640622596263e-05,2.076659713783997,2.0766595120908997,2.3820401897287002
839,6.398252878488285e-06,-0.04689516756399304,-0.04686804488301277,2.5997102807981585e-05,5.204603075981834e-05,2.144526085034633,2.144528219789899,2.3775158282065747
840,6.342536065802955e-06,-0.04689344281042684,-0.046867892222370415,2.6016450639331352e-05,5.2045954499931046e-05,1.994375322708311,1.9943729394423433,2.369910652018952
841,5.853861665383863e-06,-0.04689439389005081,-0.046867897382843755,2.6015581662164967e-05,5.2046260312278714e-05,1.97469999043224,1.9747006048309026,2.371236171645693
842,7.726198062911473e-06,-0.04689155993418668,-0.04686790332198143,2.591286051813192e-05,5.204571490990961e-05,1.9897362184339809,1.9897385252465405,2.374857859427522
843,6.441431090393176e-06,-0.04689440454099063,-0.046867907622338695,2.6015729447779954e-05,5.204577925149029e-05,1.9491013834887017,1.9491014603944465,2.3784944669574273
844,6.793083821268834e-06,-0.04689535557923311,-0.04686791449785232,2.5981633215381148e-05,5.2043906617213476e-05,1.9665010056513048,1.9665010056513048,2.3517000331870634
845,5.735688803130675e-06,-0.046893468830428546,-0.046867918223142624,2.6015914745448826e-05,5.204614545691044e-05,1.9648062802396393,1.9648062802396402,2.363576381454884
846,5.6217235363021e-06,-0.04689442025970282,-0.046867925673723214,2.6016032867009437e-05,5.204339638120725e-05,1.9766181632122912,1.9766181632122917,2.3518310566920126
847,6.556775703338646e-06,-0.0468925333480445,-0.04686792939901351,2.5981662286676497e-05,5.204603075981834e-05,1.981608193535592,1.981608193535592,2.3800538372348266
848,5.619240372603503e-06,-0.046894430806900964,-0.04686793597921052,2.6016216641437533e-05,5.204317585311147e-05,1.9803460554049046,1.980345395358181,2.369250703166838
849,6.672960950685261e-06,-0.0468925436222338,-0.04686793961048685,2.5981741516531724e-05,5.204699515738015e-05,1.9684156729881246,1.968415636740668,2.3806711514116636
850,7.722773843530235e-06,-0.04689160167373738,-0.046867944300174706,2.591285181983844e-05,5.204603075982528e-05,1.9848819694766544,1.9848805980358626,2.345560171529484
851,6.327000312423514e-06,-0.046894446394801274,-0.04686794953017845,2.601575052566021e-05,5.204808497237534e-05,1.97449553675792,1.974495548114999,2.338323059255884
852,6.910516087328548e-06,-0.04689255853830306,-0.04686795547604561,2.5981837660094724e-05,5.20460307598114e-05,1.9800076814479919,1.9800077888235108,2.377086952707417
853,6.791355935102004e-06,-0.04689540326247829,-0.04686795969683798,2.5981353158930675e-05,5.2047349700184986e-05,1.9780055553229758,1.9780065947434031,2.3858947193628426
854,6.915302787426222e-06,-0.046895408201523416,-0.046867966651916504,2.5981894949123765e-05,5.204603075981834e-05,1.9787418557766576,1.9787409829471396,2.3733238338247684
855,7.489038590543302e-06,-0.04689162868184221,-0.04686797111548712,2.5912876139795264e-05,5.2045292479499516e-05,1.987769678319751,1.9877715987623055,2.3741619799292604
856,8.196103734502234e-06,-0.046896364690886136,-0.04686797556077074,2.5912330076646522e-05,5.2047027980922644e-05,1.997884238903512,1.9978828377091826,2.385306560676344
857,6.786832305785818e-06,-0.04689542417277243,-0.0468679815530777,2.5981731142627528e-05,5.204603075981834e-05,1.9880779376824023,1.9880792541134558,2.3602144813275805
858,5.493954038935231e-06,-0.0468944825959733,-0.04686798586446064,2.6015730031440875e-05,5.2046670651645366e-05,1.9728152182289143,1.9728165081211706,2.35638752529487
859,8.760821558824132e-06,-0.0468973271908858,-0.046867992728948586,2.5808949512483048e-05,5.204603075982528e-05,1.9634720147039084,1.9634760948040044,2.36294519123752
860,5.629753730878265e-06,-0.04689354651588365,-0.04686799645423889,2.601632248548898e-05,5.20460307598114e-05,1.9773788852105207,1.9773820582833952,2.352135360869558
861,6.19955305089126e-06,-0.046894498544437176,-0.046868002709036495,2.6015695203299852e-05,5.2043501252513336e-05,1.9708900443977238,1.970890935891527,2.365036426508082
862,6.798245834964754e-06,-0.046895449206733136,-0.04686800763010979,2.5981513028705873e-05,5.204603075981834e-05,1.9772642961470512,1.9772646122592452,2.3586492888466966
863,6.553369086962942e-06,-0.046892616413945536,-0.0468680127133777,2.5981865827343914e-05,5.2044672782206036e-05,1.9862299702598265,1.986228889892426,2.3753473406582817
864,6.5538022764260856e-06,-0.04689262146026696,-0.04686801815821878,2.5981492181856222e-05,5.204646332583607e-05,1.9861506939387514,1.9861506832452136,2.3479510966569332
865,5.735255699366844e-06,-0.04689451954774126,-0.046868022756881775,2.601622167807464e-05,5.2045805149017466e-05,1.984792796007218,1.984792796007218,2.3632740447586387
866,5.381831422545659e-06,-0.04689452416849611,-0.04686802756571344,2.601561100102202e-05,5.2047589569517716e-05,1.980062821952169,1.9800628219521692,2.3853355113973302
867,6.674753711557843e-06,-0.0468954765853159,-0.046868033707141876,2.5982055534382583e-05,5.20460307598114e-05,1.981355025003869,1.9813560392805707,2.3787802679752192
868,7.807205494869996e-06,-0.04689169664465569,-0.04686803862864838,2.5912260395900303e-05,5.204686182337659e-05,2.0674621847984276,2.067462928716527,2.373790861642351
869,5.57727481174884e-06,-0.0468937014866064,-0.04686804488301277,2.601792378685636e-05,5.20460307598114e-05,2.1508017971147275,2.1508020279780835,2.3747442027877796
870,5.208376449386444e-06,-0.04689391586988023,-0.04686789227143848,2.602039812456567e-05,5.204590543187587e-05,2.0007076052703465,2.0007076052703474,2.3804707166005397
871,5.67715363691799e-06,-0.04689392070688198,-0.04686789751828283,2.602011018972926e-05,5.204553659170913e-05,1.9903853480966263,1.9903858923067042,2.402171987737418
872,5.487853128942801e-06,-0.046893925650630885,-0.04686790332198142,2.6020476009655715e-05,5.204579331877929e-05,1.9793950558228874,1.9793951303913193,2.383329238967281
873,5.671212276483932e-06,-0.046893931465904135,-0.0468679071828108,2.6020147094556348e-05,5.2047828241960636e-05,1.9945341731311903,1.9945347771410469,2.3870242141750433
874,7.705487075921002e-06,-0.04689207791457717,-0.04686791449785232,2.5953873367079853e-05,5.204343459716543e-05,1.9932118015730733,1.9932118015730733,2.361532166747357
875,7.137977935090173e-06,-0.04689580069634958,-0.046867918223142624,2.5953857439181882e-05,5.2046648933178064e-05,1.9797527048046597,1.9797527048046593,2.3537749887402963
876,5.2926858891509905e-06,-0.04689394710074413,-0.046867925673723214,2.6020672185066965e-05,5.2044093509000244e-05,1.9828933436927385,1.982893343692739,2.3739864009138967
877,5.299375377202551e-06,-0.04689395289128173,-0.04686792939901352,2.6020288189592028e-05,5.20460307598114e-05,1.9909726499399323,1.990972649939933,2.391023680883507
878,5.492214193768221e-06,-0.046893958316382815,-0.046867936816273804,2.60204109936571e-05,5.2042721564692085e-05,1.9666325044177317,1.9666325044177313,2.351503275087997
879,6.793314121141507e-06,-0.04689489298910592,-0.046867940574884415,2.6003744958597575e-05,5.204603075981834e-05,2.0000299116211067,2.0000294584389864,2.3766497843832113
880,5.494855324859447e-06,-0.04689396826105795,-0.046867944300174706,2.6020063853005635e-05,5.2046879844773464e-05,1.9847460586451504,1.9847434313229073,2.3440537854976573
881,6.98010463188768e-06,-0.046894903692321896,-0.04686795175075531,2.6003749248054212e-05,5.204603075981834e-05,1.9768468132168113,1.9768472240272934,2.38183993626197
882,6.596343014489483e-06,-0.04689304972114564,-0.04686795547604561,2.600366634962526e-05,5.204603075981834e-05,1.9603471483735184,1.9603471483735184,2.39695140762197
883,6.2195067973441236e-06,-0.0468949142848391,-0.04686796253210193,2.6003472859023335e-05,5.204642528408576e-05,1.9842733389694565,1.9842733389694565,2.38919812394074
884,6.782129618358844e-06,-0.04689306025194162,-0.046867966651916504,2.6003902976947424e-05,5.204603075981834e-05,1.9975499586756775,1.997553254899032,2.3776237380809984
885,7.137937462755017e-06,-0.0468958532681975,-0.046867972243430936,2.5954135665294417e-05,5.204416453568478e-05,1.9884665395904377,1.988466558715573,2.3393111342863646
886,6.413934417399771e-06,-0.046893070381083,-0.04686797651060598,2.6003715359215506e-05,5.204734794123783e-05,2.003116950458259,2.0031171458750143,2.355374839565799
887,7.714424692290877e-06,-0.046892146964265656,-0.046867981799667245,2.5954155456712562e-05,5.204578417027095e-05,1.9887140620205017,1.988715300547798,2.3841621770742933
888,5.8733641082975595e-06,-0.046894010567565154,-0.04686798823924453,2.602015409926218e-05,5.2045742900248826e-05,1.9720969747994754,1.9720988425082164,2.3803078011465817
889,5.286989588927311e-06,-0.046894016803637965,-0.046867993327625784,2.602072953612239e-05,5.2045432082627185e-05,1.9940942485388,1.9940949699187105,2.341187722897303
890,9.34366947060253e-06,-0.04689030443715254,-0.046867998325639135,2.575325014151212e-05,5.204670731917549e-05,1.9758071558518537,1.9758080163612484,2.3493892003756907
891,5.855540793712108e-06,-0.04689309747707167,-0.04686800390481949,2.600333486924243e-05,5.204594654144995e-05,1.9657979915789703,1.9657985577365118,2.3325539661488386
892,5.664782892148596e-06,-0.046894961290940354,-0.04686800854070369,2.6003639163069332e-05,5.204615352421421e-05,1.9862513718209835,1.9862520110310804,2.3387201222114684
893,8.433074704405805e-06,-0.04689682473686195,-0.04686801508069038,2.5870877220622772e-05,5.204408676953709e-05,1.979973837082308,1.97997384604136,2.3603207934166632
894,7.318965018568763e-06,-0.04689218368264071,-0.04686801880598068,2.5953954430014524e-05,5.204603075981834e-05,1.9824265000457455,1.9824261869033752,2.358827471663948
895,6.41221827290127e-06,-0.0468949768443027,-0.04686802625656128,2.6003800624941694e-05,5.204342280989982e-05,1.9953123599762452,1.9953123599762452,2.366304827725717
896,5.6579879882473945e-06,-0.046894982275876976,-0.04686802998185158,2.6004073823887816e-05,5.20460307598114e-05,1.9762839362072513,1.9762839362072515,2.3767268323978294
897,6.2210422998274e-06,-0.04689312918886864,-0.04686803688476924,2.6003989139655062e-05,5.204285313245571e-05,1.984033636304251,1.9840321235075007,2.375108884883045
898,5.4856348510356905e-06,-0.04689406347752752,-0.04686804115772247,2.602025995121764e-05,5.20460307598114e-05,2.0642340622109274,2.0642333590423787,2.3644929453785064
899,6.956091894368353e-06,-0.0468949076084952,-0.04686804488301277,2.6006775151140854e-05,5.20460307598114e-05,2.1379482703689714,2.1379450721037805,2.3750143970234814
