patch_idx,height_difference,mean_z,max_z,std_z,range_z,ds_magnitude,modified_ds_magnitude,local_shape_ds_magnitude
0,6.146944695651945e-06,-0.04689438902426207,-0.0468678930062331,2.6016160518802114e-05,5.204517063725489e-05,1.951682101293826,1.9516821012938257,2.3632214152694293
1,5.771126144451266e-06,-0.046893447591494324,-0.04686789767398526,2.6015899492838026e-05,5.204561071998903e-05,1.982763219990717,1.9827632199907168,2.392838150086854
2,6.164411219784111e-06,-0.04689439854672475,-0.04686790332198142,2.601641430024376e-05,5.204603075981834e-05,1.982984680909743,1.9829846809097433,2.3761005774373714
3,6.248630551094162e-06,-0.04689432760842567,-0.04686790758886783,2.594698224638294e-05,5.204633489127447e-05,1.9648994564091438,1.9649001036831972,2.3829630424698878
4,8.93173561770657e-06,-0.04689062466891755,-0.046867914497852325,2.580896633173912e-05,5.204441478416644e-05,1.9821613515527208,1.9821606541221677,2.370684272830568
5,8.400319615376668e-06,-0.046896307453976764,-0.046867918223142624,2.5912509501458183e-05,5.204638059452121e-05,1.9782776503257629,1.9782706730482384,2.3134654543136426
6,7.278344578063018e-06,-0.0468925278775977,-0.046867925673723214,2.598173007438898e-05,5.204461422250034e-05,1.9758699217062943,1.975868960307059,2.321269854195493
7,5.581543403849196e-06,-0.04689347966871058,-0.04686792939901352,2.601590401098071e-05,5.20460307598114e-05,1.952532242701432,1.9525322427014309,2.372839405807575
8,5.960277105280568e-06,-0.04689348481930367,-0.04686793644549413,2.601596271027777e-05,5.204317406601322e-05,1.9739906909582374,1.9739906909582374,2.365153307361914
9,5.770367074054505e-06,-0.0468934901528504,-0.046867940574884415,2.601594100930565e-05,5.204603075981834e-05,1.9756847546145977,1.9756847546145981,2.352051486325613
10,5.771961393353888e-06,-0.0468934943550869,-0.04686794430017471,2.6016151973030734e-05,5.20460307598114e-05,1.9679674873286008,1.9679674873286008,2.3512398583956724
11,5.9600739243604555e-06,-0.04689350026991002,-0.04686795119394441,2.601564889298564e-05,5.204539571648792e-05,1.9799929191091228,1.9799929191091217,2.370484620083861
12,5.961327859424223e-06,-0.04689350477427454,-0.04686795547604561,2.6016245558121335e-05,5.204603075981834e-05,1.9634000195150698,1.96340001951507,2.3637822620434963
13,5.771232220541474e-06,-0.04689351061747227,-0.04686796009339248,2.6015731112274736e-05,5.204707798100311e-05,1.9638629561258394,1.9638629561258392,2.3638731323817437
14,6.338496638041115e-06,-0.046894461855035964,-0.046867966651916504,2.6016078799650212e-05,5.204523507880421e-05,1.957419672482296,1.9574169998690305,2.3640309213359765
15,6.899841835010385e-06,-0.04689541334015635,-0.0468679703772068,2.5981881208870384e-05,5.204603075981834e-05,1.9883858503199352,1.9883847796867475,2.3709884178622582
16,5.771949486184239e-06,-0.04689352570010401,-0.04686797491635762,2.6015892387105293e-05,5.204775857929611e-05,1.9659999084460285,1.9659981913332487,2.3643228706718715
17,7.84538570004721e-06,-0.046892585593844516,-0.0468679815530777,2.59817923273798e-05,5.20460307598114e-05,1.9853732297144995,1.9853728550797434,2.373061043233461
18,6.7099040979438165e-06,-0.04689542865141981,-0.04686798548991543,2.598162299869315e-05,5.204632578612034e-05,1.9637264190412989,1.9637264190412984,2.3513718742131915
19,7.088473845218205e-06,-0.046892596313064076,-0.04686799272894859,2.5981984719932143e-05,5.20460307598114e-05,1.9452109265847923,1.9452086459385012,2.3480500170601992
20,7.45443826103073e-06,-0.04689165447442931,-0.04686799645423889,2.591255681259895e-05,5.20460307598114e-05,1.964493334410377,1.9644923720048595,2.380115510074997
21,5.771551248187953e-06,-0.046894498829659195,-0.04686800390009966,2.6015542711485802e-05,5.204318986764406e-05,1.9924638230124967,1.9924632040689005,2.373483415768342
22,5.960558996641163e-06,-0.04689355768685879,-0.04686800763010979,2.601608387698462e-05,5.20460307598114e-05,1.9907375461346821,1.9907375355843464,2.3682402451050324
23,7.4673170519890175e-06,-0.046892616835053115,-0.0468680144087527,2.5981546629726917e-05,5.204299063166218e-05,1.9849498989077632,1.9849473489053573,2.3598143598053545
24,5.5819866729723955e-06,-0.046894514682644196,-0.04686801880598068,2.60158452000856e-05,5.204603075981834e-05,1.9677677850241513,1.9677677850241513,2.378158809377222
25,6.527713011971501e-06,-0.04689357398220764,-0.04686802497469161,2.601615063642317e-05,5.204358733918585e-05,1.9614126885779264,1.961412688577927,2.360148567892373
26,6.331945751180126e-06,-0.04689547129761804,-0.046868029800310136,2.5981268534940047e-05,5.2046085279880416e-05,1.956224919892546,1.9562249198925468,2.3676696607175076
27,5.960622473996669e-06,-0.04689453055827914,-0.046868033707141876,2.6016451995104884e-05,5.20460307598114e-05,1.9663095261305608,1.9663078338959779,2.351638176551581
28,6.142642946398895e-06,-0.046892643327252514,-0.0468680396676624,2.5981597914823343e-05,5.204706046074703e-05,2.0735952013244088,2.0735968662669846,2.340763031917377
29,5.98146813929547e-06,-0.04689370150060138,-0.046868044883012765,2.6018107008540315e-05,5.204603075981834e-05,2.1408040155857244,2.1408029467059237,2.3582990346975765
30,5.207020503533554e-06,-0.046894389075735295,-0.046867892229769496,2.6016418078054208e-05,5.20459471008497e-05,1.9573583495670213,1.9573580055041027,2.35602924963445
31,7.088196047730837e-06,-0.046892501829539426,-0.046867897654139505,2.5981391650680824e-05,5.204687455644813e-05,1.96577009468636,1.965769347166549,2.393765709450423
32,5.804461070368347e-06,-0.046894398863185895,-0.04686790332198143,2.601623810512675e-05,5.204591460107599e-05,1.973322253568217,1.9733229612636523,2.3789712894192276
33,6.250916809481337e-06,-0.04689251208742877,-0.04686790741010321,2.5981293461514442e-05,5.204587760399698e-05,1.977280160295516,1.977280211645495,2.3804210847936758
34,6.159235948263821e-06,-0.046894409236991785,-0.04686791449785232,2.6016016067346055e-05,5.204400853652674e-05,1.982709604745943,1.9827096566306088,2.3744400255078983
35,5.794987787775831e-06,-0.04689441470567566,-0.046867918223142624,2.601587353236185e-05,5.20460307598114e-05,1.9804472926424899,1.9804447930641822,2.3532227670310752
36,6.031475670557899e-06,-0.046893473840467506,-0.046867925384282055,2.6016135883689964e-05,5.204290161747033e-05,1.9837992990547726,1.9837990363389784,2.3654707701610294
37,6.379172765910759e-06,-0.04689537138996741,-0.04686792939901352,2.598182823020124e-05,5.204603075981834e-05,1.9600654728507516,1.960065686268349,2.3732976106863286
38,5.794782371202987e-06,-0.04689443063062636,-0.04686793542121639,2.6016054618774055e-05,5.2043733847248475e-05,1.968067247468711,1.9680672474687102,2.344143419187149
39,5.794456998246292e-06,-0.04689443547930071,-0.0468679401070794,2.6015970549753254e-05,5.204649856482835e-05,1.9796386588802701,1.97963865888027,2.3631257474908374
40,6.1494046141220235e-06,-0.046894440684210496,-0.046867944300174706,2.601604215544365e-05,5.204603075981834e-05,1.9709123888901967,1.970912388890197,2.3860523208755535
41,5.559566357592437e-06,-0.04689444691910965,-0.046867951741613845,2.601592482458e-05,5.2046039901276764e-05,1.9822313767986954,1.9822311744159977,2.3771574828709263
42,6.615903216790906e-06,-0.04689539793489707,-0.04686795547604561,2.5981853234299844e-05,5.204603075981834e-05,1.9707421212593252,1.9707427422399824,2.3627024924660613
43,5.3227806312631924e-06,-0.046894457577457194,-0.04686796202945011,2.6015791612856504e-05,5.204601312349538e-05,1.9667954447446734,1.9667960953706904,2.359939378072038
44,6.615896053285431e-06,-0.04689256963016342,-0.046867966651916504,2.5981756854515872e-05,5.204484787846991e-05,1.9650080356957893,1.9650077262109265,2.3753145831651694
45,9.064441593119922e-06,-0.0468906826274011,-0.04686797103474642,2.580889274558754e-05,5.2045373220198365e-05,1.9626992317243532,1.9626964443768795,2.3294412198845786
46,8.709816219358046e-06,-0.0468973107508585,-0.046867976600254914,2.580824553364852e-05,5.204645913974709e-05,1.9763077278899384,1.976303137330188,2.353279122461235
47,5.439441801336157e-06,-0.046894478082330784,-0.04686798155307769,2.601631384017743e-05,5.204603075981834e-05,1.9646360834853185,1.9646365537714534,2.3705853559666723
48,6.378816620033549e-06,-0.0468954289686662,-0.04686798603239556,2.5981320705280658e-05,5.204629865759175e-05,1.9889664306263604,1.9889664306263604,2.367270223735457
49,5.558791288404569e-06,-0.046894488545763786,-0.04686799272894859,2.6016100220764338e-05,5.204603075981834e-05,1.9509246540829976,1.950924700405466,2.351718360483509
50,7.088594451227049e-06,-0.046895439364045784,-0.04686799645423889,2.5981635836216744e-05,5.204603075981834e-05,1.9698987287213638,1.969898806608543,2.3532515867965906
51,6.851996070515835e-06,-0.046892606720348055,-0.04686800390481949,2.598101629753806e-05,5.204340675276503e-05,1.9868746831552389,1.9868759273606518,2.368603868122812
52,7.784346222346815e-06,-0.04689639591717905,-0.04686800763010979,2.59124911003782e-05,5.20460307598114e-05,1.9757930582225551,1.9757894972244416,2.3659529414797857
53,6.73390456090736e-06,-0.04689545515870651,-0.04686801392161473,2.598174851270201e-05,5.204346454517478e-05,1.9670263699882453,1.9670258942790873,2.3697380431524904
54,5.794345675244044e-06,-0.04689451402150382,-0.04686801823260375,2.601597999596075e-05,5.204660413674067e-05,1.9805884602051953,1.9805884602051955,2.372100721528702
55,5.321624076120401e-06,-0.04689451948437372,-0.04686802301486929,2.6016548552720645e-05,5.204554716150417e-05,1.964264814608964,1.9642648146089647,2.36315372547703
56,5.905639916775066e-06,-0.04689547084465492,-0.046868028370804324,2.598155357641242e-05,5.204764180706534e-05,1.9676779743898944,1.9676775249091674,2.352856331403922
57,5.794408686131289e-06,-0.04689358452349424,-0.04686803438357562,2.6016384420019786e-05,5.204535432606905e-05,1.9598542312525113,1.959854104189405,2.3642541037884737
58,7.745234869408088e-06,-0.04689169681280082,-0.0468680385626892,2.591239912130226e-05,5.204698523705864e-05,2.0493059452014943,2.049304480439072,2.3709767694806665
59,6.468413966645168e-06,-0.04689443428224024,-0.046868044883012765,2.6017946471163693e-05,5.204603075981834e-05,2.130320853948908,2.130318012050414,2.3706819547496343
60,6.140411355754068e-06,-0.04689533508704708,-0.046867892501632896,2.5981830849727777e-05,5.204567523745679e-05,1.9865416133708638,1.9865413979784432,2.3756230551469075
61,7.311278889113004e-06,-0.04689628571306076,-0.046867896371898164,2.5912447715702696e-05,5.2046176043964165e-05,1.971298830391916,1.971296825207,2.3451652472737905
62,7.326298413164495e-06,-0.046892505921641854,-0.04686790332198142,2.5981923195776188e-05,5.204580798603975e-05,1.9758129994239952,1.9758122682646286,2.3734846397269513
63,5.558059492944273e-06,-0.04689440375526374,-0.04686790704727172,2.6016106682751757e-05,5.204666959512244e-05,1.9723536034553535,1.9723539170344613,2.384946624160926
64,5.795656537506295e-06,-0.046893462718771796,-0.046867914497852325,2.60161754298231e-05,5.204267419740838e-05,1.9738319874371768,1.9738294006680754,2.3658302286179107
65,8.02193774426945e-06,-0.04689157571702896,-0.046867918223142624,2.5912237671094026e-05,5.20460307598114e-05,1.9713608426536005,1.9713642140374426,2.365997474645619
66,9.627986526776754e-06,-0.04689820454311471,-0.046867924507666664,2.5669661764098704e-05,5.2043471526076746e-05,1.9783903123315099,1.9783917142481495,2.369270310871892
67,7.326306454463645e-06,-0.046892532347066786,-0.04686792939690482,2.598140930028195e-05,5.204603286852044e-05,1.960370293957111,1.9603701065886652,2.3820256950188345
68,6.497203646246695e-06,-0.04689537663528451,-0.0468679346284457,2.5981875393008662e-05,5.204452661793091e-05,1.9627638705349253,1.9627638705349264,2.3583968776596906
69,7.089138534648316e-06,-0.04689254321791924,-0.04686793929565544,2.5981596251307948e-05,5.204730998878415e-05,1.9676794714469938,1.967679471446994,2.392966546172073
70,5.323095046283933e-06,-0.04689349371314221,-0.046867944300174706,2.6016167855273863e-05,5.204603075981834e-05,1.9629930802037954,1.962991597806561,2.3949891723231933
71,6.971204655969776e-06,-0.04689255360975518,-0.04686794893071948,2.598148050911875e-05,5.2047872411156715e-05,1.9741474228275089,1.9741450083918386,2.3815359892722796
72,7.783579338572886e-06,-0.04689634330433513,-0.0468679554760456,2.59128521847624e-05,5.204589902049056e-05,1.9750722366572517,1.9750684613219094,2.3707791672872682
73,6.032034941859181e-06,-0.04689351045905773,-0.046867959909668785,2.601585947975098e-05,5.204769022464084e-05,1.9867719924687468,1.9867718467410638,2.3637072127300125
74,7.561218806223205e-06,-0.046895408020547896,-0.046867966651916504,2.5981935087160248e-05,5.204532260746908e-05,1.9598440589169217,1.9598425725490278,2.3415475488830615
75,6.1495801480971665e-06,-0.04689446707468967,-0.0468679703772068,2.6016488616740106e-05,5.20460307598114e-05,1.9657112035450992,1.965709380370016,2.374455479018802
76,5.913926986587826e-06,-0.04689352583618715,-0.046867975665136376,2.6015857925029837e-05,5.204631181881386e-05,1.9838195877297047,1.9838183264186435,2.3705048240689113
77,6.142671560936195e-06,-0.046895424146899,-0.0468679815530777,2.5981624512239442e-05,5.20460307598114e-05,1.9720210719042457,1.97202137825574,2.3884250886668625
78,5.321414884807272e-06,-0.046894482915177435,-0.04686798552188598,2.601576651186373e-05,5.2046951182889434e-05,1.990966221845296,1.9909662218452964,2.384383106076329
79,5.558763651236089e-06,-0.04689448876061309,-0.04686799272894859,2.6016107792754824e-05,5.204603075981834e-05,1.9684974893750031,1.9684974893750034,2.383367837699961
80,5.7952858401497e-06,-0.04689354733877389,-0.04686799645423889,2.6015750507685174e-05,5.204616398747641e-05,1.9494598686912796,1.9494598686912796,2.3564318981284678
81,5.558697875165082e-06,-0.046894499142788273,-0.04686800390481949,2.6015513579526062e-05,5.204339452059836e-05,1.974362403666631,1.9743607012862223,2.354851214809168
82,5.439982071942154e-06,-0.04689450399736098,-0.04686800763010978,2.6015889550917286e-05,5.204603075981834e-05,1.9895561019120174,1.9895562511827147,2.3591770897949766
83,6.7342013904138755e-06,-0.04689261685291309,-0.0468680146414653,2.598178539862889e-05,5.204297092093607e-05,1.9658935604410415,1.9658931191616036,2.36757674798688
84,6.970677279758811e-06,-0.0468926219136137,-0.04686801880598068,2.5981383279358742e-05,5.20460307598114e-05,1.9752403956283597,1.9752404504843675,2.375506184943864
85,6.734112734671422e-06,-0.046895466068354985,-0.04686802396495772,2.5981750432092363e-05,5.204459707307263e-05,1.9681234024471173,1.968125938532893,2.379795820054856
86,6.504390195334324e-06,-0.04689357890232851,-0.04686802900649439,2.6016098197546126e-05,5.204700611700919e-05,1.9702602105059195,1.970259296401982,2.3705314441317142
87,8.946999817203862e-06,-0.0468973692394957,-0.04686803455614256,2.580899261852366e-05,5.204518175913608e-05,1.974224055408898,1.9742207426286942,2.349936453864113
88,6.629141776015607e-06,-0.04689264345070272,-0.046868038699898126,2.5981738303506528e-05,5.204785910536969e-05,2.0589246727558783,2.058924873550211,2.35324089861635
89,7.2589311821210595e-06,-0.04689516751211825,-0.04686804488301277,2.5997193342719136e-05,5.20460307598114e-05,2.12393630202745,2.123936459050799,2.3840954300702166
90,5.77376457043519e-06,-0.04689344320899499,-0.04686789412326639,2.6015983792106892e-05,5.204405360396264e-05,1.9696658586882425,1.9696620273306216,2.3680833326171125
91,6.616325288669303e-06,-0.046895340436313604,-0.046867898976883274,2.598125310601725e-05,5.204632660284203e-05,1.9766978922253589,1.9766974419760772,2.341689322682736
92,6.3795153918465375e-06,-0.04689534531019532,-0.04686790332198143,2.5981850362905743e-05,5.20460307598114e-05,1.9517500914627757,1.9517509638143657,2.324946835687959
93,7.785575818529147e-06,-0.04689629717225246,-0.04686790741796965,2.5912378630128917e-05,5.204799802218524e-05,1.9872237624972189,1.9872233079484283,2.355369045039551
94,5.676445518517497e-06,-0.046893463599211024,-0.04686791449785232,2.601621717844554e-05,5.2045122137300837e-05,1.9830426031786934,1.9830433913812642,2.378867493632221
95,6.61661973135963e-06,-0.04689536173080064,-0.04686791827503858,2.598109039234117e-05,5.204773418863301e-05,1.9809513447524856,1.9809525164301731,2.384876409204504
96,7.088631959839211e-06,-0.04689252835119826,-0.046867925673723214,2.5981720589133103e-05,5.2044524633948486e-05,1.98150546202734,1.9815049392750124,2.3792883847646027
97,5.440762311414872e-06,-0.04689442638114599,-0.04686792964666876,2.6015724672422917e-05,5.2045783104574805e-05,1.9601223239766348,1.9601221484784246,2.3784472982426106
98,5.557932840783487e-06,-0.046893485300873214,-0.046867936849594116,2.6016181204093217e-05,5.204394602435769e-05,1.9801469459620498,1.98014694596205,2.3674685944245653
99,6.853224945079729e-06,-0.04689538280587058,-0.046867940574884415,2.598183304621707e-05,5.204603075981834e-05,1.9553174312842678,1.9553174312842678,2.3854035636198057
100,6.3863481708523085e-06,-0.04689444121337073,-0.04686794430017471,2.601612548388666e-05,5.2046943215512675e-05,1.9425915669349973,1.9425923658446536,2.3807370864293067
101,8.827295439672122e-06,-0.04689066268750508,-0.04686795175075531,2.5808657527277588e-05,5.20460307598114e-05,1.969894793562418,1.9698968684492935,2.376565955904291
102,6.852652332582892e-06,-0.04689539827732194,-0.04686795547604561,2.598162953572818e-05,5.20460307598114e-05,1.9530974454769754,1.953101552881793,2.3679352943882397
103,6.266569166374775e-06,-0.04689351211750118,-0.04686796255785593,2.601610304734728e-05,5.2046399530089604e-05,1.9695649996132318,1.9695623539424387,2.331705424513188
104,7.90234677888146e-06,-0.046891624206452626,-0.046867966651916504,2.591279307917941e-05,5.204603075981834e-05,1.9730270967435042,1.9730239599199568,2.3673127964820564
105,5.676007268290276e-06,-0.046893521951788024,-0.04686797355444397,2.601605167230479e-05,5.2042853522650534e-05,1.9780793036342157,1.9780794817525154,2.3480576902018657
106,5.794529372339521e-06,-0.04689352680085992,-0.0468679778277874,2.601571677117377e-05,5.204499095445847e-05,1.9858589058036342,1.9858589058036342,2.3896298242796012
107,5.6775630704845e-06,-0.04689447854831493,-0.04686798198572266,2.601617121551101e-05,5.204559811485682e-05,1.9676367596351811,1.9676367596351816,2.374826625447039
108,6.970615119126363e-06,-0.04689259072954834,-0.04686798647163043,2.5981480720332912e-05,5.204631580092711e-05,1.971871067057024,1.9718710670570239,2.383470679166213
109,5.675832213069928e-06,-0.04689354292892247,-0.04686799272894859,2.6016229334370267e-05,5.204603075981834e-05,1.9634104132020314,1.963410413202031,2.3906072365168196
110,5.676532818576846e-06,-0.04689354765278417,-0.04686799645423889,2.601571777873896e-05,5.204743905506959e-05,1.9519507825995195,1.9519507825995193,2.356291822969583
111,5.677295852866176e-06,-0.04689449932807317,-0.04686800390481949,2.6015652477235694e-05,5.204421898703099e-05,1.9654768113776067,1.9654768113776062,2.3584529044883675
112,6.97095547802126e-06,-0.04689261141522827,-0.04686800763010979,2.5981639077745216e-05,5.20460307598114e-05,1.9809628233810728,1.9809628233810725,2.3040527953524883
113,7.207674411182736e-06,-0.046895455661879366,-0.046868014341526855,2.5981832446818818e-05,5.204352417262359e-05,1.965709375744184,1.9657077798241462,2.3392146439196466
114,7.547539934749018e-06,-0.04689167645221268,-0.04686801880598068,2.591270710016912e-05,5.20460307598114e-05,1.9685148176007095,1.9685173334505326,2.3768176746072656
115,7.444287988324312e-06,-0.04689546609501521,-0.046868025921298385,2.598161960422663e-05,5.2042640732406775e-05,1.9841135878242284,1.9841140030484976,2.3795938319070467
116,6.03137931688226e-06,-0.046893578844369226,-0.04686802993635657,2.6015811693748182e-05,5.204607625482888e-05,1.962686517520112,1.9626864426742916,2.378869539569225
117,5.557600759510926e-06,-0.04689358470965414,-0.0468680344828258,2.601629872009877e-05,5.204525507589153e-05,1.9717085299946537,1.9717071668183492,2.3641515060388083
118,5.571107953696282e-06,-0.04689453544151673,-0.04686803892681753,2.601598355582214e-05,5.204685309861956e-05,2.056324753587753,2.0563247787213843,2.4023812853209727
119,6.987986754754818e-06,-0.04689223564865292,-0.046868044883012765,2.59558665730568e-05,5.204603075981834e-05,2.1323262400403302,2.132326240040329,2.396106213863699
120,6.147080579702773e-06,-0.0468924964039136,-0.046867892297931875,2.598180156318541e-05,5.204587893847118e-05,1.9838382999526645,1.9838383691752366,2.3907033416072654
121,8.47364163207247e-06,-0.04689060924295355,-0.04686789713714048,2.5808261459846433e-05,5.2045740085542025e-05,1.9608341995351986,1.9608291931214599,2.3599673940219255
122,6.851740351648849e-06,-0.04689534483053762,-0.04686790332198142,2.598178448934301e-05,5.204603075981834e-05,1.9510508393256667,1.951048914243016,2.3399815716381185
123,6.615973042184677e-06,-0.04689251188016125,-0.04686790753680391,2.5981505235911255e-05,5.2046159996384234e-05,1.969659710382695,1.9696593273676593,2.36739424536117
124,6.97105626093624e-06,-0.046892517171442945,-0.04686791449785232,2.5981636583894502e-05,5.20447239145197e-05,1.9648716921966995,1.9648716575949539,2.373649630982637
125,6.970673059082446e-06,-0.04689536118550559,-0.046867918223142624,2.598138387849864e-05,5.20460307598114e-05,1.982197395979584,1.9821973959795844,2.370122131959478
126,5.676339058219736e-06,-0.046894420225302706,-0.046867925673723214,2.6016095954815985e-05,5.2043910762307466e-05,1.976889798624295,1.9768897986242948,2.3855106162267528
127,5.558821509110438e-06,-0.04689347936901136,-0.04686792939901352,2.6016249529524487e-05,5.20460307598114e-05,1.9762330444806597,1.9762324315507187,2.380128072597015
128,6.03149715035863e-06,-0.046893484713582616,-0.0468679356285512,2.601618178594149e-05,5.204354779155679e-05,1.9518938883178942,1.951894004095809,2.3812227710471427
129,6.267921637144831e-06,-0.04689348981438093,-0.04686794057488441,2.6016263322130088e-05,5.204603075982528e-05,1.9648704954833516,1.9648705675849183,2.371585059865046
130,5.67761994009543e-06,-0.04689349438815061,-0.046867944300174706,2.601618753098689e-05,5.204603075981834e-05,1.9722430412557708,1.9722427626153638,2.388914073961608
131,5.676322704825048e-06,-0.04689444634191993,-0.046867950861717717,2.6015904387125414e-05,5.204533835429653e-05,1.9635998019503211,1.9636000573747643,2.36914697565987
132,5.675114422386782e-06,-0.04689445069803534,-0.0468679554760456,2.6016338472135037e-05,5.204531403054519e-05,1.964614292153044,1.964614435086726,2.3004462035646207
133,5.676321597348967e-06,-0.046894456495796245,-0.04686795920133591,2.601601477488256e-05,5.204761132215907e-05,1.9516067096767136,1.9516051543238075,2.3602079146318733
134,7.0878764451411635e-06,-0.04689540777653088,-0.046867966651916504,2.5981864450885356e-05,5.204387772823893e-05,1.9650203347582929,1.965020751858919,2.3774235885902577
135,6.149379388885894e-06,-0.046894466880879476,-0.0468679703772068,2.6016147639920735e-05,5.20460307598114e-05,1.9572857937707373,1.957285981255295,2.380101793269458
136,5.5598181353165006e-06,-0.04689352545546301,-0.04686797443858418,2.601601662768182e-05,5.204800349425248e-05,1.9445746844410943,1.9445746844410947,2.3540039470598573
137,5.557949062038886e-06,-0.04689353166544999,-0.04686798155307769,2.601637455716193e-05,5.204603075981834e-05,1.9495778271219018,1.9495778271219013,2.3662138528153203
138,7.088193393087422e-06,-0.04689542847918564,-0.046867985278367996,2.5981537243176e-05,5.204633232453598e-05,1.9548149751560113,1.9548149751560115,2.3655110113921234
139,6.031285418109025e-06,-0.04689354225184436,-0.04686799272894859,2.601602609830948e-05,5.204603075981834e-05,1.9709446411170786,1.9709438041688112,2.396871997730538
140,5.67602252526378e-06,-0.04689449307249526,-0.046867996454238885,2.6016319696973436e-05,5.204603075981834e-05,1.9664992617409693,1.9664996673181367,2.3633377399089994
141,6.031364158164019e-06,-0.04689355240562234,-0.046868003086425636,2.601569759974552e-05,5.204455206531122e-05,1.9533675165936228,1.9533661853137816,2.3276235965027787
142,6.7338870282328985e-06,-0.046895449874952255,-0.04686800763010979,2.5981888022162332e-05,5.204603075981834e-05,1.957945933094512,1.9579430034677678,2.313607692612919
143,5.676115281900018e-06,-0.04689450886672406,-0.046868013277643214,2.601629995504578e-05,5.204410851668978e-05,1.9553284927808012,1.9553302704828033,2.3347310479556427
144,5.558912812538433e-06,-0.04689356787533833,-0.04686801825520566,2.6016251004740182e-05,5.204658153483421e-05,1.960381945973395,1.9603816222869008,2.363382654748146
145,6.615670142689523e-06,-0.04689262748019594,-0.04686802387904927,2.5981852878495693e-05,5.204468298151965e-05,1.972694631556642,1.9726946742074034,2.392514153975795
146,6.734561160015993e-06,-0.046892632221818914,-0.046868029014193936,2.598124124402811e-05,5.204495157383471e-05,1.9728635915376047,1.972862445239564,2.360665082925144
147,5.913024458365478e-06,-0.04689453028629088,-0.046868033707141876,2.6016217461888198e-05,5.204603075981834e-05,1.9591459217381613,1.959144973185509,2.3669548388246295
148,6.4847003088664095e-06,-0.04689264293008372,-0.0468680383863925,2.5981397363700308e-05,5.2046967453166226e-05,2.0625883002315524,2.0625883002315515,2.367082447802634
149,6.73384155005536e-06,-0.046895167385264884,-0.046868044883012765,2.5997390010976157e-05,5.204603075982528e-05,2.118442222646375,2.1184422226463746,2.399604933000283
150,5.390373572781236e-06,-0.04689344287215403,-0.04686789293791335,2.601627339199993e-05,5.2045238956993645e-05,1.9631056868054308,1.963105336990712,2.388128830897098
151,6.031269777615457e-06,-0.0468943938907988,-0.046867898213417164,2.6015827317329187e-05,5.20454812878296e-05,1.9624286395932011,1.9624273986734173,2.3806896325534717
152,7.666818906354922e-06,-0.046891560079971514,-0.04686790332198142,2.5912612559522263e-05,5.204510340545837e-05,1.9565293402064048,1.9565246544261607,2.3681287404790194
153,5.557772560091091e-06,-0.04689345837720701,-0.04686790793906485,2.6015869457036933e-05,5.2046380891873634e-05,1.9349800686767278,1.9349797150696397,2.377324137598151
154,5.558520788018262e-06,-0.04689346331980078,-0.04686791449785232,2.601624421795881e-05,5.204538820788307e-05,1.9756351015923739,1.9756351015923734,2.3841992880213554
155,5.67707473573959e-06,-0.046894415126572546,-0.04686791822314262,2.6016405678133704e-05,5.204652577921881e-05,1.9776624679333135,1.9776624679333128,2.3755601463360687
156,6.733963225273438e-06,-0.04689252815777875,-0.046867925673723214,2.5981762358562255e-05,5.204467401254825e-05,1.9831152466566415,1.983115246656642,2.3778824824771143
157,5.912612410150919e-06,-0.046893479804366374,-0.04686792939901352,2.601610745513319e-05,5.204603075981834e-05,1.9629445042140192,1.9629441498662574,2.3489442971872085
158,7.785550149218168e-06,-0.046896323529923616,-0.04686793684959411,2.5912757418942437e-05,5.204379681288812e-05,1.9764415514537612,1.9764431674143568,2.368448535770102
159,5.440616791973894e-06,-0.04689443644147252,-0.046867940574884415,2.6016295387828224e-05,5.20460307598114e-05,1.9471273900678818,1.9471296439906958,2.38371459259833
160,7.088862568627229e-06,-0.0468953871072724,-0.046867944300174706,2.5981622276193963e-05,5.204603075982528e-05,1.9679454543473287,1.967945454347329,2.386321404587755
161,5.675724484200026e-06,-0.04689350075938595,-0.0468679514422483,2.6015783737843678e-05,5.2046339266829944e-05,1.9682385630078816,1.9682385630078816,2.361208996429821
162,5.558328359814047e-06,-0.04689445178132133,-0.0468679554760456,2.6016150004011694e-05,5.204603075981834e-05,1.963598030094097,1.9635980300940976,2.3577358118337566
163,6.7356264643262015e-06,-0.04689540396755398,-0.046867962435182334,2.598129312652723e-05,5.204642238777063e-05,1.9680691717605416,1.9680689458156548,2.350654381213983
164,7.784661862508897e-06,-0.046891623522384886,-0.0468679666519165,2.5912631101476517e-05,5.204456565823662e-05,1.9737253028514261,1.9737238550586325,2.3833708933495332
165,5.7941036256502046e-06,-0.046893521214197466,-0.04686797120965216,2.6015986796554176e-05,5.20451983144557e-05,1.9759426498518313,1.9759424654285342,2.364482955969544
166,6.615558618008803e-06,-0.04689541821683111,-0.046867977019301496,2.5981228834195527e-05,5.20449512390192e-05,1.955839840025759,1.9558398400257586,2.3700682733549794
167,6.733749510581112e-06,-0.04689258541238253,-0.046867981553077684,2.5981886965339267e-05,5.204603075982528e-05,1.961334629804929,1.9613340426332218,2.3449394959776377
168,5.20414638412415e-06,-0.046893536302684766,-0.046867985278367996,2.6015969317232695e-05,5.2046799529782695e-05,1.9775711709562247,1.977570696943419,2.3856175619907165
169,5.6774729552887956e-06,-0.04689448874731559,-0.04686799272894859,2.601590024754151e-05,5.20460307598114e-05,1.9813784126618954,1.9813792186787693,2.3577518806703632
170,9.064756411371405e-06,-0.04689733174862371,-0.04686799645423889,2.5808488218894922e-05,5.204631920787545e-05,1.9617875815863537,1.961787963254822,2.329299059828855
171,8.37564068176605e-06,-0.04689166055533247,-0.04686800390481949,2.591197974771711e-05,5.204348702453343e-05,1.9576511898684381,1.9576463381523876,2.31664455645464
172,6.852285470784052e-06,-0.04689545000597908,-0.04686800763010979,2.5981523251297706e-05,5.20460307598114e-05,1.9597335167540277,1.959734131559382,2.3719647656029017
173,6.149811056509533e-06,-0.0468935629782276,-0.04686801490821979,2.6016102190292892e-05,5.204247794011324e-05,1.9703563562406452,1.970356356240645,2.3625593258663127
174,6.031040443054791e-06,-0.046894514363476955,-0.046868018805980675,2.6015889454144232e-05,5.204603075981834e-05,1.9772552340878329,1.977255234087833,2.359333149937058
175,6.030924315734384e-06,-0.046893573862196544,-0.04686802458084971,2.6016226789622492e-05,5.2043981181082444e-05,1.9730760192265284,1.9730759183131308,2.3733035323541802
176,9.301322150078165e-06,-0.04689736347835496,-0.0468680291969306,2.5809079035406207e-05,5.204681568079378e-05,1.9562272502283629,1.9562271094625703,2.314531714606936
177,6.8518233600390374e-06,-0.046892638312776666,-0.04686803443905743,2.598189172948908e-05,5.204529884425546e-05,1.9787819349577203,1.9787821525257077,2.3397856624753137
178,5.426716947174311e-06,-0.046893589208581006,-0.046868038956414906,2.6015872922761233e-05,5.2047134731614264e-05,2.0689258070120617,2.0689260863107606,2.3998862842323843
179,5.976927896224096e-06,-0.046895167393574765,-0.046868044883012765,2.5997283418898077e-05,5.204603075981834e-05,2.128391321304285,2.1283911740080113,2.380975128951276
180,6.53168136888714e-06,-0.04689344290978298,-0.04686789219935021,2.6016269714422342e-05,5.2045977520134845e-05,1.973910368422251,1.973909981329492,2.3314434021935475
181,6.734070092347551e-06,-0.046895340054230385,-0.04686789729299727,2.598118016050114e-05,5.204705206254129e-05,1.9757588564989579,1.9757584879432306,2.3653060889833917
182,7.6662429551312e-06,-0.04689629106115147,-0.04686790332198142,2.5912841233646025e-05,5.204603075981834e-05,1.9647018342898532,1.9646994578758767,2.390476237369822
183,6.150054641472713e-06,-0.046894404560350884,-0.04686790810067577,2.6015865879769002e-05,5.204553452239913e-05,1.9688985518350623,1.968897585496009,2.3768578329897174
184,5.4398865214756775e-06,-0.04689440922825046,-0.046867914497852325,2.6016253744688015e-05,5.2044232066804363e-05,1.9783547004650692,1.9783537456203435,2.3770276554672067
185,5.676507698029793e-06,-0.04689346858212852,-0.046867918223142624,2.6015916191679094e-05,5.204603075981834e-05,1.9699087520983833,1.9699109630292442,2.3743538496391565
186,7.089215908066946e-06,-0.046895366085334705,-0.04686792547040224,2.598170420190356e-05,5.204250879049799e-05,1.9730394117411252,1.9730391590395757,2.3324117895016756
187,6.497942783006725e-06,-0.046892532328190836,-0.046867929305385816,2.5981298922619375e-05,5.2046124387514214e-05,1.947037913388422,1.9470374723707224,2.328725966187399
188,6.37942547187986e-06,-0.04689537677782255,-0.04686793510950422,2.5981656777559744e-05,5.20440455594115e-05,1.9595634466544614,1.9595651302947645,2.3764816166181753
189,6.267753121850981e-06,-0.04689348935880063,-0.04686794028030798,2.6015695977283055e-05,5.204538567095407e-05,1.9500788504752489,1.950076639658562,2.3759479088980915
190,7.089400012431432e-06,-0.04689254795684438,-0.04686794430017471,2.5981704649962282e-05,5.204603075981834e-05,1.9775073137300454,1.977507408203491,2.376700491370769
191,6.969979523285467e-06,-0.046892554018622135,-0.046867950488022024,2.598099734241359e-05,5.2045782181389666e-05,1.985887620274457,1.9858884759493685,2.374224731101847
192,5.3210535082390895e-06,-0.04689445106693881,-0.04686795547604561,2.6016185521160093e-05,5.20460307598114e-05,1.9601404034578982,1.960139277679752,2.3589271566197416
193,5.558543195268212e-06,-0.0468935104342683,-0.04686795949050768,2.6015886422295602e-05,5.204724941091504e-05,1.973982900419966,1.9739818556025863,2.3621784772481753
194,6.616243575301327e-06,-0.046892569344162485,-0.0468679666519165,2.5981872519805068e-05,5.204510225870901e-05,1.975505572271179,1.9755056292077557,2.3399607207575626
195,5.794973659440724e-06,-0.04689446710470576,-0.04686797037720681,2.6016341816052455e-05,5.204603075980446e-05,1.9929786057557852,1.9929784995241764,2.364361443544074
196,6.615246315950876e-06,-0.046895418219668125,-0.04686797603221945,2.5981520129429487e-05,5.204567701235646e-05,1.98285190131333,1.9828519013133306,2.3926959214753563
197,6.031933676708884e-06,-0.04689447799718597,-0.0468679815530777,2.6016355068859602e-05,5.20460307598114e-05,1.971255008208669,1.971253741552274,2.3818764054131187
198,7.3122185073044156e-06,-0.0468916441415546,-0.046867985278367996,2.591222427564717e-05,5.204628161450259e-05,1.9605227745509584,1.9605204151864222,2.378262419268544
199,6.852268406534088e-06,-0.046892595993963615,-0.046867992728948586,2.5981490525760392e-05,5.204603075981834e-05,1.9695260652527478,1.9695250511846887,2.377476658897593
200,5.677177505610443e-06,-0.04689354699768779,-0.04686799645423889,2.6016109194472003e-05,5.20460307598114e-05,1.9664026273673296,1.9664038338940264,2.3193122592315
201,6.149551704926595e-06,-0.046893552601830604,-0.04686800390481948,2.6015583240834735e-05,5.2043605140002225e-05,1.963889454898492,1.9638879619941236,2.3499222069500507
202,7.088938623092617e-06,-0.046895450095047087,-0.04686800763010979,2.5981674729988164e-05,5.20460307598114e-05,1.9725146902309951,1.972514424502843,2.3802485395242003
203,7.206920116571106e-06,-0.04689261699022353,-0.04686801392103623,2.598177781980689e-05,5.204372058686263e-05,1.9808970063228761,1.9808970063228761,2.370808400377739
204,6.149406166681366e-06,-0.046894514486152394,-0.04686801880598068,2.6016138416417898e-05,5.204603075981834e-05,1.9769129997983026,1.976913876549566,2.3445370081763577
205,5.558354766166697e-06,-0.046894519707533264,-0.04686802361717361,2.601622167722346e-05,5.20449448571797e-05,1.9679481184440417,1.9679497309190073,2.301011198933155
206,6.851685801113985e-06,-0.04689547092032133,-0.04686802908547417,2.5981412433981092e-05,5.2046510953078495e-05,1.968879642515952,1.96888201899454,2.3544696991542096
207,1.033815603220204e-05,-0.046889799448571065,-0.046868033707141876,2.5669860651581667e-05,5.20460307598114e-05,1.9734801565274007,1.973480802833026,2.325244001239133
208,1.0534370186055486e-05,-0.04689832020483,-0.046868038913854354,2.5669410671807197e-05,5.204674812310517e-05,2.0771598721004247,2.077159426143142,2.358885647203457
209,7.451896528927436e-06,-0.04689223540076494,-0.04686804488301277,2.5955840051428665e-05,5.204603075981834e-05,2.1242187354273834,2.124217993570091,2.3629240057277876
210,6.531763661662659e-06,-0.046893442738020215,-0.04686789264627414,2.6016291316469624e-05,5.2045530596206424e-05,1.9820282275509804,1.9820295600414493,2.371605304189065
211,8.591505113958968e-06,-0.046897232039175576,-0.04686789687836876,2.580850752125893e-05,5.204639355865792e-05,1.9794669711298483,1.979465436828587,2.368810887554218
212,9.53893555937694e-06,-0.04689061351949344,-0.04686790332198142,2.5809192885395993e-05,5.204533980876502e-05,1.9711244848346916,1.971122810484565,2.361074632889981
213,5.9134434560128665e-06,-0.04689345790834479,-0.04686790704727173,2.6016061533949468e-05,5.204603075981834e-05,1.9683332771542394,1.9683340532672873,2.3392073438211076
214,5.4393589118238985e-06,-0.04689440902899293,-0.046867914497852325,2.601614931529938e-05,5.2043406839882844e-05,1.9738982216225147,1.9738970091861334,2.3294259726981705
215,7.66599243866283e-06,-0.04689630660562803,-0.046867918223142624,2.5912875430834322e-05,5.20460307598114e-05,1.9718109868355775,1.9718148573458902,2.3619741628150313
216,8.710812841850153e-06,-0.046890634780969435,-0.04686792443243349,2.5809260080063822e-05,5.2043546759243664e-05,1.9597160402408975,1.9597153888691448,2.3445308071263087
217,0.0008737967696056946,-0.046894424111548594,-0.04686792756641095,2.6015853624889657e-05,5.2047836950959436e-05,1.9476446295103764,1.9476422486696947,2.3874728881419003
218,0.0008714257369266675,-0.04689253773223032,-0.04686793364047212,2.5981642481204774e-05,5.2045514591515796e-05,1.9378592005008959,1.941285798491298,2.385495144542924
219,0.0008761427788479053,-0.04689632738162429,-0.04686793919827239,2.5912311795182248e-05,5.204663685572791e-05,1.9666883096306191,1.967825843976099,2.3739559229505964
220,5.322929452971331e-06,-0.04689349366386242,-0.046867944300174706,2.60163346525169e-05,5.20460307598114e-05,1.976729114403237,1.976730744355803,2.375239457434798
221,7.90281445677677e-06,-0.04689633797060125,-0.04686794856988969,2.591267482020533e-05,5.204703932274596e-05,1.9786826545194405,1.9786782772504505,2.376584233281564
222,5.557272498986617e-06,-0.046894450714175806,-0.0468679554760456,2.6016297208887522e-05,5.204598861346943e-05,1.9675954583641952,1.9675960286333416,2.3553751359180026
223,5.9131418118821996e-06,-0.046894456579488174,-0.046867959693295366,2.601602756652257e-05,5.204628065874628e-05,1.9707312298893391,1.970731437331137,2.352561762060469
224,5.20373021633192e-06,-0.04689351564891661,-0.046867966651916504,2.6016311354095127e-05,5.20455519768398e-05,1.99135036110376,1.9913503611037593,2.3742051517877156
225,6.852606313857129e-06,-0.04689541333582109,-0.0468679703772068,2.598199897214651e-05,5.204603075981834e-05,1.9716986013664966,1.9716986013664966,2.373671954090781
226,6.032099717567966e-06,-0.04689352560658867,-0.04686797480117227,2.6015965752653067e-05,5.204723672076056e-05,1.9824943171356693,1.9824943171356693,2.3498381244455397
227,6.97036091441541e-06,-0.04689258538711705,-0.04686798155307769,2.59817796809139e-05,5.204603075981834e-05,1.9695266844758468,1.9695278815716306,2.379360024878212
228,5.9125665563967225e-06,-0.046894482733898735,-0.04686798642723247,2.6015944467759247e-05,5.204650151550971e-05,1.969426053350859,1.9694262035557366,2.3387195519059776
229,6.971649539746362e-06,-0.04689543504968536,-0.04686799272894859,2.5981873068254452e-05,5.204603075981834e-05,1.9817497783622813,1.9817498759337122,2.378746234416767
230,5.677150254211094e-06,-0.0468935469845675,-0.04686799645423889,2.6016072699791723e-05,5.20460307598114e-05,1.9640869926458127,1.9640869926458118,2.3735342126261396
231,6.149397488088178e-06,-0.046893552653645976,-0.046868003701852734,2.6015433769941675e-05,5.204320072706853e-05,1.9698677056304006,1.9698677056304004,2.3312674545576306
232,6.852109573940998e-06,-0.046895449840564055,-0.04686800763010978,2.598162289083673e-05,5.204603075981834e-05,1.9684520864766908,1.9684520864766912,2.343288970632859
233,6.733930942464082e-06,-0.04689261696942111,-0.04686801432079268,2.5981629771591624e-05,5.204380683664078e-05,1.9742496373955176,1.9742496373955176,2.3552926685394677
234,7.325435870908609e-06,-0.04689546085003906,-0.04686801880598068,2.5981611142797926e-05,5.204603075981834e-05,1.977061725697071,1.977061111659923,2.37300440576627
235,8.257312644877373e-06,-0.04689168163211703,-0.04686802446075583,2.591279023401468e-05,5.204410127496173e-05,1.966503946149875,1.9665042645786455,2.346984133741201
236,8.376264167983536e-06,-0.04689641755161196,-0.04686802986024198,2.591259590897787e-05,5.2046152369408794e-05,1.973585748480209,1.9735868778873444,2.316713496374719
237,5.795683594668551e-06,-0.04689453085061385,-0.0468680351807064,2.601631751836984e-05,5.2044557195291e-05,1.9741972599289714,1.9741980315803564,2.3114342581664515
238,7.04993360171217e-06,-0.04689169704981619,-0.04686803896738077,2.5912363461775605e-05,5.204695242504859e-05,2.078202360751193,2.078202611797601,2.391397820745897
239,5.790360104704967e-06,-0.04689370144619946,-0.046868044883012765,2.6017941564540926e-05,5.204603075981834e-05,2.121167907585926,2.1211657520868608,2.4036281448686623
240,8.782019556782317e-06,-0.04689155040420307,-0.04686789240158635,2.591270607910881e-05,5.2045775283997286e-05,1.9601599018028693,1.9601604816716183,2.3770617860218595
241,7.785147006682568e-06,-0.04689628672558837,-0.046867898072776505,2.5912546890003046e-05,5.2047511280947645e-05,1.9593361000888683,1.9593354762307233,2.3977406269436807
242,5.913190634157273e-06,-0.04689345273765063,-0.04686790332198142,2.601623915794246e-05,5.204603075981834e-05,1.9756839779411792,1.9756845738831155,2.362427422031224
243,5.4392873575464315e-06,-0.04689345853288996,-0.04686790816505258,2.6015697327485717e-05,5.2047072200162026e-05,1.9742190316898203,1.974218782630566,2.351232615033901
244,7.66683765885721e-06,-0.04689630244305558,-0.046867914497852325,2.591297109510175e-05,5.204603075981834e-05,1.974137072792802,1.974140870339446,2.3707046670827725
245,7.428762458145986e-06,-0.04689157760385526,-0.04686791967799479,2.59126876448005e-05,5.204736366658247e-05,1.9720988537832156,1.972102081799931,2.345404483475946
246,0.0003334033227086567,-0.04689442110945109,-0.046867925673723214,2.6016148661622322e-05,5.204574831636083e-05,1.9806782883914242,1.9803621720685305,2.3742384264365404
247,0.003379546121822909,-0.046895373237407965,-0.04686793041654176,2.5981350226949815e-05,5.2045959106628015e-05,1.9499324562326552,1.9473222012940483,2.378223216396043
248,0.0040471378816215545,-0.04516396527846698,-0.029489372387721747,0.0041383501304037675,0.017430608409155553,1.973053733053532,1.974574580980525,2.3837020390669124
249,0.008497250594403646,-0.04689254440196165,-0.046867940574884415,2.598188226530057e-05,5.20460307598114e-05,1.9693136685496082,1.9651065609884968,2.37981245278052
250,0.008750653357150666,-0.046892548958923766,-0.04686794430017471,2.5981420981102403e-05,5.20460307598114e-05,1.9756794907281132,1.9741471990157209,2.3876428547756032
251,0.007888999832824374,-0.046892555045375886,-0.04686795175075531,2.5981422785865932e-05,5.20460307598114e-05,1.967514068921079,1.9698731874632636,2.382800226041058
252,0.00474307643208408,-0.04689634400662109,-0.04686795547604561,2.591285235548834e-05,5.204603075981834e-05,1.9665999687445133,1.9665584614941052,2.3747284231569123
253,0.0014406996274405808,-0.04689256511852364,-0.046867960758835085,2.5981705068549498e-05,5.2047109661973456e-05,1.9782665119044303,1.9782895790101178,2.3287954793395813
254,6.260646706048753e-06,-0.046892569537969865,-0.046867966651916504,2.59819780189381e-05,5.204582844930278e-05,1.966999237207937,1.966999237207936,2.3623140282842146
255,6.496378693495411e-06,-0.04689257482878556,-0.0468679703772068,2.5981612274280288e-05,5.20460307598114e-05,1.9633098352443583,1.9633098352443579,2.3491697301625893
256,6.971197779983845e-06,-0.04689541825724556,-0.04686797651953066,2.5981240189056087e-05,5.2045218476494404e-05,1.975109149141518,1.9751091491415176,2.3604889938052604
257,5.441382877576056e-06,-0.04689447799474892,-0.0468679815530777,2.6016105575996618e-05,5.20460307598114e-05,1.9646443700477503,1.9646443700477492,2.3724055174928043
258,6.616000880323565e-06,-0.04689542872245736,-0.04686798538189557,2.5981430523647854e-05,5.204677035647309e-05,1.9470893423472353,1.9470893423472344,2.347262623998025
259,5.912395047409444e-06,-0.04689354218971903,-0.046867992728948586,2.6016094582105253e-05,5.204603075982528e-05,1.9648414139963712,1.9648414139963704,2.3705039642320145
260,5.676925884936872e-06,-0.046894493411269146,-0.046867996454238885,2.601597561593851e-05,5.2046366617174156e-05,1.9637411346253657,1.9637411346253653,2.375311405013019
261,6.6170832101774665e-06,-0.046895445172581235,-0.04686800390481949,2.5981068384171637e-05,5.2043265362976265e-05,1.9598248773685554,1.9598248773685554,2.342148541180681
262,5.440203810030669e-06,-0.04689450374585213,-0.04686800763010979,2.6016202130286958e-05,5.204603075981834e-05,1.9835945793240344,1.9835946711399464,2.3218455568684093
263,6.733908199912367e-06,-0.046892616608715645,-0.04686801400324168,2.5981948738624345e-05,5.204338291822652e-05,1.964535961148409,1.9645363052481921,2.330341013891393
264,6.379200806705061e-06,-0.04689262176636296,-0.04686801876538223,2.598156311013453e-05,5.2046071358266555e-05,1.959635702134344,1.9596348525905056,2.3686269175513823
265,6.970960368013513e-06,-0.046895465908402406,-0.046868023145997986,2.5981997706620185e-05,5.204541603281293e-05,1.966348567046456,1.9663482151521527,2.3550322743901027
266,5.676559297903868e-06,-0.046893578589910744,-0.046868029221859384,2.6015961486695336e-05,5.2046284008788746e-05,1.968511412292905,1.9685123634459254,2.365939616543896
267,9.064828553830065e-06,-0.04689074542224194,-0.046868033707141876,2.5809121868544966e-05,5.20460307598114e-05,1.9663359806583183,1.9663408554383341,2.3278144426122576
268,6.838814849368739e-06,-0.04689548136028269,-0.04686803763787989,2.5981255426238128e-05,5.204781854797891e-05,2.057264777451606,2.057266283831465,2.3669391578123107
269,5.6625252259205045e-06,-0.046893701335285504,-0.04686804488301277,2.6017881198471947e-05,5.204603075981834e-05,2.1064908244503444,2.106491204466871,2.39535122364395
270,5.390382069242542e-06,-0.046894389153798545,-0.04686789248758321,2.601633060702151e-05,5.204568928713488e-05,1.9490364660061885,1.949036569315103,2.3647282519395203
271,6.0310062847239284e-06,-0.04689439404871962,-0.04686789761432195,2.6015774841103765e-05,5.204652963592543e-05,1.9769526050749266,1.9769536303796926,2.3475149569553615
272,5.67567473160671e-06,-0.04689439883905638,-0.04686790332198142,2.6016444736198924e-05,5.204603075981834e-05,1.967666528192026,1.9676664398673638,2.3595543473599307
273,5.440303701188847e-06,-0.04689345845215324,-0.0468679075600829,2.6015910353775948e-05,5.2047462701737546e-05,1.980409821672159,1.980410274474076,2.387755474909812
274,5.795358499267952e-06,-0.04689346369357854,-0.04686791449785232,2.60161377991477e-05,5.204603075981834e-05,1.9681620350038704,1.9681644027210432,2.366693547369649
275,6.031545133472007e-06,-0.04689441600609323,-0.046867918864869275,2.601582795425562e-05,5.204740933076324e-05,1.975463364072256,1.9754618499514498,2.3473129591186734
276,0.0003292211926941656,-0.04689063664375387,-0.046867925673723214,2.5808704612765037e-05,5.204592539648917e-05,1.966143011196392,1.966042071108705,2.3363551764782486
277,0.0028637659530355397,-0.04672516808835894,-0.038705377381945495,0.0011028643517889728,0.008214600459498338,1.9799554776341375,1.9801120870826452,2.3625504310587404
278,0.011961114101832801,-0.03838744190841678,-0.01717224801539556,0.010425697477914856,0.02974773121932424,1.9626466479199847,1.9642710876534657,2.3566886491027104
279,0.0039498214364526345,-0.037414532839009106,-0.017172250031678746,0.010927079670649058,0.02974773529435849,1.9734159026695675,1.979178865234244,2.3741085069263708
280,0.0072440360096383835,-0.03409995889005199,-0.0055149421235281566,0.013775672425787554,0.04140504595147744,1.9893674605456892,2.000127404177143,2.3673591217765075
281,0.010296177635283137,-0.036305822750660056,0.005799488332425825,0.014208932775923668,0.05271948238865065,1.976905322855395,1.9908967291385902,2.3716628642444695
282,0.008711200520111945,-0.04430590002798705,-0.01717226207256317,0.0067047368593829435,0.02974773570895195,1.968604430389383,1.9759963052672342,2.3510212564238455
283,0.004525889556016982,-0.0468944538770501,-0.0468679574067494,2.6015703009622952e-05,5.204661442431702e-05,1.977536656100434,1.984402996111264,2.3632645580617284
284,0.00016808100956887544,-0.046893513800780204,-0.046867964188099395,2.601621538638314e-05,5.2044769286621606e-05,1.979772193773333,1.9799819809866332,2.3737092881491386
285,6.615434543067628e-06,-0.04689257261113157,-0.04686796872175579,2.598128409053382e-05,5.204682845702524e-05,1.9673978199017266,1.9673978199017266,2.3851922054014163
286,5.439529863459901e-06,-0.046894469980672204,-0.0468679741024971,2.6016280093873963e-05,5.20460307598114e-05,1.9730169559716466,1.9730178537827714,2.373540920285354
287,6.385572541768626e-06,-0.04689352989550435,-0.046867980069110124,2.60160140563607e-05,5.20464696753542e-05,1.9641204055620018,1.9641203573977686,2.346265571029509
288,5.322418258316043e-06,-0.04689448056792975,-0.04686798527836799,2.6016356153304507e-05,5.204540570932087e-05,1.975256512626209,1.975256805277236,2.356697794707895
289,5.5581536670237484e-06,-0.04689354045411237,-0.04686799008727287,2.6015941802655216e-05,5.204618638485897e-05,1.9693367805344664,1.9693361507161207,2.3659459653516173
290,6.971215279011211e-06,-0.04689259923333362,-0.04686799645423889,2.5981648825514787e-05,5.204397870058053e-05,1.9769655674955264,1.9769665947190789,2.353729247924181
291,5.67643494963802e-06,-0.04689449708819559,-0.04686800017952919,2.601600605978293e-05,5.204603075981834e-05,1.9753659981795786,1.975366971255212,2.3499589134759944
292,6.505105467504218e-06,-0.0468935559981935,-0.04686800763010978,2.601567792849357e-05,5.204497856892837e-05,1.9640180939332885,1.9640172941066023,2.368544110229738
293,8.021430307669044e-06,-0.04689640045284029,-0.04686801141846344,2.591288665565443e-05,5.204596769646519e-05,1.9450264446906562,1.9450262873924524,2.34522168711658
294,6.971057206955657e-06,-0.04689262074726649,-0.046868017002308165,2.5981203134835434e-05,5.204571050549528e-05,1.9488239024196197,1.948822748243654,2.3475273036510775
295,5.676413618072441e-06,-0.046893572737305184,-0.04686802253127098,2.6016151083686048e-05,5.204603075981834e-05,1.9733801978094672,1.973380197809467,2.379684259963519
296,5.9134336701833415e-06,-0.04689357790302841,-0.046868027843638214,2.6015563267869596e-05,5.204630164374474e-05,1.9777388562229796,1.9777385525000186,2.3705577324179172
297,7.548657744778581e-06,-0.04689642264857566,-0.04686803370714187,2.5912850175593668e-05,5.204603075981834e-05,1.9624178966605073,1.9624163622441624,2.393260678787593
298,6.510450248994383e-06,-0.046895481216115135,-0.04686803804302614,2.59815688226163e-05,5.204712911620335e-05,2.0366926573255606,2.036692945625668,2.3704175826323275
299,5.4972195619751405e-06,-0.0468944343487197,-0.04686804488301277,2.6018091060783833e-05,5.204603075981834e-05,2.12599583012448,2.1259958301244817,2.4034895073930325
300,6.53173268663973e-06,-0.04689344298426871,-0.04686789238235345,2.6016385001711304e-05,5.204579451690422e-05,1.964752425358418,1.9647504150842707,2.374152042537676
301,6.6162525117271565e-06,-0.04689534077102654,-0.04686789778205367,2.5981662538498044e-05,5.204784539727253e-05,1.9669257975949164,1.9669262481809202,2.3765478936971522
302,1.0101298730247506e-05,-0.04688966861694925,-0.04686790332198142,2.566998513521974e-05,5.204603075981834e-05,1.9728908770646603,1.972891847406429,2.3545597160605407
303,7.208671942741978e-06,-0.04689535193101659,-0.04686791010487381,2.5981612083728954e-05,5.2046698448035555e-05,1.9795418909588411,1.9795420156218166,2.347600550695062
304,5.439567080341968e-06,-0.04689346442144312,-0.046867914497852325,2.601630215868778e-05,5.20460307598114e-05,1.986228773364392,1.986227476933443,2.3446447496203637
305,6.269624091489464e-06,-0.04689441690099673,-0.04686792159877343,2.601584026998703e-05,5.20463804193072e-05,1.9800910917029217,1.9800919083113795,2.3233390006497916
306,0.00033352124737811786,-0.04689442145803286,-0.046867925673723214,2.601664243814134e-05,5.204603075981834e-05,1.9777788153500042,1.977990025844371,2.364915038917582
307,0.005317353163695468,-0.0468915894093074,-0.046867931843396396,2.59126022861014e-05,5.204674528266895e-05,1.9613780009448674,1.9667944105422284,2.3469755064644717
308,0.011806034093290159,-0.038022924143495396,-0.017358515561729723,0.010019542668888985,0.029561466278294743,1.9649425642835672,1.9715478725428646,2.3711796607384574
309,0.005597440188320896,-0.040497277509453866,-0.01939518995817145,0.009062421803290744,0.027524796647472777,1.9817306267695816,1.9918770995574158,2.368228325822278
310,0.03510985221561864,-0.016796761901468633,0.023027873540121264,0.02069830390384229,0.0699478601457655,1.9659117100055712,2.028260794379549,2.3701282973834763
311,0.04131844060154197,-0.014693301192108568,0.029805915363887714,0.026143093319419896,0.07672590604856794,1.9658616455604074,2.0075187572620043,2.35546139344381
312,0.01319077096863145,-0.03244171351435309,-0.017172260429524987,0.013212416771920895,0.029747736568695803,1.9716831005623028,2.026947490930646,2.342991953085029
313,0.0031626534312513225,-0.046808262284850535,-0.04280555696000653,0.0005511456779075223,0.004114444546798893,1.9705231887010393,1.979073839024414,2.3833749145676943
314,0.00016948865624444656,-0.046895403310592595,-0.04686795968834473,2.5981409878521325e-05,5.2048591847833614e-05,1.9817616357372554,1.9818362846752138,2.390916583350583
315,7.086801204225501e-06,-0.046895408591824124,-0.046867966651916504,2.598207503669847e-05,5.204603075981834e-05,1.978704752516285,1.9787064511617303,2.3600813656805197
316,6.855049851663167e-06,-0.046892575549816344,-0.04686797310508723,2.59816905535221e-05,5.204330287938985e-05,1.9727694043394814,1.97276935784997,2.380797594941143
317,9.063621884901207e-06,-0.04689731252721237,-0.04686797782778739,2.580886684889624e-05,5.204603075982528e-05,1.9618380363403058,1.9618406307553569,2.3811462817879807
318,6.0333506109451176e-06,-0.04689353352895127,-0.04686798347515413,2.601616878015798e-05,5.204571389300777e-05,1.9672175542943873,1.9672177538904991,2.3663456902652054
319,7.206366983401205e-06,-0.046895431776941776,-0.046867989003658295,2.598160003937029e-05,5.204660678736345e-05,1.9795138779819628,1.9795138872828733,2.3643356722454563
320,7.549346403737091e-06,-0.04689165256498148,-0.046867996454238885,2.5912648564037252e-05,5.204428936148031e-05,1.9733422112298213,1.9733429331860775,2.364606414098606
321,8.257741476626006e-06,-0.046896389500476886,-0.04686800017952919,2.5912256526870484e-05,5.204603075981834e-05,1.9786697149533963,1.978666396322425,2.3819293641039936
322,5.914141711635573e-06,-0.04689355567932364,-0.04686800763010979,2.60157237359582e-05,5.2044829600632336e-05,1.974430153941487,1.9744309764242556,2.3610957290554957
323,7.088757403441751e-06,-0.04689545407471432,-0.046868011355400085,2.5981820463778908e-05,5.204603075981834e-05,1.9740157582642808,1.9740171520321683,2.373753939943181
324,5.67789446902787e-06,-0.046893566649804604,-0.046868015568790146,2.601579816540305e-05,5.204693815524103e-05,1.970700601703122,1.9707003662358153,2.361510460679778
325,6.9706793976500086e-06,-0.04689546532222072,-0.04686802253127098,2.5981766001202136e-05,5.204603075981834e-05,1.9740650390342145,1.9740650390342145,2.3385221654953403
326,6.496983608844269e-06,-0.04689547018975062,-0.04686802713393795,2.598133397052423e-05,5.204753959076047e-05,1.9793727095376232,1.9793717293084097,2.3605668351933877
327,6.030848010096446e-06,-0.0468935840929557,-0.046868033707141876,2.6016144032392163e-05,5.204603075981834e-05,1.9725435579155224,1.9725430854052801,2.3776738994194204
328,5.452932318787631e-06,-0.04689453508574408,-0.046868037785505204,2.6015677037905395e-05,5.204710188867756e-05,2.079381157082273,2.0793811399708293,2.390767064594514
329,5.290954444975539e-06,-0.04689443439813203,-0.046868044883012765,2.601794201552208e-05,5.204603075981834e-05,2.1272363533545997,2.127236353354598,2.388261279222703
330,6.531953176055116e-06,-0.04689344282476928,-0.046867892373458335,2.6016316211115414e-05,5.204580341201803e-05,1.982930931353757,1.9829308306924003,2.348084184149976
331,7.665777261085776e-06,-0.04689628580090887,-0.04686789698952395,2.591241289636225e-05,5.204637295446596e-05,1.9715691358248537,1.9715649589085853,2.368029139825678
332,6.969511117242897e-06,-0.046895344672682734,-0.04686790332198142,2.5981734703959693e-05,5.204539021384097e-05,1.9795024258130223,1.979500476445128,2.3845484787162468
333,6.73427333428969e-06,-0.04689251218309589,-0.04686790771249974,2.5981314036464097e-05,5.204595317109123e-05,1.9731353053361782,1.9731350017257652,2.3681522900807193
334,6.030423311878513e-06,-0.046894409405037585,-0.046867914497852325,2.6016353775873325e-05,5.2044691545516386e-05,1.9781010516579873,1.9781016948589196,2.350744058457005
335,7.90395400401387e-06,-0.04689157637590032,-0.046867918223142624,2.591280756446868e-05,5.20460307598114e-05,1.985436045430634,1.9854388389796929,2.360096337536451
336,6.148700215654705e-06,-0.046894420112069055,-0.046867925673723214,2.601622096783917e-05,5.204442929412911e-05,1.9762716803676317,1.9762711683498357,2.35769178613481
337,0.002816815231659375,-0.04689537179601896,-0.04686792939901352,2.5981711972239422e-05,5.20460307598114e-05,1.967764538236866,1.9687782854282778,2.390209690585553
338,0.0027492672380905626,-0.04594605448440196,-0.034165312347935156,0.0028745567740635657,0.012754667887680836,1.9653405448174353,1.9666405993582612,2.339796680343365
339,0.0069431797237185415,-0.04595743444854824,-0.03147364265145755,0.002823277979038603,0.015446343954186675,1.9720373045054829,1.978940736796623,2.379606667367016
340,0.010429473672878515,-0.04515020053573658,-0.02841003015110212,0.0044461087802579145,0.018509960179832405,1.9647142631394228,1.9814439686924938,2.3576348841563792
341,0.01006759739252663,-0.0446549997016977,-0.02729002320368671,0.005331615438958711,0.01962997236229671,1.9743331898176235,1.994845002138805,2.3507974351614784
342,0.011003953669349118,-0.04689539736767574,-0.0468679554760456,2.59819097615624e-05,5.204603075981834e-05,1.9781121660287955,1.9880620017689594,2.3744958433554015
343,0.0030900303256359046,-0.04689540328294866,-0.046867960492876934,2.5981372643935824e-05,5.204632561091327e-05,1.9556994918757915,1.962351121295363,2.3902758927558723
344,0.00016618370987128437,-0.04689256951423777,-0.0468679666519165,2.598195874533845e-05,5.204540271448732e-05,1.9677816139153905,1.9676834557354244,2.3835704947343648
345,7.20941777868589e-06,-0.04689541334463686,-0.0468679703772068,2.5981925417283556e-05,5.204603075981834e-05,1.9687087405949308,1.9687073851554446,2.3657563913113786
346,7.901850446303557e-06,-0.046891633060889844,-0.04686797480622281,2.5912204928688855e-05,5.2045768181172014e-05,1.9695309606713347,1.9695311106506856,2.362236366064922
347,5.557052550975833e-06,-0.046893531299924164,-0.0468679815530777,2.6016118342967495e-05,5.20460307598114e-05,1.9503898854199733,1.9503903203877135,2.373258101152513
348,6.267207481977718e-06,-0.04689353605956578,-0.046867985278367996,2.601613859830077e-05,5.204621118105879e-05,1.9468269947491659,1.9468269814657613,2.3776918383898966
349,5.557011408461556e-06,-0.04689354237765157,-0.04686799272894859,2.6016143473813406e-05,5.20460307598114e-05,1.9850997664423211,1.985099055325242,2.3533821413653304
350,5.795377649776606e-06,-0.04689449330767271,-0.04686799645423889,2.601610846902452e-05,5.204668412363972e-05,1.9727949079398408,1.9727922658100385,2.377066210025573
351,7.665356218861815e-06,-0.04689166052249206,-0.04686800390481948,2.5912315914127718e-05,5.20434695764696e-05,1.9593321615690724,1.9593328500525367,2.3593504434187067
352,5.7953818738137245e-06,-0.04689450375860085,-0.04686800763010978,2.6016069195950273e-05,5.204603075982528e-05,1.9659250621431383,1.9659252234729698,2.386462706261676
353,7.310979181787357e-06,-0.0468916705106422,-0.04686801372908719,2.5912664121779663e-05,5.204407707349451e-05,1.9780635131774722,1.978063132703217,2.387931665622247
354,6.615002160070273e-06,-0.046892622226084986,-0.04686801880598068,2.598135805879643e-05,5.204603075981834e-05,1.9653040055865374,1.9653033566606726,2.3900352776957416
355,5.795988013935737e-06,-0.04689451973788315,-0.04686802473709648,2.6016002310206256e-05,5.204382493431692e-05,1.954158705623799,1.9541587056237986,2.3558965033193235
356,5.676447460376664e-06,-0.046893578542331754,-0.046868029178040914,2.6015771795916037e-05,5.204593520412998e-05,1.9582045514262856,1.9582045514262858,2.3771688446105252
357,6.733504013131428e-06,-0.04689263806055833,-0.046868033707141876,2.5981806707159536e-05,5.204603075981834e-05,1.9667066704183842,1.9667074905236883,2.3956749079233526
358,5.690029660439796e-06,-0.04689358894935125,-0.04686803858597177,2.6015445065401245e-05,5.204681299912639e-05,2.0547646097391623,2.054762607214408,2.38652507328388
359,6.040641551224057e-06,-0.04689370163088122,-0.046868044883012765,2.6017744021510243e-05,5.204603075981834e-05,2.1336972976908815,2.1336974734555243,2.388280619000512
360,8.56617658306791e-06,-0.04689722759233305,-0.04686789230962069,2.58090067713776e-05,5.204586724966154e-05,1.9621392182649806,1.96214586042813,2.3581327129408676
361,8.493894688181071e-06,-0.04689155567478919,-0.04686789823770388,2.5912563639971947e-05,5.2046719983718515e-05,1.9646086280803048,1.9646127080120672,2.3587543423764536
362,5.6766776794156656e-06,-0.04689439905348053,-0.04686790332198142,2.60162975713949e-05,5.204603075982528e-05,1.9597884267715073,1.9597894735034873,2.3750956213571826
363,5.912547455851399e-06,-0.046893458609613574,-0.04686790719579968,2.6015951119383577e-05,5.2047292068591045e-05,1.9519177714573757,1.9519179823152244,2.385569133658187
364,8.139987911341709e-06,-0.04689630212070668,-0.046867914497852325,2.5912841419034727e-05,5.204538239121648e-05,1.9618127538515058,1.9618131399267522,2.35096113409844
365,8.1392051348848e-06,-0.046891576655738766,-0.046867918223142624,2.5912355486715733e-05,5.20460307598114e-05,1.976582518235161,1.976585864452332,2.3477739851053085
366,6.616504527331167e-06,-0.04689536670765627,-0.046867925673723214,2.5981525906853508e-05,5.20442427090137e-05,1.9659477189491643,1.9659447650266682,2.3828729655109098
367,0.0005989159923159833,-0.046893479551481605,-0.04686792939901352,2.6015964688152986e-05,5.204603075981834e-05,1.9692220433098597,1.969730187815987,2.371649089910259
368,0.0012956866258117706,-0.046895377173201976,-0.04686793640014951,2.598163968734695e-05,5.204275491411947e-05,1.9647728829353286,1.9641962004355433,2.3605004948295716
369,0.0022032930270307807,-0.04689348987878593,-0.046867940574884415,2.601581266514615e-05,5.204603075981834e-05,1.9583804568133554,1.958156179219149,2.3751371842767637
370,0.0026239188500288856,-0.046894440575845346,-0.046867944300174706,2.601579330360261e-05,5.204603075981834e-05,1.9790405867349752,1.978873857272852,2.380968017807141
371,0.0019327794758357835,-0.046897285153208415,-0.04686795139165287,2.580851442653336e-05,5.2046208218886614e-05,1.967993124450138,1.967398173455981,2.3745499289602168
372,0.0010152431401722957,-0.04689066612799318,-0.0468679554760456,2.5808804520389962e-05,5.204537212959853e-05,1.9781247468829446,1.977733878416014,2.3814160253267334
373,5.794998088231507e-06,-0.04689445668514871,-0.04686796021820107,2.6015950887092354e-05,5.204657898305598e-05,1.980356375489475,1.980357922436749,2.3712979252707003
374,6.149575948336031e-06,-0.0468935157671849,-0.046867966651916504,2.6016196589470864e-05,5.204513499844354e-05,1.9691824489496683,1.9691807939363237,2.3839000308138987
375,5.4395749858332904e-06,-0.04689352084103486,-0.0468679703772068,2.601620363221499e-05,5.20460307598114e-05,1.964249007501002,1.9642480830471363,2.363868288872588
376,6.616669111614004e-06,-0.046892579126999,-0.04686797419488866,2.5981330870896515e-05,5.2046604561040155e-05,1.9833515382689324,1.983349711535955,2.3675510315977517
377,7.635303588143777e-06,-0.04689447763849548,-0.0468679815530777,2.6016170070450927e-05,5.20460307598114e-05,1.9626541334903798,1.9728909196977331,2.3676137531237855
378,1.8668045832549278e-05,-0.04689542846682194,-0.046867985278367996,2.598153090624515e-05,5.2046632638039214e-05,1.9544416595864504,1.9637331817730228,2.3570898472403887
379,2.219200505892491e-05,-0.0468935421220033,-0.04686799272894859,2.601604653224387e-05,5.20460307598114e-05,1.9624685938528588,1.9733835574831942,2.3628264864286725
380,2.094158366007035e-05,-0.0468935464446714,-0.046867996454238885,2.6016055224415867e-05,5.204603075982528e-05,1.9817240025681875,1.9810822015388894,2.35416995129003
381,1.2969002491135481e-05,-0.046895444357257406,-0.04686800168866907,2.5981189381075777e-05,5.2044521619935835e-05,1.9794395431161083,1.980067532521457,2.3865865068831655
382,5.440611092043725e-06,-0.04689355657604696,-0.04686800763010979,2.6015896913862304e-05,5.20460307598114e-05,1.963231073187128,1.9632324185282155,2.3613026962900223
383,5.44016894956525e-06,-0.0468935623646463,-0.04686801205292061,2.6016251373412845e-05,5.204533323928395e-05,1.9745240627036744,1.974524343460728,2.367573064518225
384,5.677755324821333e-06,-0.04689356679298725,-0.04686801737998293,2.6015823239720857e-05,5.204572540680463e-05,1.9758895781875483,1.9758897343674984,2.351435658002909
385,5.912943475426731e-06,-0.04689451903156005,-0.046868022531270974,2.60163383675921e-05,5.204603075981834e-05,1.9564357080233674,1.956435708023367,2.3822691042375403
386,6.734645750578451e-06,-0.04689263194651064,-0.04686802777216208,2.5981474083963568e-05,5.204715267401183e-05,1.9774839405783124,1.9774839405783124,2.3619110866859696
387,5.676177158974032e-06,-0.04689358402287538,-0.046868033707141876,2.601633497482658e-05,5.204603075981834e-05,1.965858156770069,1.96585821904501,2.371046551002776
388,7.862907070239832e-06,-0.04689642759352017,-0.046868037777897845,2.591272994090892e-05,5.204849454878285e-05,2.050343532133401,2.050345028440479,2.37131545940367
389,5.705036709265614e-06,-0.046893701441494136,-0.046868044883012765,2.601798597474863e-05,5.204603075981834e-05,2.133318280674454,2.1333176870305257,2.396153911941653
390,7.471200864940134e-06,-0.046892496566836986,-0.04686789244836096,2.5981859027171693e-05,5.2045728509392264e-05,1.9791219365977721,1.9791221510489347,2.3858588888691523
391,6.615517452639124e-06,-0.046895339795023465,-0.04686789675507791,2.5981354866376977e-05,5.204751753618009e-05,1.9577414286877866,1.9577435348461103,2.3820208678307875
392,6.03085932180005e-06,-0.046894398630066586,-0.04686790332198143,2.601633177410643e-05,5.204515003019716e-05,1.9645310206346613,1.964531823908777,2.3635894996205438
393,6.4981931839177825e-06,-0.0468925115145463,-0.04686790704727173,2.5981439923881822e-05,5.204620476521177e-05,1.9647427125731025,1.9647446090647966,2.350508680174705
394,5.913854992898908e-06,-0.04689346295928549,-0.04686791449785232,2.6016152331299386e-05,5.204384449005589e-05,1.9747928155881598,1.9747916147303188,2.36896769539246
395,8.827997063994799e-06,-0.046897253014049727,-0.046867918223142624,2.5808682982870818e-05,5.20460307598114e-05,1.9746036795787272,1.9745980551082425,2.3699833072201497
396,6.031963259271959e-06,-0.04689347347336131,-0.04686792433166565,2.6016120825066538e-05,5.204364752708218e-05,1.9766166336886168,1.9766177225670485,2.36612549362925
397,5.557288738343034e-06,-0.04689442484324126,-0.04686792939901352,2.6015640333462084e-05,5.20460307598114e-05,1.9650619973555297,1.9650631188340648,2.360029556408205
398,5.5576922419310394e-06,-0.04689443054074185,-0.04686793492066225,2.6016177101008283e-05,5.204423440138828e-05,1.9578507567621084,1.957850756762109,2.376714390386555
399,6.03180013917242e-06,-0.04689348939269707,-0.04686793939823112,2.6015898287431548e-05,5.204713046816356e-05,1.9615314577992662,1.9615282328492005,2.3830481229153664
400,1.1931991474300806e-05,-0.046898225001888845,-0.04686794430017471,2.5670035113447753e-05,5.20460307598114e-05,1.975788878311582,1.976888073566308,2.3731832603149057
401,1.2709441797014484e-05,-0.04688971504531493,-0.04686794912334066,2.5669516935773946e-05,5.2046710307930566e-05,1.9695149411752317,1.9768487465937314,2.3898063960712
402,1.0361353931725178e-05,-0.046894450773893384,-0.0468679554760456,2.6016306267059954e-05,5.204513092036539e-05,1.965293312584181,1.9755117845204475,2.4006075861697416
403,1.0519506639256114e-05,-0.04689634865788517,-0.046867959499938695,2.5912656121986395e-05,5.204621718913477e-05,1.965264594658286,1.9726334724633838,2.367338093110055
404,6.971461981306633e-06,-0.04689256891541235,-0.0468679666519165,2.598172471134725e-05,5.204332287534613e-05,1.9680287552075346,1.9680298630638688,2.3710406732325975
405,6.852193247709822e-06,-0.04689541301855983,-0.0468679703772068,2.5981882999303827e-05,5.204603075981834e-05,1.978921792492986,1.9789220334557789,2.3593079023693484
406,7.90245124760513e-06,-0.0468963641280697,-0.04686797506092557,2.5912642252340888e-05,5.20469513532254e-05,1.977862981863528,1.9778615982410803,2.3636951132435877
407,0.001620655881377998,-0.04689163927821292,-0.0468679815530777,2.5913035574228216e-05,5.20460307598114e-05,1.9748486853852985,1.9861335198274268,2.369626685951196
408,0.0016302148089420456,-0.04689109035913367,-0.046836537272207976,2.794780763340349e-05,8.34940369198317e-05,1.9613480008488284,2.0408400827811852,2.364007429434487
409,0.0015704751301256282,-0.04686264363596116,-0.04670493304729462,6.991486521333346e-05,0.00021510571241378784,1.9663956587974871,1.9875100072613994,2.3688691073309522
410,3.5201703165547054e-05,-0.04687671632470557,-0.046767280763999663,5.0652847176784097e-05,0.00015276172099904645,1.9886882642264632,2.0003847779553623,2.3049732422004405
411,1.290526953091841e-05,-0.046893552169299996,-0.04686800284834528,2.6015569793678932e-05,5.204336194372661e-05,1.9782969431161124,1.9875169196309557,2.333715806305581
412,6.150234673932459e-06,-0.04689355669566467,-0.04686800763010979,2.601577353126849e-05,5.20460307598114e-05,1.96799084104072,1.9679901719991189,2.3588084782665986
413,7.902969634462833e-06,-0.046896401053101375,-0.046868013657967195,2.5912643343048057e-05,5.20437281927022e-05,1.9655709020023349,1.9655724091709745,2.3864694637971104
414,5.676261182977534e-06,-0.046894514005650915,-0.046868018785985135,2.601612003234497e-05,5.2046050755358286e-05,1.9725515763181893,1.972551486010318,2.366318971847639
415,5.913246462360814e-06,-0.046894519617159305,-0.046868023148170894,2.6016250484307768e-05,5.2045413859898304e-05,1.9594018162921227,1.9594018162921216,2.34553668981398
416,5.67572842666953e-06,-0.046894524500813016,-0.04686802885393506,2.601580017785393e-05,5.204592041885975e-05,1.970419079649429,1.9704190796494299,2.3566131337468685
417,6.734298324397896e-06,-0.04689547664858144,-0.046868033707141876,2.5981947559970122e-05,5.204603075981834e-05,1.9676833764003234,1.967683919406012,2.340240944845051
418,5.808382504507544e-06,-0.046893588975593314,-0.04686803925132642,2.601561591049404e-05,5.204570198701075e-05,2.0804153698727395,2.080418145550158,2.3637627920501427
419,5.662257030051896e-06,-0.046893701545543655,-0.04686804488301277,2.601786847042258e-05,5.20460307598114e-05,2.1216585673151296,2.1216578616239827,2.404209094021512
420,6.518952024749445e-06,-0.046895335342453534,-0.04686789272164982,2.5981710179605587e-05,5.204545522053544e-05,1.9861837287508113,1.9861837287508113,2.3914136832919004
421,5.558034957122543e-06,-0.04689439397911639,-0.046867897536975386,2.6015984020462984e-05,5.204656444393607e-05,1.9672435701263884,1.9672437781859071,2.3862964639263984
422,7.903411502594436e-06,-0.046891560303166095,-0.04686790332198143,2.591287593052826e-05,5.20460307598114e-05,1.962778019045705,1.9627835926124035,2.373424611494002
423,7.4438110337459534e-06,-0.046895350856767284,-0.04686790819337332,2.5981369642742346e-05,5.204673682823735e-05,1.9668643858483668,1.9668643078175552,2.3839148815915028
424,8.139986828447645e-06,-0.04689157108372715,-0.04686791449785232,2.591270828528828e-05,5.2045016565700764e-05,1.9770776764894213,1.9770770643077464,2.355680391417589
425,6.971300378679652e-06,-0.046895362042128894,-0.04686791886032157,2.598136085579459e-05,5.204738897685718e-05,1.969668722773749,1.969665605638521,2.3641343988946746
426,8.37634639681113e-06,-0.04689158212735159,-0.046867925673723214,2.5912822511903664e-05,5.204472792520731e-05,1.9582509574821902,1.9582498587867563,2.3877470458829775
427,7.325982102337934e-06,-0.0468953726986659,-0.04686792939901352,2.598120248340584e-05,5.204653443025009e-05,1.9687814894659643,1.9687819929362882,2.3651605798632698
428,5.7949511407028576e-06,-0.046893485424727425,-0.046867936849594116,2.6016215822918374e-05,5.204454520024715e-05,1.971002018363929,1.9710020183639283,2.391979500017676
429,5.676382679916165e-06,-0.04689349049740565,-0.04686794057488441,2.6016148824551837e-05,5.204603075982528e-05,1.9620903287089644,1.962091211605632,2.346815884946648
430,9.863178077532741e-06,-0.04689160290237813,-0.04686794430017471,2.5912523495603605e-05,5.2046373329187046e-05,1.958244505371538,1.9597950223124887,2.36229052928723
431,2.1187719858935707e-05,-0.046893925220574804,-0.04681453631568019,3.070779372644237e-05,0.00010546146583493426,1.9653943272295071,1.985513460752423,2.3518313952168874
432,2.4613381814660556e-05,-0.04688760873819663,-0.04682096084071157,3.34516176915946e-05,9.904066609384837e-05,1.947946165827716,2.012064263228411,2.3326184342176965
433,8.05792734478959e-06,-0.0468944582262491,-0.046867962926626205,2.601604613457325e-05,5.204603075981834e-05,1.9611931713762982,1.9698812542448718,2.3617742847305334
434,5.439246241514797e-06,-0.04689446255752317,-0.0468679666519165,2.6016370945191362e-05,5.204603075981834e-05,1.954397143295521,1.954395224983824,2.347031928208665
435,7.326323938730329e-06,-0.04689257527588146,-0.04686797241183974,2.5981655565064182e-05,5.2043996126883985e-05,1.970670977583483,1.9706701726225917,2.3220108260443952
436,0.00266189252216434,-0.04689447281826701,-0.046867977067299615,2.601557516752754e-05,5.204632859959202e-05,1.976225306496066,1.9760056429491555,2.3601277246392813
437,0.008046681691426688,-0.046894478224810944,-0.0468679815530777,2.6016343681581034e-05,5.204603075981834e-05,1.9629083799714553,1.9712133013604933,2.374031996536623
438,0.00953384565819415,-0.04412396112637751,-0.012987694253519286,0.007515874844691789,0.03393233846341491,1.971891815904167,1.980016828501953,2.3791592291431463
439,0.011781300768293982,-0.046859547720021155,-0.04671309048044028,7.015824211588768e-05,0.00020694827926813486,1.9644126666830972,1.9904645624839556,2.382104529465752
440,0.009003733519651865,-0.046890316276418,-0.04681443044954453,2.952969558136494e-05,0.0001056120354541723,1.9749308241007058,2.045922001937276,2.3491792346275036
441,0.006717334478205378,-0.04689544529476257,-0.04686800390481949,2.5981212724838576e-05,5.204396388770738e-05,1.96560980259419,1.972759962279094,2.321694935420133
442,0.003666207936766023,-0.04689450413084433,-0.04686800763010979,2.6016007302213704e-05,5.204603075981834e-05,1.9750834955084562,1.9749809044751687,2.357684015349444
443,0.0011183700929729944,-0.046893563293555804,-0.04686801484641714,2.6016332680806002e-05,5.204289022305714e-05,1.9849989426003607,1.984698124652664,2.3811700665397963
444,7.088128493726847e-06,-0.04689262238832446,-0.04686801880598068,2.598160153804213e-05,5.20460307598114e-05,1.968537026488906,1.9685358917277833,2.3839883614362005
445,6.267380805332165e-06,-0.04689357401682901,-0.046868025163943165,2.6016172290676886e-05,5.204339808762698e-05,1.9598624129259212,1.959862721048986,2.3665615896465027
446,5.559044868587008e-06,-0.046894525510598424,-0.04686802998185158,2.6016030351962086e-05,5.204603075981834e-05,1.9742973391261698,1.9742973391261698,2.3632997528881248
447,6.030643239076776e-06,-0.046893584672773464,-0.04686803484483926,2.601621321914529e-05,5.204489306243065e-05,1.9654181832175552,1.9654182106660767,2.3859159834013863
448,6.682127361668158e-06,-0.04689264340710204,-0.046868039840094904,2.598142236701521e-05,5.204617625992336e-05,2.067949070157092,2.0679494649591277,2.377061818696152
449,5.730580358127695e-06,-0.04689443439277271,-0.046868044883012765,2.6018030813024167e-05,5.204603075981834e-05,2.155886302687918,2.1558857126895647,2.380190383032735
450,5.207215699619343e-06,-0.046894389114146555,-0.04686789237671041,2.6016355078300018e-05,5.204580015994581e-05,1.9698555436574292,1.969857869343746,2.3789029614795267
451,5.675871531384693e-06,-0.046893448301592255,-0.046867898139098176,2.6015973106891003e-05,5.204748835276052e-05,1.9594252094260667,1.9594256151929927,2.367891988388451
452,6.615775748754921e-06,-0.046895345707732995,-0.04686790332198143,2.5981706826841476e-05,5.204603075981834e-05,1.9738663740364615,1.973868271801307,2.3630497778947146
453,5.320642434929715e-06,-0.04689345968337482,-0.04686791010129011,2.6016181595373544e-05,5.2046702031731396e-05,1.9835478523475438,1.9835495717945515,2.3613454139379
454,6.7338334329117725e-06,-0.0468925181937202,-0.04686791449785232,2.5981780385058794e-05,5.204603075981834e-05,1.9853657902459845,1.985364312708441,2.342342689541121
455,8.613759582640325e-06,-0.04689630888630361,-0.04686792095834124,2.5912277342222127e-05,5.2046597784405346e-05,1.9702480981204495,1.9702481721441873,2.377308769646187
456,6.3797135308070655e-06,-0.046892528615045996,-0.046867925673723214,2.5981910917684352e-05,5.204603075981834e-05,1.9682608451027002,1.9682603615223233,2.369208862237234
457,5.4391019101625885e-06,-0.04689348117336086,-0.04686793011852908,2.601569743867106e-05,5.2046828935149725e-05,1.9686818730664803,1.9686818246736135,2.392257074900513
458,6.733883725664585e-06,-0.04689254004597076,-0.046867936849594116,2.598170277388542e-05,5.204603075981834e-05,1.9690376332634645,1.9690365888679033,2.380825049660505
459,7.3263224120072735e-06,-0.046895384286711334,-0.046867942194046074,2.5981622154790323e-05,5.2044411598159424e-05,1.9738976206413168,1.9738952788146782,2.362555856265546
460,8.694057605633808e-06,-0.04689255093578972,-0.046867948025465005,2.5981527368151895e-05,5.204603075982528e-05,1.971306573694922,1.974163106080893,2.3681138849238628
461,6.751385209797736e-06,-0.04689404469887514,-0.04685654271359264,2.6500716406504124e-05,6.3455067922491e-05,1.9688331534517851,1.9707521331209428,2.366060142615604
462,9.607584123813607e-06,-0.04689350841597223,-0.0468679592013359,2.60160954174313e-05,5.204603075982528e-05,1.9595019050640397,1.969334193412619,2.35433979692275
463,7.940888718153158e-06,-0.04689446036039431,-0.04686796471121514,2.6016085758150272e-05,5.204424617087644e-05,1.9638342993446718,1.971479904851161,2.326685082434165
464,5.911934225864496e-06,-0.04689351966499406,-0.046867970315858154,2.6015996839429514e-05,5.2046092108459785e-05,1.9613937805171016,1.9613957737181147,2.3536216223571778
465,5.677584637070078e-06,-0.046894470898919176,-0.046867974102497094,2.6016080272710384e-05,5.204603075981834e-05,1.9634065072515687,1.9634035590643277,2.3751051453682774
466,0.005729556966586455,-0.04689636940211811,-0.0468679815530777,2.5912710373308126e-05,5.204603075981834e-05,1.974298670257256,1.9741927429745687,2.3347836056814235
467,0.012736552170534668,-0.03749804821006794,-0.007344342768192291,0.01330170799648811,0.039575688165141884,1.975308524570448,1.9808601418413523,2.347872415280059
468,0.014626669980856228,-0.028619759133156477,-0.007344342768192291,0.017585776633502966,0.03957569226622582,1.9664247418778484,1.9823017638471647,2.3844000380007384
469,0.0065461584390491614,-0.03269515715567831,-0.0034424786525674668,0.016410842525480775,0.04347756010714094,1.9767650648914858,1.9897658337155948,2.3786008228965914
470,0.0065318196776395585,-0.035356029120813495,-0.004215545532725083,0.01662381475913559,0.04270449785297424,1.9602448543466908,1.98267296911869,2.3793813917866635
471,0.008171845839886166,-0.03895011008064801,-0.005438468583394357,0.011935846256946483,0.04148157762689465,1.9782281776525084,2.001500914915492,2.3894485580702067
472,0.007488715490619013,-0.045545402023770644,-0.021658519969169378,0.004656312973049589,0.025261533691700214,1.9654761989083254,1.980118265781623,2.3546003910225384
473,0.0042070479128633684,-0.04689166982542501,-0.04686801202759551,2.5912713888295983e-05,5.204535856439402e-05,1.9764338939642314,1.9772208897218606,2.3717523596339456
474,8.828333321451313e-06,-0.04689735205170202,-0.04686801880598068,2.5808339912277613e-05,5.204498034917793e-05,1.9731741638167466,1.9731752332541952,2.3763076841354347
475,5.558621855422629e-06,-0.046894519264506745,-0.04686802253127098,2.6016420524181517e-05,5.20460307598114e-05,1.9719714880487982,1.9719714989677126,2.3745855256090485
476,6.030919388418736e-06,-0.04689452412329489,-0.046868027587170666,2.601598401947749e-05,5.204729047295076e-05,1.9859241684730664,1.985924168473067,2.35472243433426
477,6.615585459366449e-06,-0.04689263762380364,-0.046868033707141876,2.5981984320837716e-05,5.20460307598114e-05,1.9805115924684038,1.9805096499202057,2.3722711794990854
478,9.562703724173167e-06,-0.04689737327787708,-0.046868037432432175,2.5808996801456153e-05,5.204787064883726e-05,2.072422429764356,2.072420989841727,2.3747580807817905
479,6.780202733062657e-06,-0.0468922353243253,-0.046868044883012765,2.5956090560499163e-05,5.204603075982528e-05,2.132573165514865,2.1325740416335384,2.3819113231604954
480,8.214743285358461e-06,-0.04689155038724458,-0.04686789219773699,2.5912771297220308e-05,5.204597913335829e-05,1.9564393629148573,1.9564379885078282,2.36387684149973
481,8.945889862618091e-06,-0.04689723227896663,-0.04686789797068894,2.580842139353676e-05,5.204528533798297e-05,1.9699043725165166,1.9699047105742498,2.3790645311083365
482,7.785913591797917e-06,-0.04689156001226742,-0.04686790332198143,2.5912743223101246e-05,5.204590435091416e-05,1.9636900913479671,1.9636903705495308,2.376842066462986
483,6.031539100468593e-06,-0.04689440500598643,-0.04686790720899462,2.6015547907040282e-05,5.204722540356338e-05,1.9677390888608706,1.9677383494483607,2.325734128129327
484,7.901469217922401e-06,-0.04689630196802239,-0.04686791449785232,2.5912826919493195e-05,5.2045251131692394e-05,1.98075018889226,1.980744464915422,2.3621934483213094
485,9.865977529902288e-06,-0.04688968480980309,-0.046867918223142624,2.566940728469234e-05,5.204802846397322e-05,1.9717716465578898,1.9717728023740877,2.355426674101133
486,5.204325595244531e-06,-0.04689347483827778,-0.046867925673723214,2.6016218548525207e-05,5.204581509133527e-05,1.9834757671680432,1.9834751556228667,2.363448426392382
487,6.267686405653868e-06,-0.04689442702698012,-0.046867929922077056,2.6015984706823518e-05,5.204865129312952e-05,1.9610423201729283,1.9610438092653204,2.3374080990631327
488,8.138543138336605e-06,-0.04689632452640376,-0.04686793684959411,2.5912868517654692e-05,5.204562239350535e-05,1.9536857633165632,1.9536829517134304,2.368432587889912
489,9.06639201964539e-06,-0.046890652584639085,-0.046867940574884415,2.5808787208562097e-05,5.204603075981834e-05,1.983340110991152,1.9833394171146945,2.368825353915573
490,7.092987153187994e-06,-0.046895389118111204,-0.04686794777623281,2.5981119308127784e-05,5.20455570759068e-05,1.9891479592473917,1.986216464347284,2.361390775928083
491,6.272087319178232e-06,-0.046894448849803975,-0.04686795193797666,2.601617960360519e-05,5.2045843538468806e-05,1.9635265812947431,1.9638673374620235,2.3712974594704637
492,6.389931720777787e-06,-0.04689445405465819,-0.04686795804479184,2.601590369198201e-05,5.204718730388025e-05,1.9588056271984657,1.9549273626513912,2.3734546890951482
493,8.020907479779393e-06,-0.04689635255724994,-0.04686796431309842,2.5912637571895658e-05,5.2044644287603525e-05,1.9589890322445267,1.9589926210813826,2.3807560518071136
494,5.6769447672928135e-06,-0.04689351920371696,-0.04686796903558916,2.6015881922943404e-05,5.204737237745477e-05,1.9748554079800318,1.974856281091791,2.377989092734091
495,5.796371649365047e-06,-0.04689352383740643,-0.0468679741024971,2.6016438740759326e-05,5.20460307598114e-05,1.9784791388514995,1.9784800117728747,2.3545524029737663
496,0.009387468522080802,-0.04689353020225228,-0.04686797928367768,2.601590057751209e-05,5.204739286701621e-05,1.9586081688094024,1.9754777244466508,2.343399967659387
497,0.011947720730426888,-0.03422905286344971,-0.007344342768192291,0.015219711627429532,0.03957568708847,1.984763649183459,1.9990211478155666,2.304518235521818
498,0.012347829288535464,-0.036921076519100704,-0.00734434276819229,0.013576495804340937,0.039575692266225815,1.979318131466542,1.9953116600929255,2.372698084284342
499,0.012217075628027485,-0.023698379152070775,0.023574566675577144,0.023161301582745333,0.07049460543528556,1.9910449929449041,2.011883667120439,2.3623082795419825
500,0.025920330619362487,-0.012547664271371217,0.03211690569742621,0.03332990287797726,0.07903694818242492,1.9483372736368878,1.9780547730617075,2.3880748385738526
501,0.021661905844824338,-0.020094781886056526,0.021728559845901572,0.024526948142304772,0.06864860605619058,1.9603275059317706,2.0494271058700333,2.3629265828160033
502,0.011913052993308141,-0.034024020441047624,-0.007344358417031985,0.015813654704337352,0.03957569151854732,1.9632919215135374,1.9801055125030658,2.3499976815136687
503,0.006017526427347815,-0.04689734521940607,-0.046868011355400085,2.580877393613962e-05,5.204603075981834e-05,1.9823471868888562,1.9823545372033644,2.3203281449950732
504,6.38809447632966e-06,-0.04689356548705862,-0.046868015080690384,2.6016256730410944e-05,5.20460307598114e-05,1.9748651386043514,1.974867704023453,2.3799400427371937
505,7.443615779703285e-06,-0.0468926260273814,-0.046868022531270974,2.5981371840280267e-05,5.204603075981834e-05,1.983430726477485,1.9834312455706167,2.394938388233327
506,5.438969237243062e-06,-0.04689452299784494,-0.04686802625656128,2.6016103271141113e-05,5.204679121604411e-05,1.9739987212513306,1.9739993895117447,2.363330806356107
507,6.031301175266424e-06,-0.046893583499942,-0.046868033707141876,2.6016478705268408e-05,5.20460307598114e-05,1.9738740894246596,1.9738739389653954,2.32458484843324
508,7.64159458555293e-06,-0.04689169653251027,-0.046868038416217846,2.59126125528899e-05,5.204650544387429e-05,2.06314827677351,2.0631437321156585,2.363410244773062
509,6.476542046751883e-06,-0.0468929682463812,-0.04686804488301277,2.5997128258030273e-05,5.204603075981834e-05,2.137806220496259,2.137804926229496,2.397153097194878
510,5.769192466485292e-06,-0.04689438932643221,-0.04686789222715142,2.6016290339729526e-05,5.2045949718936e-05,1.960657854526532,1.9606560951694223,2.357045611549988
511,5.557369436204406e-06,-0.04689344854295573,-0.0468678979992329,2.6015896990004247e-05,5.20476282180396e-05,1.970437984340451,1.9704364538974413,2.3895123956404896
512,5.794418200371143e-06,-0.0468934534525812,-0.04686790332198142,2.6016207086145323e-05,5.204603075981834e-05,1.9759865270805548,1.9759869318578065,2.3465153610374783
513,6.851436566042559e-06,-0.04689251350726281,-0.046867910303463656,2.5981652448284887e-05,5.20464998581896e-05,1.9629607692756,1.9629600086985555,2.3588454806156745
514,5.557513495699506e-06,-0.04689346494446648,-0.046867914497852325,2.601612207724929e-05,5.20460307598114e-05,1.97787987886906,1.9778781376829235,2.364086557675958
515,7.668717826433348e-06,-0.04689631000955488,-0.04686792194843292,2.591243358705151e-05,5.20460307598114e-05,1.984613519994163,1.9846094011133986,2.3624037206810358
516,6.3868236214411335e-06,-0.0468944225007091,-0.04686792567372322,2.6016143135136193e-05,5.204653994057146e-05,1.9600091386183092,1.9600112291176812,2.365860698945534
517,9.181725062578673e-06,-0.046890644263802635,-0.04686793312430381,2.5808734568093412e-05,5.204603075982528e-05,1.9406748150251145,1.9406735721064117,2.378133629046872
518,5.674951445184586e-06,-0.04689348776740634,-0.046867936849594116,2.601583305340919e-05,5.2046978905435914e-05,1.9746807244961704,1.9746820685744022,2.3493829655842067
519,7.077305110148979e-06,-0.046896331565945304,-0.04686794430017471,2.5912701177311365e-05,5.204480486295515e-05,1.9715640625704387,1.9715604608569803,2.3912117950662783
520,5.441663111992328e-06,-0.0468944446260705,-0.04686794802546501,2.6016302859176217e-05,5.2046523699715574e-05,1.9635835113431463,1.9635820876807115,2.358489854446575
521,6.148718974135735e-06,-0.04689350397938572,-0.0468679554760456,2.6016244170939086e-05,5.204381637937544e-05,1.9626529135836757,1.9626529135836754,2.3706051980925906
522,6.969127521844541e-06,-0.046892563270246046,-0.0468679592013359,2.5981544393644297e-05,5.204603075981834e-05,1.9661258134335842,1.9661248764873909,2.3819282440720095
523,9.300738870837422e-06,-0.046890676343024504,-0.0468679666519165,2.5808712888613444e-05,5.204296734300645e-05,1.9701404155955187,1.970137815656384,2.359196851360825
524,6.61819802666158e-06,-0.0468954130156087,-0.0468679703772068,2.5981803675405025e-05,5.20460307598114e-05,1.9717362293547511,1.9717366856473666,2.384346846919624
525,5.675130539987826e-06,-0.0468935251728638,-0.04686797413154527,2.6015779609651173e-05,5.2047118857596886e-05,1.9753170834133944,1.9753170834133944,2.3561112752322177
526,0.0070514713690331835,-0.04689258555022223,-0.04686798155307769,2.5981751295269216e-05,5.204603075982528e-05,1.9692438237549739,1.9806223738872084,2.310577536093151
527,0.02307092814881869,-0.02946381910389334,-0.00734434276819229,0.01532404778878089,0.039575688540935516,1.9701512314667051,2.0588283393637057,2.3723879958595644
528,0.0042672948412500085,-0.036074415750446065,-0.008116916269163964,0.012383801250980202,0.03880311876525414,1.9766858962863871,1.9972288581189455,2.364289614332895
529,0.027288763086837635,-0.01681875246088157,0.02790416616730765,0.0251430795394159,0.07482420492701607,1.980328025050063,2.0437306718684143,2.383153972936762
530,0.027126621086060038,-0.013063163288463388,0.03180729416911662,0.030467856415066052,0.07872733665411533,1.9749687699657998,2.0180710791466487,2.3789620336550747
531,0.011703144520978405,-0.02403889762099211,-0.0006523276948125379,0.018359567471036186,0.04626771851547647,1.9799062890925476,2.001776171906564,2.326413672661136
532,0.011937524080773664,-0.04431774001910993,-0.007344360746006473,0.0072073394305555,0.03957569190389955,1.9871671179343806,1.9926998091708725,2.356489659609504
533,0.004901092089737504,-0.04689450790761177,-0.046868011355400085,2.6016372993071833e-05,5.204603075981834e-05,1.974787693661237,1.9756718420984052,2.3731161285822546
534,6.853188289535768e-06,-0.04689262029237342,-0.04686801553020904,2.598116112946178e-05,5.204635402347724e-05,1.9881978139144465,1.9881969823546206,2.3442182761434665
535,8.828411223069081e-06,-0.04689735724624192,-0.04686802253127098,2.580888821217949e-05,5.204603075981834e-05,1.9601396915672795,1.9601430738859758,2.372912903141483
536,5.2042833643065434e-06,-0.046894523888903056,-0.046868026598951104,2.6015950414174696e-05,5.204774823844294e-05,1.9800098979979457,1.9800105573607276,2.3680883027648325
537,5.79519071267712e-06,-0.046894530174682716,-0.04686803370714187,2.601610024249913e-05,5.204603075981834e-05,1.9801547564860416,1.980153848351676,2.3691810942147526
538,6.956706452548933e-06,-0.04689548108297338,-0.04686803814778561,2.5981281397299465e-05,5.2047532918882145e-05,2.064506058543897,2.0645067366030503,2.375257518441084
539,6.194361473617242e-06,-0.046894434400414915,-0.04686804488301277,2.6017723651571864e-05,5.20460307598114e-05,2.142665948109837,2.1426658543843855,2.376938449088464
540,5.585689923141199e-06,-0.046893442896600385,-0.04686789218402816,2.6016267592042745e-05,5.204599284219097e-05,1.9786214389928456,1.9786243481482586,2.3747008700072816
541,5.795019362857611e-06,-0.04689344768109116,-0.0468678968730373,2.6015982300261024e-05,5.204760762329841e-05,1.9450510473625195,1.9450494475468174,2.372292094032873
542,6.970156561003339e-06,-0.046895345056185075,-0.04686790332198143,2.5982017752638928e-05,5.20460307598114e-05,1.968494928351442,1.9684946549786424,2.3712465481333194
543,5.440000398382781e-06,-0.0468944047263702,-0.04686790883037338,2.601596631889599e-05,5.204658286869085e-05,1.9813537922065219,1.9813537922065212,2.3756175482825745
544,5.321352925746439e-06,-0.046894409862182365,-0.046867914497852325,2.601624557123212e-05,5.20460307598114e-05,1.9751191240092105,1.9751183969872654,2.3834825343811534
545,7.679937100090172e-06,-0.0468925234455917,-0.04686791869404022,2.5981229365244717e-05,5.204768559394224e-05,1.976566169557227,1.9765645507209937,2.3552821151369425
546,7.666413776850312e-06,-0.04689631330518015,-0.046867925673723214,2.591274916593414e-05,5.204547865941822e-05,1.9606027830929642,1.9606032366771184,2.356128289664678
547,6.851993436150448e-06,-0.04689253436592585,-0.04686792939901352,2.598125137681483e-05,5.204675718081114e-05,1.9737951927624895,1.9737932300168013,2.3928025772790935
548,8.139769072601387e-06,-0.04689632417371333,-0.04686793684959411,2.591248267783064e-05,5.2043058500657324e-05,1.955859114982762,1.9558585001526694,2.3730874026540825
549,5.203392964005444e-06,-0.04689443694984864,-0.04686794057488441,2.601631497416607e-05,5.204603075982528e-05,1.972771521511416,1.9727731158152655,2.3577002462500705
550,5.557786221262704e-06,-0.04689444144099195,-0.046867944305749226,2.6015779194590683e-05,5.204602518529833e-05,1.9702985394381836,1.9702977855845292,2.3791133596970417
551,5.79486676295672e-06,-0.046894447551621955,-0.04686795175075531,2.601598615677276e-05,5.204603075981834e-05,1.9587100151971086,1.958710015197109,2.3832736476229615
552,7.4433138193071644e-06,-0.04689539849769777,-0.04686795547604561,2.5981652023660996e-05,5.204603075981834e-05,1.9797014256136525,1.9797009435695299,2.36859961932704
553,7.089097104083995e-06,-0.04689540476764194,-0.0468679629266262,2.5981677922350473e-05,5.204603075982528e-05,1.9750838015702492,1.9750839287937458,2.3962685859936133
554,7.206647511891458e-06,-0.046895409191104964,-0.046867966651916504,2.598189788012004e-05,5.204603075981834e-05,1.976298581103487,1.9762985084498197,2.3634747902132083
555,5.559074349504279e-06,-0.04689352197142748,-0.04686797314480157,2.601625367375499e-05,5.204384982158278e-05,1.969381022184813,1.9693810221848125,2.3678063276519112
556,0.0039884064078764955,-0.046894473885373336,-0.0468679778277874,2.601619844760717e-05,5.20460307598114e-05,1.9570274293054637,1.9692650854510356,2.3570140920792806
557,0.004479644474052372,-0.046701286458958255,-0.038941124251128535,0.0011173489283835339,0.007978903332708981,1.9631644131480743,1.969173984504152,2.3460597335045903
558,0.012710752504648822,-0.046666638385237116,-0.03802555057300893,0.001224607875210597,0.008894484461409183,1.972986387538026,1.990574588287654,2.3585638765949555
559,0.010703560129217566,-0.04279304722615808,-0.007344350218772888,0.008497512750616222,0.03957568854093552,1.977845323515325,1.9891411331486528,2.390681906786256
560,0.008737860767867464,-0.03969378995020319,-0.007344352626646206,0.012528599073407535,0.0395756898583525,1.9806780642749338,1.9909781978836318,2.3656700744824275
561,0.009377670116520471,-0.04153852921145661,-0.007344357669353485,0.011080312384211203,0.03957568854093552,1.9840135214349888,1.9817403061177639,2.371436048594447
562,0.008550632579539448,-0.04689355685985871,-0.04686800763010978,2.6016332642158213e-05,5.204603075981834e-05,1.9784912533292096,1.978013681129429,2.3870098047400026
563,0.0018058457135735032,-0.04689072376954995,-0.04686801275984687,2.5808828181871e-05,5.2044626313037246e-05,1.97902751044712,1.9778716792750768,2.362254995035286
564,5.5580518810412975e-06,-0.04689356790401473,-0.046868018481786185,2.6015885483101875e-05,5.204635495430904e-05,1.971270177715342,1.971267520918953,2.364824238362437
565,5.677498454695341e-06,-0.04689452001849936,-0.04686802483844894,2.6016048289299882e-05,5.204372358185577e-05,1.9712907492027927,1.9712899765129186,2.3591645846356606
566,6.149410176959316e-06,-0.04689357877198717,-0.0468680293096754,2.6015649989648765e-05,5.204624258488971e-05,1.9749000356410717,1.9748994373066409,2.362368985574213
567,6.2614970862047295e-06,-0.046895476781942766,-0.046868034373277204,2.5981802023404487e-05,5.204536462448395e-05,1.9691017112569118,1.9691016935963843,2.3842847614978546
568,7.548554323908675e-06,-0.04689264335314436,-0.046868038590525886,2.5981424231655065e-05,5.204749761211075e-05,2.080464595506622,2.0804641358987164,2.3940241125264947
569,5.307762444531026e-06,-0.04689443455170155,-0.04686804488301277,2.601784477995935e-05,5.20460307598114e-05,2.114907612460379,2.1149057560400046,2.3721817138984274
570,8.397561699452356e-06,-0.046896281369833245,-0.046867892154844326,2.591282972154371e-05,5.204602202602687e-05,1.9573533084891224,1.9573526836017987,2.377669528551367
571,7.548261080660791e-06,-0.04689155501727668,-0.04686789742399665,2.5912295037410388e-05,5.204534678458078e-05,1.9565398370106606,1.956541571881958,2.3731933532239546
572,5.675703007207477e-06,-0.04689439827881744,-0.04686790332198142,2.6016012006302653e-05,5.204445119137702e-05,1.968762890372266,1.9687642195805484,2.3698911232728754
573,6.378749323028099e-06,-0.04689534965539549,-0.04686790704727173,2.5981475336300547e-05,5.204603075981834e-05,1.9532065714672708,1.9532081486681494,2.388379642659762
574,5.675457507740187e-06,-0.04689440867405457,-0.046867914073733905,2.6016110701507402e-05,5.204272958794082e-05,1.97966431482975,1.979664098136487,2.3593148092462943
575,6.377982754350876e-06,-0.046895359813623146,-0.046867918223142624,2.5981443522173134e-05,5.20460307598114e-05,1.9713738915991474,1.9713738867530917,2.362119406483503
576,6.8511597142687304e-06,-0.046895365397659955,-0.04686792358759228,2.5981843493133075e-05,5.204439160046148e-05,1.9571440818668353,1.9571431132929051,2.377015415034813
577,6.388377197480473e-06,-0.04689347781276088,-0.04686792780708286,2.601576705679063e-05,5.2046227615613894e-05,1.9567498232989744,1.95674851193233,2.3418746678393485
578,5.678381895332956e-06,-0.04689348340211797,-0.04686793312430381,2.601622182915749e-05,5.204603075982528e-05,1.9671240226603806,1.967123995774014,2.3778757379240165
579,7.208670704722512e-06,-0.046892542509982246,-0.04686793818946381,2.5981456852799857e-05,5.204705662895798e-05,1.9610683999293168,1.9610685888973702,2.3667678787662276
580,5.6746435051974235e-06,-0.04689443947644138,-0.046867944300174706,2.6016183722647074e-05,5.20448990572811e-05,1.974419027935422,1.9744190279354226,2.3666965308795516
581,6.972440499845949e-06,-0.04689255268451151,-0.04686794802546501,2.598143356967152e-05,5.204646453401546e-05,1.952807706349612,1.952807706349612,2.3620406028328986
582,5.91469454524094e-06,-0.046893504197292706,-0.0468679554760456,2.601626319472447e-05,5.204470312383802e-05,1.9662432467981688,1.9662432467981688,2.3648066590290924
583,7.208669780637548e-06,-0.046892563790889526,-0.04686795920133591,2.5981542362687975e-05,5.204605735036755e-05,1.9835139558118762,1.9835139558118762,2.367972668088532
584,7.0900568308767574e-06,-0.046892568860701436,-0.0468679666519165,2.5981597454688093e-05,5.204317140385106e-05,1.9754023076277487,1.975402307627749,2.3882583142390015
585,6.03240751285469e-06,-0.04689352053736247,-0.0468679703772068,2.6016296567921828e-05,5.204603075981834e-05,1.9566793615421527,1.9566793615421527,2.365576622548714
586,0.00032601593006920457,-0.04689352531501134,-0.04686797481412372,2.6015964214444844e-05,5.204724823065776e-05,1.9695279584637535,1.9701251575239356,2.3434083729683555
587,0.0006860899727140733,-0.0468935316364957,-0.04686798155307769,2.6016270315309043e-05,5.204603075981834e-05,1.9748157955365462,1.9746313376443165,2.3586928135931027
588,0.0026795968425908983,-0.04689258954965014,-0.046867985278367996,2.5981861668463643e-05,5.2046351308961125e-05,1.958284739373763,1.9586985156137107,2.3423083747255973
589,0.004744661788449292,-0.046896380763678344,-0.046867992728948586,2.5912743514597433e-05,5.204603075982528e-05,1.9673793143755454,1.967703241792853,2.378954591072076
590,0.006532930023487477,-0.04689354658108041,-0.04686799645423889,2.60162387028876e-05,5.20460307598114e-05,1.9597365164787628,1.95912541863819,2.370801665442685
591,0.004539770953869272,-0.046894498878860644,-0.04686800343491197,2.601564450852229e-05,5.204376347427847e-05,1.9753448927530628,1.9759944666422515,2.362563381957313
592,0.0021590757836490366,-0.04689544958352601,-0.04686800763010979,2.5981560801477468e-05,5.20460307598114e-05,1.9799370673378114,1.979746868167796,2.3567083939761
593,5.203894833060201e-06,-0.04689356314156224,-0.046868013890811286,2.6016036744335076e-05,5.2043704513393685e-05,1.9695276164859536,1.9695245179276106,2.3836511022817404
594,8.258257954462111e-06,-0.04689640726735424,-0.04686801880598068,2.5912517160363997e-05,5.204603075981834e-05,1.9686444617039056,1.9686438134407236,2.3615142780915255
595,7.784319791508885e-06,-0.04689168166298418,-0.046868025061601246,2.5912920949868265e-05,5.204350042955358e-05,1.967644906274269,1.9676488401983492,2.346503889246486
596,6.615592568613e-06,-0.046892632716574095,-0.046868029345408124,2.598131159553877e-05,5.204666720325796e-05,1.9695035292093448,1.969504774151901,2.3768372275028264
597,6.971430485142502e-06,-0.04689547698640498,-0.04686803488431524,2.5981820117921647e-05,5.204485358645261e-05,1.9762804901374942,1.9762809615703913,2.3817549404596585
598,7.797667354098019e-06,-0.04689642782041941,-0.04686803895908354,2.5912472500492968e-05,5.204715435652013e-05,2.0587520394656185,2.0587495929101145,2.3886749353716366
599,5.619937833243227e-06,-0.04689370138350536,-0.04686804488301277,2.6017921502712927e-05,5.20460307598114e-05,2.143900961520612,2.1439013745125832,2.3983740766785298
600,7.543963379586905e-06,-0.046891550473162576,-0.04686789220989665,2.5912896744006158e-05,5.204596697370306e-05,1.9800303489872177,1.982974894533291,2.3734355193104233
601,7.271488762264879e-06,-0.04689534028497227,-0.04686789702563806,2.5981572147316094e-05,5.204811618986921e-05,1.9554660955837397,1.958498058100422,2.3980140580905336
602,7.4303474729530155e-06,-0.046891560207712076,-0.04686790332198142,2.5912892908211557e-05,5.2045881422484175e-05,1.966802646322175,1.9668016707909728,2.383354946670985
603,5.67723112390926e-06,-0.046894405051453945,-0.04686790788235483,2.6015757703088034e-05,5.204797243179432e-05,1.9724557910360738,1.9724540487566904,2.3763087567545353
604,5.439781708773241e-06,-0.04689440976332327,-0.046867914497852325,2.6016342798711742e-05,5.204512620472779e-05,1.9789240632026408,1.978924309449567,2.3760179745433656
605,9.183238902264469e-06,-0.046890630599709285,-0.046867918223142624,2.580859590031598e-05,5.204613283015663e-05,1.96149447208998,1.9614932616727643,2.364052334127175
606,6.61577990817878e-06,-0.04689536664984029,-0.04686792567372322,2.5981734871961583e-05,5.204508887336756e-05,1.9584025552810755,1.9583981307413356,2.3555298890300818
607,9.284620885390039e-06,-0.0468934801781663,-0.04686792939901352,2.6016119512126293e-05,5.204603075981834e-05,1.9635277383800491,1.9649406085817944,2.375316440245543
608,0.004385655828406383,-0.046894431389803724,-0.04686793684959411,2.6016130971474022e-05,5.204270258612337e-05,1.9680412514109025,1.9731032037768401,2.322094783784098
609,0.010238408053017496,-0.04689443654224871,-0.046867940574884415,2.6016131658101772e-05,5.20460307598114e-05,1.979474036808385,2.003703668099164,2.3887207760951585
610,0.013828592175647365,-0.04689444113027086,-0.046867944300174706,2.601610483597341e-05,5.2046373766059806e-05,1.9572570189852734,1.9807624858446584,2.363902743359144
611,0.009453761678930786,-0.04689444726919016,-0.0468679517507553,2.6016342584899237e-05,5.204603075981834e-05,1.9791214524332272,2.000280987117576,2.355778018188413
612,0.0035997072538771907,-0.0468935055532648,-0.0468679554760456,2.601621257320015e-05,5.204603075981834e-05,1.9711694387208287,1.9713687447819468,2.357421139111015
613,7.091960164197238e-06,-0.04689540412224694,-0.046867962123093854,2.598149237796133e-05,5.204683429216317e-05,1.97458141937325,1.97458141937325,2.3692493699685087
614,6.736187330748434e-06,-0.046895408680754695,-0.0468679666519165,2.5981921308895342e-05,5.204603075981834e-05,1.9653104702453548,1.9653104702453548,2.3472157955301522
615,5.91542539820884e-06,-0.04689446760392367,-0.04686797253503251,2.601616926790068e-05,5.204387293410856e-05,1.970468191067425,1.970468191067425,2.3696590622764315
616,6.735104142895834e-06,-0.04689541870495767,-0.04686797564429073,2.5981240962425253e-05,5.204818292481317e-05,1.9656572437610276,1.9656572437610271,2.39403693237351
617,5.675246093752167e-06,-0.0468935320665674,-0.04686798237037861,2.6016191354587266e-05,5.2045213458896955e-05,1.9727541089455913,1.9727541089455922,2.3472998053628356
618,5.204364687689989e-06,-0.04689448311378743,-0.04686798787625164,2.601560567757433e-05,5.2044860231185985e-05,1.959371754114658,1.9593721395380106,2.354165903038654
619,5.323475295939359e-06,-0.04689448896218978,-0.04686799272894859,2.6016326482722106e-05,5.20460307598114e-05,1.961304251967527,1.9613007778998273,2.379001052098776
620,6.50396936396085e-06,-0.04689354730948402,-0.04686799645423889,2.60161500756786e-05,5.204642491812156e-05,1.9725649089981983,1.9725656768849136,2.344775998317565
621,5.5576670359475284e-06,-0.046893552700818686,-0.04686800390481948,2.601569938726284e-05,5.2043270203784575e-05,1.9664453074960764,1.96644722317416,2.3454731407697285
622,7.902250919282127e-06,-0.04689166547861781,-0.04686800763010978,2.591252574266236e-05,5.204603075981834e-05,1.9699561652482396,1.9699526980388538,2.344134281593942
623,5.7947910442007935e-06,-0.04689356275544341,-0.046868014454682735,2.6016202870001674e-05,5.2042931477168375e-05,1.970767158300725,1.9707682795643853,2.368600072913526
624,5.91346200781986e-06,-0.046893567504154986,-0.04686801876754622,2.6015852145819512e-05,5.204516522988589e-05,1.975991961043674,1.9759933235001546,2.363503137673939
625,6.970668522552018e-06,-0.04689546544789064,-0.04686802253127098,2.598188619491849e-05,5.20460307598114e-05,1.96493085952295,1.9649313453482797,2.3554648563288194
626,6.267483658627445e-06,-0.046894524148779516,-0.046868027047923574,2.601602851323185e-05,5.2047951071859666e-05,1.9708123390509755,1.9708122815918407,2.3739338287781018
627,7.784367518529509e-06,-0.04689169165321702,-0.04686803370714187,2.5912937321708035e-05,5.204603075982528e-05,1.9674292003049205,1.9674264634318799,2.362188981229075
628,6.8658804092763e-06,-0.04689264288901533,-0.046868038489711876,2.5981440937526974e-05,5.2047822202208605e-05,2.075776798339073,2.0757773871286824,2.402657263310985
629,5.437680218965741e-06,-0.046894434487994525,-0.04686804488301277,2.6018008025853776e-05,5.204603075981834e-05,2.1137819662887822,2.1137818007412834,2.393184960413497
630,6.341270560155851e-06,-0.04689482187273772,-0.04686789251452897,2.576868721535121e-05,5.204566234138369e-05,1.9782414218972186,1.9889806446600318,2.377700648807944
631,7.483509187640925e-06,-0.04689155589724568,-0.04686789807681263,2.591225673218245e-05,5.204744356330365e-05,1.9607822879809975,1.9625742256700909,2.3776048803078043
632,5.439742876461737e-06,-0.04689439961060602,-0.04686790332198142,2.6015982813115692e-05,5.204603075981834e-05,1.9697153131364225,1.9697149892096346,2.383078584031761
633,5.6761043351998014e-06,-0.046893459506083764,-0.04686791077256202,2.6015873302701758e-05,5.204603075981834e-05,1.973736982541376,1.973737566983706,2.358366869659569
634,5.913239432294905e-06,-0.04689346441788599,-0.046867914497852325,2.6016028121579863e-05,5.20460307598114e-05,1.9838738128471458,1.983873350098302,2.346399561177461
635,8.02230822265625e-06,-0.04689630960226094,-0.046867920865847894,2.591234834551823e-05,5.204711334483997e-05,1.9608610279011638,1.9608561126539454,2.365288665065747
636,9.192070443373849e-06,-0.04689252924430567,-0.046867925673723214,2.598189809713055e-05,5.204603075981834e-05,1.9586295647239378,1.9597602282105386,2.375943481979268
637,0.0039521159727651575,-0.046894427901319896,-0.046867932228393805,2.6015951539669223e-05,5.2046354388664284e-05,1.9573582134320402,1.965063589030715,2.3637271902737003
638,0.013279930811884787,-0.04688261288497335,-0.04677958213664489,4.04291567936349e-05,0.00014040074370903766,1.9610341395318778,1.974643743500037,2.351009447689803
639,0.020041315383342875,-0.030155926128276368,0.014005545526742935,0.021685760042354608,0.06092553213238717,1.9726077747344786,2.008629026259665,2.360451204872591
640,0.02819342520282526,-0.018332577828298342,0.014005545526742935,0.022485986943780692,0.06092553405593745,1.9710339064580282,2.1575024028203025,2.393668598360056
641,0.01141935177668179,-0.03538198970788623,0.010620059859557936,0.017327355233929143,0.05754005391578276,1.9764297454636663,2.000894411614341,2.364347334890937
642,0.018270688986861922,-0.046892556162325995,-0.046867952247501045,2.5981760756184242e-05,5.204553401407658e-05,1.9772332852772156,1.9815094298842544,2.3735877046769525
643,0.009022932259308785,-0.046895399832271964,-0.04686795673906893,2.598120501719143e-05,5.204685568707679e-05,1.9673088408998398,1.965537509532346,2.3523953573831093
644,0.003721467673999792,-0.04689256709125395,-0.0468679629266262,2.5981983072129934e-05,5.204603075982528e-05,1.979746746331643,1.98110648576632,2.35254637297383
645,5.676550802175837e-06,-0.04689446386920635,-0.04686796703981635,2.6016073750204833e-05,5.204656418862641e-05,1.966427744686614,1.966427744686614,2.3629510043833064
646,7.207367454457699e-06,-0.046892576861344265,-0.046867974102497094,2.598184492258369e-05,5.204509636867749e-05,1.9784247517129614,1.9784247517129618,2.3744261984460833
647,6.616838718028654e-06,-0.04689542189437067,-0.04686797905478052,2.598128592581921e-05,5.204693756485218e-05,1.9847847069677507,1.9847844456681367,2.3713338265495576
648,5.677434917535876e-06,-0.046894480911123144,-0.046867985278367996,2.6016322437223473e-05,5.20460307598114e-05,1.9694533556553677,1.9694520707047702,2.383708642236328
649,7.208630076325793e-06,-0.04689543317204384,-0.04686799070301991,2.598122625184367e-05,5.204560673418429e-05,1.9729214091037777,1.972925770006341,2.3691114638113753
650,5.7957899457566426e-06,-0.046894491797850525,-0.04686799645423889,2.601622837801718e-05,5.204571273453862e-05,1.9741411571449083,1.9741415285370603,2.360646708587662
651,8.731972787095463e-06,-0.046896389991372314,-0.046868000367345716,2.5912629667505726e-05,5.204584294329212e-05,1.9735938216187572,1.9735962879959188,2.3404393331516924
652,7.548441722249544e-06,-0.046891663648050065,-0.04686800763010978,2.5912671323722824e-05,5.204508426136234e-05,1.9854342979994515,1.9854329006857792,2.354536367820485
653,8.613480756257805e-06,-0.04689640060728136,-0.046868011355400085,2.5913166530179512e-05,5.204603075981834e-05,1.9682506153658337,1.968246286054978,2.359916398883827
654,5.5583473321506626e-06,-0.04689451289142126,-0.046868015509591146,2.6016052635095284e-05,5.204720038644306e-05,1.971748202861327,1.9717437720406084,2.3369227021597028
655,6.96971643497787e-06,-0.04689262679200362,-0.04686802253127098,2.5981783538069744e-05,5.20460307598114e-05,1.971980870829834,1.9719778355841582,2.3748201975467316
656,6.149734932356488e-06,-0.04689357767542639,-0.04686802786698487,2.6015861111433472e-05,5.204665324627655e-05,1.970734256717975,1.9707358742233818,2.3533913374425497
657,5.44052849519181e-06,-0.04689453000761134,-0.046868033707141876,2.6016174282474824e-05,5.20460307598114e-05,1.9518366140845314,1.9518338976156335,2.3678565189261898
658,5.6892814477147485e-06,-0.04689453464469854,-0.046868037432432175,2.6015844378435587e-05,5.2047437379298955e-05,2.0591146544652585,2.0591153119231524,2.383609476034777
659,5.809139452440918e-06,-0.04689370123960824,-0.046868044883012765,2.6017886650103647e-05,5.204603075981834e-05,2.1301826653705307,2.1301826653705307,2.392295598123512
660,5.672233441149672e-06,-0.04689344309232516,-0.04686789305512047,2.6016381497939172e-05,5.204512174988157e-05,1.9484809815261745,1.9480008187055795,2.4052415699187364
661,7.966951181726873e-06,-0.04689628674728938,-0.046867898194816765,2.5912322180678483e-05,5.2047146185688065e-05,1.9595091110002354,1.9598607680013203,2.3959872824176087
662,5.7958613832174055e-06,-0.04689345285732316,-0.04686790332198142,2.6016362734535923e-05,5.204603075981834e-05,1.9808549962316828,1.9808569558942266,2.3562789634292107
663,9.774807896580816e-06,-0.046897244279388746,-0.04686790903680946,2.5808912183001623e-05,5.2047766512380855e-05,1.9673639087013872,1.9673662303139676,2.378640947618459
664,5.788532596803144e-06,-0.04689251855782498,-0.04686791449785232,2.598187740002226e-05,5.204603075981834e-05,1.9648095368328595,1.964808281875833,2.349289392492266
665,7.333767861431154e-06,-0.0468944177308961,-0.046867921948432915,2.6016140121026754e-05,5.204603075981834e-05,1.9610988755629977,1.9610974645418053,2.362303123141636
666,1.0964477237075935e-05,-0.04689442301801775,-0.04686792567372322,2.6015773473450593e-05,5.204758551039662e-05,1.9807178245065302,1.9817748555281012,2.369190059951515
667,0.005750000203160401,-0.04688547391221096,-0.0467756984154571,4.3965562936229874e-05,0.0001442807396065393,1.9754058027318875,1.9902632446190909,2.320701121471652
668,0.01966347412858143,-0.03367873460657148,0.01407456910468942,0.02015905126787111,0.060994551985043347,1.9871760418091122,1.987125971927069,2.381196445440797
669,0.013215974532619846,-0.025226824432063408,0.014055971926359953,0.020503502453844885,0.06097595853200419,1.9809887256973684,2.039785142933053,2.375755916412773
670,0.008951774115186889,-0.02873296229446083,0.012812698462463122,0.01751033395251705,0.05973268582983433,1.975546809556006,2.0366222761811597,2.3832593829529043
671,0.012155831049720896,-0.023282196469594816,0.025263187848139513,0.02283572054584011,0.07218317817907403,1.9779036681894224,2.036579274313394,2.351975906374408
672,0.019828939492601304,-0.02308899117805113,0.015061497275145466,0.02282045425106146,0.06198149133137029,1.9752493548637935,1.99633175095277,2.3821500959934037
673,0.020593170775030506,-0.03393423485352478,0.009082332343140218,0.017848385873236932,0.056002330124655345,1.9896663278511426,1.9955571072252782,2.36455869461521
674,0.0051252346701358776,-0.04689256116611589,-0.04686795645296978,2.5981382640152684e-05,5.204775554908808e-05,1.9673327584690772,1.9679757654559735,2.3777883703170293
675,5.442340746595102e-06,-0.046893513753084946,-0.04686796298031672,2.601627962438801e-05,5.204597706930103e-05,1.9697358894242099,1.9697358894242103,2.3479388296128385
676,6.377728223559445e-06,-0.046895411523578685,-0.046867968757481296,2.598108572606171e-05,5.20476504853179e-05,1.981118666633556,1.981118666633556,2.3534894346440693
677,5.556244898215952e-06,-0.04689447036220942,-0.0468679741024971,2.601622515878791e-05,5.20460307598114e-05,1.9619214813038957,1.961919587633867,2.356541847629299
678,8.141778982076573e-06,-0.04689163804697007,-0.046867980680360674,2.5912313463161683e-05,5.204690347684199e-05,1.9563825483780224,1.9563808237920528,2.3721401516917666
679,6.5011345211991075e-06,-0.046892589137107504,-0.04686798527836799,2.598139099650553e-05,5.204603075981834e-05,1.966718106187781,1.9667179470980638,2.3730254768588255
680,8.377978920726423e-06,-0.04689164946256139,-0.04686799272894859,2.591243224052216e-05,5.204603075981834e-05,1.9696584696345671,1.9696572761637587,2.358219484148148
681,5.561106996837101e-06,-0.04689354719726039,-0.04686799645423889,2.601592469650196e-05,5.204696582686297e-05,1.970895565085772,1.9708940331473777,2.350649103761058
682,7.208523763694325e-06,-0.0468926074283343,-0.04686800390481948,2.5981286302135534e-05,5.204603075981834e-05,1.973095010099915,1.9730945270422446,2.3498577405763803
683,6.030908831544738e-06,-0.04689450589219683,-0.04686800832701051,2.6015606611123557e-05,5.2049059149385235e-05,1.982561055981583,1.9825625760228314,2.3602585081914915
684,8.141100190820832e-06,-0.04689167261883827,-0.046868015080690384,2.5912625971570235e-05,5.20460307598114e-05,1.974363502024815,1.9743634714435647,2.3551426349056985
685,6.97046596361111e-06,-0.046895463869843994,-0.046868022531270974,2.5981393642538864e-05,5.204603075982528e-05,1.978652424060931,1.9786528459167894,2.3560287973928937
686,7.547808934434953e-06,-0.04689641565999435,-0.04686802625656128,2.5912326463967074e-05,5.2046621537640836e-05,1.9760931614717754,1.976089989179846,2.3622840625518964
687,6.261814818820645e-06,-0.04689547605090452,-0.046868033707141876,2.598159516405194e-05,5.20460307598114e-05,1.9741638190685509,1.9741620799540422,2.349191235926694
688,6.1560737150972824e-06,-0.046895481247436845,-0.046868037623599625,2.5981481017087802e-05,5.204672114512282e-05,2.0639124568264786,2.0639124568264804,2.3495679588503435
689,5.307725496513046e-06,-0.04689443440851968,-0.046868044883012765,2.6017937123780823e-05,5.204603075981834e-05,2.121636514697139,2.12163651469714,2.3907838749578274
690,5.585625147040606e-06,-0.04689344291066943,-0.04686789349356023,2.601607179934056e-05,5.204468331012485e-05,1.972685276934418,1.9726854974289831,2.369274901113008
691,5.557826064077803e-06,-0.046893448386843194,-0.04686789777104432,2.60159512175106e-05,5.204785640663262e-05,1.9752387489563763,1.9752391218228138,2.3823347726753936
692,6.267777226399501e-06,-0.04689345366105693,-0.04686790332198143,2.6016208055012003e-05,5.204676852940682e-05,1.9608449046530074,1.960844493190095,2.378563680163305
693,6.141871299886983e-06,-0.04689251407294642,-0.04686791077256203,2.5981871544924826e-05,5.204603075981834e-05,1.9725791109311572,1.9725798394508531,2.3500898235154657
694,1.0851597276680976e-05,-0.04688778816074776,-0.04686791449785232,2.5282791558133855e-05,5.204603075981834e-05,1.9676208103909556,1.9676177485074549,2.3396984149643023
695,8.327572877755665e-06,-0.046889685541444945,-0.04686792161716494,2.5669837721125983e-05,5.204584187229466e-05,1.980457143127474,1.9804527233353721,2.348026500029158
696,9.060065061688941e-06,-0.04689158276290013,-0.04686792567372322,2.5913106873533004e-05,5.20460307598114e-05,1.9676564042460707,1.9691071889549914,2.376034806531945
697,0.005780685790625799,-0.046892535155309965,-0.04686793134422377,2.5981061619420447e-05,5.204679466458417e-05,1.9642959298556903,1.9635408480159444,2.3864249378792115
698,0.008612309698280793,-0.043229934999324655,-0.010152113699179219,0.008429728233489258,0.03676786792514071,1.9765536154004277,1.990137786712922,2.3326247812733545
699,0.017477672621346703,-0.027950599891577787,0.014095451383067526,0.021972442872439855,0.06101543798871176,1.9751851372017566,1.989942731929302,2.353763814204278
700,0.016542891211959572,-0.01985940444295493,0.014005545526742935,0.017742205194544374,0.06092553213238717,1.9767199636568527,2.029370864198739,2.3692184558752034
701,0.026803770815945375,-0.015171185792778,0.02676582988638807,0.02760270560834559,0.07368582021732259,1.9797573254638912,2.1200708800280603,2.377169100244912
702,0.02788379647094951,-0.018384548325421548,0.01862610666556179,0.02539190129492961,0.06554610072178661,1.9776583337203473,2.050934385140793,2.373529084062458
703,0.010584137136206269,-0.04537108669993738,-0.014521365147655119,0.0056017992655760865,0.03239863263386001,1.9639463151484549,1.976368885294038,2.381547846772689
704,0.005127845094772374,-0.04689445502610474,-0.0468679588476998,2.6016032786307665e-05,5.204638439591791e-05,1.9814758169918973,1.9817464707115924,2.386337857321344
705,5.441480292012621e-06,-0.046893514414121665,-0.046867965754243845,2.60159238817622e-05,5.204320314217831e-05,1.9676895086937858,1.9676895086937853,2.36056649581069
706,5.5573035907043755e-06,-0.046894466626725556,-0.0468679703772068,2.6016301128618463e-05,5.204603075981834e-05,1.968574372750084,1.9685743727500837,2.370302875483766
707,6.850989549169366e-06,-0.04689541795530804,-0.04686797543638588,2.598140760209804e-05,5.204638572054582e-05,1.9621634683268663,1.9621659925055859,2.3679478585057403
708,5.559285240758764e-06,-0.0468935318053776,-0.04686798155307769,2.6016112627594252e-05,5.204603075981834e-05,1.9714198453983776,1.9714169168958258,2.375882990947795
709,7.797213513323727e-06,-0.04689542952395433,-0.046867987851660214,2.5981132170902407e-05,5.204586582138737e-05,1.9572990137330264,1.9572972626269738,2.354114353989229
710,5.912745082165896e-06,-0.046894489502050725,-0.04686799272894859,2.601617354091208e-05,5.204603075981834e-05,1.970019419047381,1.970020137923382,2.384647085784279
711,8.138549055758362e-06,-0.04689638718574355,-0.046867999103398256,2.5912172392679296e-05,5.2047036695868076e-05,1.9752770579469985,1.9752820216454414,2.3598842636228095
712,6.032030343045701e-06,-0.0468935543404874,-0.04686800404307884,2.601569627946195e-05,5.2045892500469926e-05,1.965674766045575,1.9656766197319608,2.3686709499101153
713,6.031135991776698e-06,-0.046894506520534465,-0.04686801121055439,2.601580510973875e-05,5.204617560550934e-05,1.981412670135656,1.981412648388161,2.368376032668584
714,5.557738659002533e-06,-0.04689451194220812,-0.046868015080690384,2.6015941442567198e-05,5.204654592556868e-05,1.9547227156261358,1.9547236548086,2.353348980401531
715,5.795425857883217e-06,-0.046894518505727636,-0.04686802253127098,2.6016321750814352e-05,5.20460307598114e-05,1.947408689832018,1.9474093435683648,2.3746391993310887
716,8.496093808704062e-06,-0.04689168411621543,-0.04686802625656127,2.5912567928530073e-05,5.204603075982528e-05,1.9716218810714934,1.9716178036821568,2.354563514808168
717,5.321688574070607e-06,-0.0468945293489771,-0.04686803370714187,2.601599794049901e-05,5.204603075982528e-05,1.9581394715865728,1.9581392265715634,2.3692419101314
718,5.399477487598828e-06,-0.04689453455287205,-0.046868037432432175,2.601621320555604e-05,5.204800114396585e-05,2.061625563940462,2.061625563940462,2.3787724909214747
719,5.7736089706964985e-06,-0.04689443440016922,-0.04686804488301277,2.6018134122770213e-05,5.204603075981834e-05,2.122963736152614,2.1229637361526152,2.3566321502708236
720,7.646659421200081e-06,-0.04689155057309696,-0.04686789243065461,2.5912798083482956e-05,5.20457462157356e-05,1.9726418270662915,1.9726424846650517,2.3464746963090506
721,5.912892102009471e-06,-0.04689439414710723,-0.04686789821823531,2.601567455834181e-05,5.204703119714854e-05,1.972786772734906,1.9727867565114159,2.3806393071427254
722,5.676096671882809e-06,-0.04689439923544874,-0.04686790332198142,2.6016164323868307e-05,5.204603075981834e-05,1.9708875455193722,1.9708875455193724,2.36146436192325
723,6.386491928973544e-06,-0.0468944051377537,-0.04686790830268106,2.601584067970223e-05,5.204686180165785e-05,1.9689838962580266,1.9689842936700903,2.3304705251739266
724,7.213887850479494e-06,-0.0468944100555033,-0.04686791449785232,2.6016291290699565e-05,5.204603075981834e-05,1.963339413975597,1.9633399565845646,2.3530602809404715
725,6.267898306881729e-06,-0.04689346912515236,-0.04686791896543672,2.6015830752092844e-05,5.2045338765495386e-05,1.9712248985069916,1.9712246970140515,2.3678481856728855
726,6.858918003432534e-06,-0.046894420310568424,-0.046867925673723214,2.601613271389058e-05,5.2043745329431734e-05,1.976822458229329,1.9768223945025598,2.371080179385141
727,0.0018378401515495625,-0.046891587153313326,-0.04686792939901352,2.591268533542229e-05,5.20460307598114e-05,1.9633624485686778,1.9628168444609262,2.368377397071136
728,0.006874155719262683,-0.046895377195377445,-0.04686793684959411,2.598167953990304e-05,5.204314569769858e-05,1.9822155067107947,1.9831419835899098,2.3753669091790925
729,0.012262629830425746,-0.04655892460259568,-0.03790170388954988,0.0015033338319395452,0.009018282716094353,1.9766142134991265,1.9781982532958395,2.3639027528063856
730,0.012855537352601601,-0.040482672194524776,0.007385124683878139,0.011533286275522069,0.054305115014812666,1.989557777975995,2.007680065864119,2.354126242943805
731,0.015725231103409405,-0.04230897131055865,0.005846137446893407,0.011606890998741317,0.05276613179098484,1.978206674201068,2.0067514806627558,2.3524952086950677
732,0.01670852977421503,-0.04689728868336964,-0.04686795547604561,2.5808829986126557e-05,5.204354375962922e-05,1.9656292628211152,1.9920188244171853,2.3613987882747045
733,0.007425409297200383,-0.04689161680631942,-0.0468679592013359,2.5912660066763212e-05,5.204603075981834e-05,1.9652692414862618,1.9772727945756654,2.346768546832038
734,0.0014092147974294113,-0.046894460867433645,-0.046867966058938,2.6016112600954104e-05,5.2043434346428497e-05,1.9653580708325973,1.9664089188024378,2.3844661818776656
735,7.0874342243568175e-06,-0.04689257368820106,-0.046867970377206795,2.5981341778736495e-05,5.204603075981834e-05,1.9497258098690793,1.9497258098690797,2.378335700782561
736,7.087723682250192e-06,-0.04689257844974437,-0.0468679741024971,2.5981360580066565e-05,5.2046570004772585e-05,1.9739013279641238,1.973901327964124,2.347504319553038
737,6.50044550781347e-06,-0.04689542353445204,-0.0468679815530777,2.5981607087103794e-05,5.20460307598114e-05,1.9697399868617198,1.9697399868617196,2.3886096217706716
738,6.969548435870701e-06,-0.04689258950322045,-0.046867985278367996,2.598153267044702e-05,5.20460307598114e-05,1.9674596092402472,1.9674596092402477,2.3791684587783544
739,5.4387401358282505e-06,-0.046893541787712406,-0.04686799255659864,2.6015761483199973e-05,5.2046203109765155e-05,1.9655288424561432,1.9655288424561435,2.3855394650039337
740,7.087928239401067e-06,-0.04689260038368949,-0.04686799645423889,2.5981641194461845e-05,5.20460307598114e-05,1.9572982484423875,1.9572985539385737,2.3519012778411614
741,5.677642281973337e-06,-0.04689449825986401,-0.04686800141906769,2.6015567444381096e-05,5.204479122131178e-05,1.959584200596821,1.9595839782346856,2.361390585164472
742,5.322054033678783e-06,-0.046894502755962325,-0.04686800763010978,2.6016026379349815e-05,5.204575075399426e-05,1.9617161441873274,1.9617172115729886,2.357938949048583
743,6.031854676291177e-06,-0.04689450838031368,-0.0468680117367212,2.6016092093580693e-05,5.204564943869783e-05,1.9638695676816154,1.9638695837793323,2.358925523375717
744,5.794923741177403e-06,-0.046893567116880946,-0.046868016845631924,2.60158474488592e-05,5.204727488943017e-05,1.9701363998226051,1.9701363998226054,2.359509855241096
745,6.03170633675423e-06,-0.04689451927503472,-0.04686802253127098,2.6016182715713192e-05,5.204603075981834e-05,1.9526112222985692,1.9526101261876168,2.389116583563808
746,5.912973737465966e-06,-0.04689357822563477,-0.04686802876451975,2.6015559549716492e-05,5.204600022345324e-05,1.9748847427048934,1.9748847745468823,2.3868275582271843
747,6.734616148163192e-06,-0.04689547653024152,-0.04686803370714187,2.5981846937605887e-05,5.204603075982528e-05,1.9485568109985127,1.9485562012188398,2.3583877743620865
748,6.89271921739562e-06,-0.04689264275895698,-0.04686803836808562,2.598152835005723e-05,5.204648960444036e-05,2.071251850307347,2.071251850307347,2.379563015972044
749,7.073268026923374e-06,-0.046892235489806096,-0.04686804488301277,2.5955893261053048e-05,5.204603075981834e-05,2.1339385112398874,2.1339385112398874,2.383857893059672
750,5.396471009096625e-06,-0.04689344284806762,-0.046867892282893,2.6016242470684867e-05,5.204589397735104e-05,1.9695903212062178,1.9695894327157084,2.3686034806779412
751,6.733539361822902e-06,-0.0468953398500579,-0.04686789779341344,2.5981174036424985e-05,5.2045679160561686e-05,1.9656892692545154,1.965690619795617,2.363836528148079
752,5.43902915124504e-06,-0.04689439825660605,-0.04686790332198142,2.6016445513957265e-05,5.204485801831721e-05,1.9563981087981974,1.9563952494009227,2.3490753514606335
753,5.795745160000835e-06,-0.04689345746876584,-0.04686790704727173,2.601603048050209e-05,5.20460307598114e-05,1.9633135356272686,1.963314704118829,2.3497940608854657
754,7.206273097734749e-06,-0.04689535496236949,-0.04686791417916327,2.5981715706492736e-05,5.2042723208994834e-05,1.9661690801744935,1.9661694109513168,2.3542675053030444
755,6.498542813532544e-06,-0.046892521651370325,-0.046867918223142624,2.5981361051809348e-05,5.20460307598114e-05,1.9558432104099348,1.9558432104099355,2.3855047867279486
756,5.6766382628602e-06,-0.04689347369590412,-0.04686792401700955,2.6015997823296883e-05,5.204430760002987e-05,1.9708266007583564,1.970826262021169,2.353590650429209
757,8.828443831324228e-06,-0.04689726389278437,-0.04686792939901352,2.580919773798806e-05,5.20460307598114e-05,1.9724640997564036,1.9724676882427785,2.3574551498626186
758,0.0003805168605387825,-0.046891592236876986,-0.04686793540764397,2.5912826974525387e-05,5.20437474196625e-05,1.9654714921289895,1.9647664470153268,2.3824284817529624
759,0.003217674322340921,-0.04689254336846018,-0.04686794036099309,2.5981462631760325e-05,5.204624465113272e-05,1.9528433910618561,1.95469964246847,2.370449985437884
760,0.005771879980954333,-0.04689633260711679,-0.04686794430017471,2.5912685056279734e-05,5.20460307598114e-05,1.9638055555587,1.9631247706798112,2.365763178706702
761,0.00539124548573932,-0.04689444624520473,-0.04686794983810252,2.6015890831382345e-05,5.204614379407391e-05,1.9854974802816132,1.9836216555218493,2.329968215766967
762,0.002553620867338162,-0.04689255833469306,-0.0468679554760456,2.5981804943188975e-05,5.204537023697359e-05,1.9691987473247943,1.9683030906849563,2.362533587748203
763,6.031086506837739e-06,-0.046893510459380595,-0.0468679595671401,2.6015838266629695e-05,5.204679008263824e-05,1.9654012918112267,1.965400123814503,2.3562873816963315
764,6.852474122234203e-06,-0.046895407847960965,-0.0468679666519165,2.598181723411216e-05,5.204545875838601e-05,1.9596844447626107,1.9596841555275488,2.3710553530252816
765,6.7344143904656066e-06,-0.04689541316229927,-0.0468679703772068,2.5981877034755198e-05,5.204603075981834e-05,1.9707235047722818,1.9707235047722818,2.3610803942024297
766,6.851797515943295e-06,-0.046895417881649804,-0.04686797565955438,2.5981206894993763e-05,5.204539367458655e-05,1.9698327705713574,1.9698327705713563,2.366502118726357
767,5.794297428440014e-06,-0.04689353142812233,-0.0468679815530777,2.6016217335728837e-05,5.204603075981834e-05,1.9760827794839002,1.9760827794839002,2.3665307099294006
768,6.852207680789737e-06,-0.04689542858857077,-0.046867985278368,2.5981471170396963e-05,5.204654162500877e-05,1.9836746746245297,1.9836746746245297,2.3940276718507234
769,6.496882420181741e-06,-0.04689259622275546,-0.046867992728948586,2.598185603190685e-05,5.204603075981834e-05,1.9646276105348157,1.964627610534816,2.369628848770979
770,5.4402748143586995e-06,-0.04689354683731189,-0.04686799645423889,2.601601864014681e-05,5.20460307598114e-05,1.9643409641351774,1.9643409641351783,2.3649482802181514
771,6.971504130787256e-06,-0.046895445010085954,-0.04686800365757819,2.598111199145948e-05,5.204376324737664e-05,1.9672076973025443,1.967207645364124,2.346102289260702
772,7.784599909573138e-06,-0.04689166492848805,-0.04686800763010979,2.5912648739326424e-05,5.204603075981834e-05,1.971765786486384,1.9717654689344892,2.36633933288195
773,6.150418412139931e-06,-0.0468945089839943,-0.04686801440078568,2.6016219121584057e-05,5.204298537421492e-05,1.9707606120506485,1.9707608468343363,2.3547445198780403
774,6.73373478109711e-06,-0.04689262185861569,-0.04686801870188373,2.5981449504262975e-05,5.204613485676468e-05,1.9613429551189565,1.9613429551189565,2.3771461825260314
775,5.439439315206504e-06,-0.04689357374500781,-0.046868024430619354,2.601620136109088e-05,5.2044131411445316e-05,1.9613434753792613,1.9613445486796253,2.3775125459806987
776,6.616057948486301e-06,-0.04689547136203014,-0.046868029073629254,2.59811518942646e-05,5.204693898213514e-05,1.9721243376080386,1.972123641738087,2.35149588250996
777,5.9140333588551845e-06,-0.04689453084991479,-0.04686803465669181,2.60161518341809e-05,5.20450812098866e-05,1.9560554244899326,1.9560556459754859,2.3889866150796566
778,5.964598099699632e-06,-0.046894535714479685,-0.04686803919396021,2.601577313728082e-05,5.2046890206228213e-05,2.046260669962183,2.0462606699621815,2.348715335906001
779,6.29842274562963e-06,-0.04689443457305803,-0.046868044883012765,2.6017911724392304e-05,5.204603075981834e-05,2.1204365802876626,2.120436580287664,2.380245182667932
780,6.5248794766210146e-06,-0.04689249656711078,-0.04686789225570739,2.598164203583655e-05,5.2045921162958975e-05,1.973512118531208,1.9735096430271302,2.3698622274362378
781,5.439977334203305e-06,-0.04689439397550439,-0.04686789818323966,2.6015378096482045e-05,5.20453954991687e-05,1.9645277654329536,1.9645269272074055,2.3706259365523166
782,6.497559516010856e-06,-0.04689534505789516,-0.04686790332198142,2.5981795074062462e-05,5.20460307598114e-05,1.9652258821759783,1.965225369455812,2.3537999455910614
783,8.138846296462272e-06,-0.04689156613190468,-0.04686790748045779,2.591239306353754e-05,5.204725968999818e-05,1.9456697120226483,1.9456662050992586,2.329704153703437
784,6.615484659284506e-06,-0.046892517461423595,-0.046867914497852325,2.5981748699326963e-05,5.204557256994341e-05,1.9528578286050333,1.9528581486974312,2.3419881509320657
785,5.9136285388138085e-06,-0.04689441507233551,-0.04686791826892878,2.6015917092381986e-05,5.204606908171261e-05,1.9585461515250553,1.9585461515250562,2.367740794306927
786,7.207380124518422e-06,-0.04689252769596659,-0.046867925673723214,2.5981487381596735e-05,5.204230546952682e-05,1.9720914145984767,1.9720962775037587,2.3676975112345953
787,6.851986496199156e-06,-0.04689537131555201,-0.04686792939901352,2.5981315112706894e-05,5.20460307598114e-05,1.9689229290862351,1.9689235463229287,2.3679226050011306
788,5.9133432652311124e-06,-0.046894430920640134,-0.046867936159700044,2.601619475933311e-05,5.2043192593220766e-05,1.94746396032663,1.9474635709797232,2.3577546388246446
789,6.268260579715613e-06,-0.046894436253958616,-0.04686794057488441,2.6015953645454645e-05,5.204603075981834e-05,1.9573462955480112,1.957347099286802,2.3685266780312464
790,6.497746806194846e-06,-0.046892548525104806,-0.046867944300174706,2.5981500602469187e-05,5.204603075981834e-05,1.9618526109343806,1.9618539417420355,2.38037368922037
791,6.615119974355817e-06,-0.04689255455029511,-0.04686795175075531,2.598130336611962e-05,5.20460307598114e-05,1.9835714495278243,1.9835696399711544,2.3730313521534976
792,6.149281846272832e-06,-0.046894451512295696,-0.04686795547604561,2.6016001420206386e-05,5.20460307598114e-05,1.966158483055801,1.966158483055801,2.35636542086403
793,6.150404599439183e-06,-0.046894457599160576,-0.04686796147971265,2.6015863317855007e-05,5.2047077395041275e-05,1.9686342333239943,1.9686345283489164,2.3536550629962174
794,5.558357066013725e-06,-0.04689446239418913,-0.046867966651916504,2.601615997665127e-05,5.204603075981834e-05,1.964082575655444,1.9640854442277225,2.3575196216171146
795,6.03080955327279e-06,-0.0468935213458263,-0.046867971420123423,2.601612737439864e-05,5.204498784319028e-05,1.9715116108683326,1.97151157402244,2.3525821924075307
796,7.08921319041001e-06,-0.046892579723747815,-0.046867976136258496,2.598114438359586e-05,5.204551532284052e-05,1.9521852381787204,1.9521854848920677,2.354845402164105
797,5.440003524291509e-06,-0.046894477810536864,-0.0468679815530777,2.601608131300481e-05,5.20460307598114e-05,1.9638240147054675,1.9638240147054673,2.370166150370476
798,5.557286413395655e-06,-0.04689448208923124,-0.04686798527836799,2.6015951226831163e-05,5.20463019270459e-05,1.9752576268633213,1.9752576268633215,2.354728103752601
799,6.149523894907697e-06,-0.04689354232601795,-0.046867992728948586,2.601623671907834e-05,5.204603075981834e-05,1.976098770824671,1.9760987708246711,2.3454922540353946
800,6.733174995092913e-06,-0.046895438951533634,-0.04686799645423889,2.5981764513400595e-05,5.20460307598114e-05,1.9580533330849998,1.9580533330849992,2.3753700455846083
801,6.4976970888325284e-06,-0.04689260614632335,-0.046868002898303215,2.598130033973151e-05,5.2043311985786045e-05,1.9598680957665873,1.9598672669875237,2.3724781738210208
802,5.794057969482904e-06,-0.04689450337071751,-0.04686800763010979,2.6016247425723904e-05,5.20460307598114e-05,1.9614101131998154,1.9614088359786028,2.358152928326375
803,5.322162482221626e-06,-0.046893562542609575,-0.04686801346596061,2.601618689057733e-05,5.204392019929338e-05,1.964759759942968,1.9647600176581093,2.3474209300975226
804,5.795891528457703e-06,-0.046893567457532745,-0.04686801844619619,2.6015814715581925e-05,5.2046244088839455e-05,1.9763651857077427,1.9763653106227985,2.3800883360245813
805,7.088389199736231e-06,-0.046895465469965425,-0.04686802290245622,2.5981935039170746e-05,5.2045659574569136e-05,1.9710765978251383,1.971078801018285,2.365706611988331
806,7.904680184993654e-06,-0.046891685643594694,-0.04686802770230911,2.5912578805803144e-05,5.204637169761023e-05,1.97804929389873,1.9780513452185557,2.3560544771124805
807,5.5588980705766535e-06,-0.04689358379235523,-0.046868033707141876,2.601644680417954e-05,5.204603075981834e-05,1.9470001755499677,1.9470008258566445,2.378754095328164
808,5.847445575893292e-06,-0.046893588773368564,-0.046868038652481916,2.6015740653431463e-05,5.204569724646252e-05,2.06714263918335,2.067142639183352,2.374938259532006
809,5.723782574607209e-06,-0.04689370145702823,-0.046868044883012765,2.6017863403432634e-05,5.204603075981834e-05,2.1366774204038315,2.1366774204038324,2.364607173142911
810,6.147306260915017e-06,-0.04689438890101499,-0.04686789241423678,2.6016265454719342e-05,5.204576263357491e-05,1.9538556253807424,1.9538531337637342,2.3812465237480347
811,8.021559315138536e-06,-0.04689155513752015,-0.04686789686720791,2.59125459311929e-05,5.204704431235885e-05,1.9470525366356322,1.947056080387818,2.3734506694387134
812,7.429685974074572e-06,-0.046896291137997585,-0.04686790332198142,2.591287729505223e-05,5.204603075981834e-05,1.9646095741711735,1.9646134508144966,2.3562614333921412
813,6.37949099678675e-06,-0.04689535047054748,-0.046867907327790115,2.5981614919954864e-05,5.204600667737397e-05,1.9621547193100044,1.9621539422632237,2.3768637239380817
814,5.559088681588835e-06,-0.04689346287943874,-0.04686791449785232,2.6016251823067376e-05,5.2043201102976167e-05,1.957116885053667,1.9571175772207314,2.3536123228567893
815,6.734105648019034e-06,-0.046895360913491294,-0.046867918223142624,2.598162972594445e-05,5.204603075981834e-05,1.9764512910427812,1.976450933370876,2.378227425520159
816,5.795133345167619e-06,-0.046894420408010846,-0.046867925673723214,2.601600967881684e-05,5.204394079002389e-05,1.9845868788308187,1.984588110908874,2.3787498752322196
817,5.6767561206999995e-06,-0.046893479443430384,-0.04686792939901352,2.6016359528349908e-05,5.204603075981834e-05,1.9498252041076083,1.9498255954143269,2.3562844805361918
818,6.616047598509169e-06,-0.04689253856513965,-0.04686793653603524,2.598160307877793e-05,5.204261902839319e-05,1.953389141473153,1.9533891414731528,2.328341428306696
819,6.615705738935941e-06,-0.04689254374224755,-0.04686794057488441,2.5981723637337895e-05,5.204603075981834e-05,1.971990414112618,1.9719904141126183,2.371477647107184
820,5.793721435014576e-06,-0.046894440305066114,-0.046867944300174706,2.6016405102834954e-05,5.204603075981834e-05,1.9637362121600084,1.9637362121600084,2.3603695319560796
821,5.6764260699697375e-06,-0.046893500291360794,-0.046867950736808925,2.6015886511013972e-05,5.204611765270706e-05,1.9735095713158892,1.973509571315889,2.360361884576231
822,5.795579777794333e-06,-0.04689350522518697,-0.0468679554760456,2.6016107577900194e-05,5.204603075982528e-05,1.9722411615608688,1.9722411615608688,2.3522655580238716
823,5.912448131671645e-06,-0.04689351126864475,-0.046867961243950394,2.601568695496249e-05,5.204665777919226e-05,1.966701368902817,1.9667016657075287,2.365178011991854
824,9.183612545683335e-06,-0.04689067728826375,-0.0468679666519165,2.5808829349745324e-05,5.204603075981834e-05,1.953413375485503,1.9534128873880716,2.353299094407519
825,7.667031758975357e-06,-0.04689636006093334,-0.04686797289162585,2.5912788143601708e-05,5.204351634076343e-05,1.9585449499706657,1.958547588587523,2.339483717911747
826,5.676791981770475e-06,-0.046894472929992034,-0.046867975839920965,2.6016154494346803e-05,5.2048018626238424e-05,1.9723829162227269,1.9723827968479888,2.3814948826976927
827,6.733250677019925e-06,-0.04689258629995831,-0.04686798227939388,2.5981808715377584e-05,5.204530444363059e-05,1.9649932835522212,1.9649932835522212,2.356933665641125
828,6.734812388964373e-06,-0.04689542999225718,-0.046867987908586435,2.5981462190572013e-05,5.204658230689718e-05,1.9762843398755474,1.9762843398755479,2.3723857921395832
829,6.498965438407676e-06,-0.04689543563600848,-0.04686799272894859,2.5981951999734152e-05,5.20460307598114e-05,1.9830406844991093,1.9830406844991093,2.387191585668189
830,5.793828110182732e-06,-0.0468935482103686,-0.046867997358174165,2.6015814093635797e-05,5.204728051531188e-05,1.9430416627504552,1.9430416627504559,2.3685923891143057
831,5.677994331109846e-06,-0.046894499894472655,-0.04686800390481949,2.6015613501411508e-05,5.204552071004509e-05,1.9704616425188233,1.9704616425188224,2.3661221188243946
832,6.4961965172050545e-06,-0.0468926127236616,-0.046868007630109794,2.598140713144883e-05,5.204746402329152e-05,1.954123215042823,1.9541215671025867,2.3817446323902267
833,8.02316408139592e-06,-0.046896402556473524,-0.046868015080690384,2.591314880602284e-05,5.2045596221336754e-05,1.952148797240085,1.9521461481311748,2.3374747229350086
834,5.674637193918969e-06,-0.04689356968277168,-0.04686801880598068,2.601620414203265e-05,5.204642891627059e-05,1.9696264537960135,1.9696263561892005,2.3562486634803976
835,5.794039739388143e-06,-0.046893574706896195,-0.04686802625656128,2.6016312076333938e-05,5.2043658847159e-05,1.9694420117542937,1.9694428711720144,2.3665318379860465
836,5.914911567405078e-06,-0.04689452633955362,-0.04686802998185157,2.601628114553203e-05,5.204603075981834e-05,1.9804774984515592,1.9804762284505868,2.3551775299342768
837,6.625016959620867e-06,-0.046894531281431374,-0.04686803699950024,2.6016221317093222e-05,5.204273840145324e-05,1.9823062605601494,1.9823032127888462,2.3475105340306572
838,6.1937705031846745e-06,-0.046892643428473185,-0.046868039448956775,2.5981407333846704e-05,5.20462176194364e-05,2.0466936729218914,2.0466897691042734,2.3694166823590885
839,7.880130700179897e-06,-0.046895900639139496,-0.04686804488301277,2.59557105452332e-05,5.20460307598114e-05,2.1227488722448262,2.122750051438755,2.3844058775046926
840,6.528000865871489e-06,-0.046892496869165225,-0.04686789216413292,2.598203155406985e-05,5.204601273743614e-05,1.9758946532952109,1.9758964990222836,2.375317486712487
841,7.725360961791335e-06,-0.04689628624244051,-0.046867897775949234,2.591215097197859e-05,5.2045925058509523e-05,1.9765123905421649,1.9765121380952801,2.372677082898055
842,6.209257910087422e-06,-0.04689345240359965,-0.04686790332198142,2.6016187161527643e-05,5.204592449763179e-05,1.973030181130569,1.9730292988981128,2.3688457618339163
843,5.4970145538485405e-06,-0.046894404375439756,-0.04686790704727173,2.601589421120235e-05,5.204665953950638e-05,1.9649945443964274,1.9649964884578148,2.3924169227473415
844,7.607316571138952e-06,-0.046896301782051224,-0.04686791449785232,2.5912744640455185e-05,5.204467146680686e-05,1.9793470011892378,1.9793533175774467,2.3670805915755446
845,9.358422884196764e-06,-0.04689063040993811,-0.046867918223142624,2.5808752202032338e-05,5.2046382536093116e-05,1.968692078876062,1.968696382440101,2.343728764685307
846,8.078647572292032e-06,-0.04689631272764015,-0.04686792567372322,2.5912658510936998e-05,5.20438796286285e-05,1.990003085304203,1.990003255419511,2.366746112810311
847,6.790903135501253e-06,-0.04689253357348291,-0.04686792939901352,2.598197659224874e-05,5.20460307598114e-05,1.9819642934630997,1.981963695346509,2.364945543744807
848,5.37856424722701e-06,-0.04689348516300567,-0.04686793684959411,2.6016165936833765e-05,5.2043091025674726e-05,1.9731421224458603,1.9731421224458603,2.368932819734874
849,6.911620904430613e-06,-0.04689538311747372,-0.046867940574884415,2.5981755370695597e-05,5.204603075981834e-05,1.959088169625753,1.9590881696257532,2.380346012511327
850,5.963426862193669e-06,-0.0468944416746476,-0.04686794430017471,2.601604989574928e-05,5.204654155906152e-05,1.9954352356013485,1.9954352356013487,2.3617134304909437
851,7.1384954183493744e-06,-0.04689539381070251,-0.0468679517507553,2.5981607589367474e-05,5.204603075982528e-05,1.980646496760892,1.9806464967608925,2.3832938357740607
852,5.849603708673534e-06,-0.04689445179843975,-0.0468679554760456,2.601606469127376e-05,5.204603075981834e-05,1.9839211670774681,1.9839211670774677,2.37483377742111
853,5.736992328145527e-06,-0.04689445781185347,-0.046867962643760405,2.6015900225541912e-05,5.204631362561163e-05,1.959850052927229,1.9598499794093127,2.36331416416782
854,8.767195486215857e-06,-0.04689730083896728,-0.046867966651916504,2.5809251229552444e-05,5.20460307598114e-05,1.957762320724632,1.9577631082968843,2.343731962316614
855,5.857664776627306e-06,-0.046893521425845804,-0.046867971345977,2.60164736587014e-05,5.204506198961539e-05,1.9835165902467444,1.983516286949305,2.351291985662671
856,5.614618625403455e-06,-0.046894472370611985,-0.04686797635824608,2.6015872244372013e-05,5.204625202118174e-05,1.9880185480556314,1.9880187532784348,2.3611187823572064
857,5.619448257252331e-06,-0.046894477959336364,-0.0468679815530777,2.6016420283244557e-05,5.204603075981834e-05,1.975722102993731,1.9757221029937309,2.3540818892674813
858,6.794615625949374e-06,-0.04689259013665025,-0.046867985278367996,2.5981386998977343e-05,5.204642464438913e-05,1.9826065355864233,1.9826065355864233,2.3444473864463067
859,5.621843228817808e-06,-0.04689354226257929,-0.04686799272894859,2.6016054669528002e-05,5.20460307598114e-05,1.9705819049306759,1.9705819049306763,2.3425227244148727
860,5.616230448279589e-06,-0.04689449281163718,-0.04686799645423889,2.6016001805641326e-05,5.20460307598114e-05,1.978881592417978,1.978881592417978,2.3544600789680894
861,5.62021334562241e-06,-0.046893552249561404,-0.04686800339076872,2.6015561283083577e-05,5.204281952028017e-05,1.972476838228299,1.972476838228299,2.355670913872679
862,6.910081317989179e-06,-0.04689544925668211,-0.04686800763010978,2.5981592364615907e-05,5.204603075981834e-05,1.970606086505844,1.970606084711958,2.374883954749601
863,8.770952984388128e-06,-0.046890723521013415,-0.046868012280671764,2.580893472276609e-05,5.204510548813268e-05,1.9825626321859933,1.9825624323495206,2.372950098570563
864,5.619726151414147e-06,-0.046894512866178996,-0.04686801727658122,2.601571764364511e-05,5.204639751416745e-05,1.9774387147154635,1.9774383843475176,2.3721926317592232
865,5.258011349446813e-06,-0.04689451885019059,-0.04686802253127098,2.601621366055518e-05,5.204603075981834e-05,1.9919487890048935,1.9919487890048935,2.3569061232761506
866,6.559687711838416e-06,-0.04689546972544167,-0.04686802627740047,2.5981454043195807e-05,5.204644973540867e-05,1.9826419503928736,1.9826430073867538,2.36956755515144
867,7.720774094908068e-06,-0.04689169093515653,-0.04686803370714187,2.5912869617709672e-05,5.204603075982528e-05,1.9725013671541587,1.9724969019838885,2.3468787719257653
868,7.538547513759846e-06,-0.04689169615782375,-0.046868037432432175,2.591246459785187e-05,5.204649300503961e-05,2.0510794949717757,2.0510758557333633,2.3737508537953182
869,5.946277645143404e-06,-0.046894434170598284,-0.04686804488301277,2.6017930378381648e-05,5.204603075982528e-05,2.1659121764697744,2.1659126386821606,2.4113765940992717
870,6.450050377737638e-06,-0.04689298638845447,-0.04686789234295323,2.600376042934827e-05,5.204583391711648e-05,1.9983137960373156,1.998316407261888,2.375837163290726
871,5.298660213487568e-06,-0.04689392086159041,-0.046867897378920394,2.6019979338814095e-05,5.204735114398146e-05,1.9856593966804668,1.9856594217729637,2.3853494247229006
872,5.842868725468748e-06,-0.04689485511630192,-0.04686790332198143,2.6004052544366553e-05,5.204603075981834e-05,1.979708649788823,1.9797077227246553,2.3880149573486587
873,6.974389820655295e-06,-0.046893002361724265,-0.04686790790455785,2.6003287639619637e-05,5.2046508048096685e-05,1.9870575331369502,1.9870592412105892,2.3801305009554534
874,6.410858908883886e-06,-0.046894865843447424,-0.04686791449785232,2.6003901130606984e-05,5.2045136019848726e-05,1.9910372855550555,1.9910395780240802,2.338516970813098
875,5.6741992935964074e-06,-0.04689394187265824,-0.04686791822314262,2.602048195208174e-05,5.204618327900312e-05,1.9848152504494607,1.9848201361582727,2.3829162344250987
876,5.8631804158847156e-06,-0.04689394687955602,-0.046867925673723214,2.602059919839738e-05,5.20427902529208e-05,1.978552665771344,1.9785510617715847,2.346047774958247
877,6.597122874048064e-06,-0.046893022746353825,-0.04686792939901351,2.6003308710916946e-05,5.204603075981834e-05,1.9826501350703043,1.9826500217252476,2.3691181922365785
878,7.3295893929354595e-06,-0.04689581606892864,-0.04686793481506377,2.5954024295823663e-05,5.204433999986269e-05,1.9890823814714014,1.9890823814714014,2.372858641384488
879,5.490057093221282e-06,-0.04689396241186193,-0.04686793982015894,2.6020017896389843e-05,5.204636728354389e-05,2.001640962371093,2.001640962371094,2.3725557278190244
880,7.332884685962075e-06,-0.046892115781094625,-0.046867944300174706,2.5947039916130864e-05,5.204603075981834e-05,1.9555345679032061,1.9555345679032068,2.3752789563913823
881,6.967298413420183e-06,-0.04689211414500668,-0.0468679488192147,2.595358005814819e-05,5.204704897493473e-05,1.9971973426838616,1.997197342683862,2.369683136847417
882,6.41849291315803e-06,-0.04689304841002114,-0.0468679554760456,2.6003916804650302e-05,5.204593757304754e-05,1.9803625771342754,1.9803625771342752,2.342932439018676
883,5.4646428092037545e-06,-0.046894912819521614,-0.04686795939826138,2.6003587920010464e-05,5.204663590083203e-05,1.9833764158761071,1.9833772906001705,2.3428893441851772
884,5.681324390365088e-06,-0.04689398858471372,-0.046867966651916504,2.602050333964281e-05,5.204482231031815e-05,1.9406770823327673,1.9406773573354836,2.3530705439646824
885,7.712179914300572e-06,-0.04689213529325451,-0.046867970377206795,2.5954000270211356e-05,5.204603075981834e-05,1.994329611325923,1.9943289769350254,2.3301847084352665
886,5.294941809495081e-06,-0.04689399890284867,-0.046867975019932596,2.6019958517538164e-05,5.20473970470961e-05,1.9766451572798573,1.9766451572798562,2.3880136483221923
887,6.225723151755947e-06,-0.04689493454104143,-0.0468679815530777,2.6004057124687173e-05,5.204603075981834e-05,1.9820102658681897,1.9820102658681893,2.3938278436484337
888,5.487945221444743e-06,-0.04689400990230128,-0.04686798580517915,2.6020357014589754e-05,5.2048381483676964e-05,1.994259175861043,1.9942591758610426,2.3661421316725804
889,5.659877785944711e-06,-0.046893086687763895,-0.04686799272894859,2.600398991547545e-05,5.204603075981834e-05,1.9971580538144171,1.9971580538144171,2.3199750790965603
890,6.221262409155864e-06,-0.04689309166512949,-0.04686799651288752,2.600349932783094e-05,5.2046988169816844e-05,1.986514872843454,1.9865148728434536,2.359116806373744
891,7.324482555896991e-06,-0.04689588513383762,-0.04686800390481949,2.5953633956480465e-05,5.204542110177901e-05,1.9534782844095269,1.9534782844095269,2.3570224789915692
892,6.9471679690482516e-06,-0.04689217327914974,-0.04686800763010979,2.5953882479124945e-05,5.204631446094343e-05,1.9567507233232209,1.956752281341301,2.3682131942733182
893,5.4896950292731146e-06,-0.04689403695106691,-0.046868015080690384,2.602038081431175e-05,5.2044631575230704e-05,1.95951973082228,1.959518909456548,2.3688989832256433
894,7.524025802560805e-06,-0.04689590127197787,-0.04686801880598068,2.595357012265413e-05,5.20460307598114e-05,1.9743543984122003,1.9743545564035112,2.383263526688908
895,6.234325372989678e-06,-0.0468940477937876,-0.04686802625656127,2.602041302191992e-05,5.2044161443776105e-05,1.983778532259517,1.9837785322595163,2.407291766479544
896,6.040484302929098e-06,-0.046894982546075506,-0.04686802998185158,2.6003795636802483e-05,5.20460307598114e-05,2.0020254907767723,2.0020301916522527,2.3892952905045215
897,6.4233178232158095e-06,-0.046894987982432565,-0.04686803719518573,2.6003791698385582e-05,5.2042743569742644e-05,1.9948340111466145,1.9948318110338075,2.352878072907285
898,6.986487344574978e-06,-0.0468949929760617,-0.04686804115772247,2.600367270145404e-05,5.204603075981834e-05,2.060780743429352,2.0607735704056673,2.363438115602583
899,5.681063656980106e-06,-0.046893229176624016,-0.04686804488301277,2.6006772663317213e-05,5.204603075981834e-05,2.12142692667391,2.12142668338836,2.4081490603190017
