patch_idx,height_difference,mean_z,max_z,std_z,range_z,ds_magnitude,modified_ds_magnitude,local_shape_ds_magnitude
0,7.717216798669807e-06,-0.046895335213657956,-0.04686789272505651,2.5981814820224877e-05,5.204545181383691e-05,1.9780398488538875,1.978040310150945,2.3610378375633108
1,5.203652198901446e-06,-0.04689439385339625,-0.04686789651511973,2.6015707653794752e-05,5.204721684731739e-05,1.971331133639012,1.971333547617006,2.376992386249765
2,8.583426583612547e-06,-0.04689723737280375,-0.04686790332198143,2.5809139226785323e-05,5.204603075981834e-05,1.9767621943859814,1.9767641461900567,2.3367666406252585
3,7.71675602743986e-06,-0.04689243657926319,-0.04686790788342625,2.5907440080890133e-05,5.204589352884176e-05,1.955477139027714,1.9554768278918886,2.3777971199372043
4,5.755877911992534e-06,-0.046893463558275485,-0.04686791449785232,2.6016127228431793e-05,5.2045354962892976e-05,1.9834645477597028,1.9834645477597035,2.3460958103447904
5,5.772258092842958e-06,-0.04689441551199111,-0.046867918223142624,2.6015938467857795e-05,5.204719025740656e-05,1.9822939471811654,1.9822939471811665,2.339524605862595
6,6.899465314238217e-06,-0.04689252805892495,-0.04686792567372322,2.598182533335105e-05,5.204447879272878e-05,1.9744713858079197,1.9744713858079208,2.393304483440607
7,6.150191254027271e-06,-0.04689442580306358,-0.04686792939901352,2.601610370779342e-05,5.204603075981834e-05,1.9735566334441565,1.973556633444156,2.394079583429765
8,5.5813438542363835e-06,-0.0468934850767082,-0.04686793614220998,2.6016109709283514e-05,5.204403691118353e-05,1.9421367380042025,1.942136738004202,2.38309350002092
9,5.3915467907796715e-06,-0.046893490428462366,-0.046867940574884415,2.601621382215082e-05,5.20460307598114e-05,1.9781910592165581,1.9781910592165581,2.3991304116760923
10,6.710289241820965e-06,-0.04689254844402403,-0.04686794430017471,2.5981294726339106e-05,5.204603075981834e-05,1.9736743340283276,1.9736743340283271,2.3718278560941077
11,5.39197712555661e-06,-0.04689444668421366,-0.0468679517507553,2.6015463031558426e-05,5.2045318034134314e-05,1.9811798249242678,1.981182426523611,2.37883254191685
12,7.453290472089232e-06,-0.046896343654430954,-0.0468679554760456,2.591296472894287e-05,5.204603075981834e-05,1.972820401513885,1.972831032527504,2.380451239728936
13,8.587882082149542e-06,-0.04689161898305874,-0.046867961506570806,2.5912511439968103e-05,5.204624266820501e-05,1.9769810675855122,1.9769829867746982,2.368160921044735
14,6.1501127243075464e-06,-0.046894462310444966,-0.0468679666519165,2.601621205304884e-05,5.20460307598114e-05,1.9681348021557394,1.9681348443751456,2.384975688718786
15,6.898900053965631e-06,-0.04689257512805114,-0.04686797105742866,2.598175290466663e-05,5.2045350537953394e-05,1.9781980878385497,1.9781980878385501,2.3897304808014947
16,7.088894787277653e-06,-0.046895418517263185,-0.04686797624787912,2.598131689325854e-05,5.204719559382537e-05,1.9859556196768124,1.985955619676813,2.3691495520923485
17,7.088102847988764e-06,-0.046892585722803415,-0.0468679815530777,2.5981794643668508e-05,5.20460307598114e-05,1.9616201936201683,1.9616201936201687,2.3768564263365883
18,6.33148523161526e-06,-0.0468954287803045,-0.04686798631469605,2.5981201965113894e-05,5.2045440034384494e-05,1.9536061020125015,1.9536061020125017,2.3919769968338884
19,5.393678674912244e-06,-0.04689448860954747,-0.04686799272894859,2.6016234170246314e-05,5.20460307598114e-05,1.949829343469562,1.9498293434695622,2.3557144935274414
20,6.899876999635032e-06,-0.04689260098674353,-0.04686799645423889,2.598148124567916e-05,5.20460307598114e-05,1.9595774807806599,1.9595774807806592,2.3510468410592607
21,5.204344047641846e-06,-0.04689355285934602,-0.04686800390481949,2.6015606395717928e-05,5.204364565145059e-05,1.9873782600610497,1.987378260061049,2.261396652939492
22,7.278141201198875e-06,-0.04689261142610213,-0.04686800763010979,2.5981425742328514e-05,5.20460307598114e-05,1.9594817505690194,1.9594817505690199,2.3867340538208643
23,6.14334848438026e-06,-0.04689545530099318,-0.04686801458926652,2.5981674576284515e-05,5.204279689337982e-05,1.9476418144657923,1.947641814465792,2.3445384492019565
24,6.331655452684017e-06,-0.04689546010411236,-0.046868017971664504,2.5981632208130052e-05,5.2046865075990045e-05,1.9572051433354472,1.9572046426167027,2.3738300102561145
25,9.32462620487419e-06,-0.046890735038685544,-0.04686802381400501,2.580879050231501e-05,5.2044748025781296e-05,1.9790647541584971,1.9790642485815002,2.350066676375512
26,6.338789879823367e-06,-0.04689452494251743,-0.04686802941320011,2.6015839336218523e-05,5.204628970988806e-05,1.970842981918341,1.9708427626529297,2.378991094342382
27,6.33920168520471e-06,-0.04689453054742212,-0.04686803381045261,2.6016309769885645e-05,5.2045927449076435e-05,1.9648656589686873,1.964866544852421,2.370973608003889
28,5.392317135106785e-06,-0.04689358935946057,-0.04686803923307346,2.601567312355677e-05,5.204694643026753e-05,2.066530022960843,2.066531129367359,2.381336630379825
29,7.3011305245472295e-06,-0.04689516739642037,-0.046868044883012765,2.5997294097568908e-05,5.204603075982528e-05,2.153771924088675,2.1537719240886752,2.4112487884489044
30,7.83582494871931e-06,-0.046891550386115484,-0.046867892333324335,2.5912811850592014e-05,5.204584354601138e-05,1.9603218547428896,1.9603219408131836,2.3851240327821808
31,6.970599826567108e-06,-0.04689250130086232,-0.046867897529738925,2.5981139671839535e-05,5.204510118482497e-05,1.9582680958037646,1.9582687602285502,2.3513118878842323
32,6.50616827069087e-06,-0.04689534443714625,-0.04686790332198143,2.5981773551306978e-05,5.204492751370582e-05,1.9684900855745495,1.9684909226723228,2.3853801556784466
33,5.331180126959362e-06,-0.0468944039933702,-0.04686790704727172,2.6016074497804467e-05,5.204698689178361e-05,1.974458758883329,1.9744587926489694,2.34313945579769
34,5.448659673036099e-06,-0.04689440889383417,-0.04686791449785232,2.6016232213072918e-05,5.204293652733699e-05,1.9669100473131351,1.9669100473131353,2.368293708204168
35,5.320864199221173e-06,-0.04689441409092245,-0.046867918223142624,2.6015911908752307e-05,5.204603075981834e-05,1.968931406439217,1.9689314064392176,2.377430635862131
36,5.557241761519614e-06,-0.04689441951472861,-0.04686792458556428,2.601611756090915e-05,5.2043393628450896e-05,1.9753463742252944,1.975346374225295,2.3653624761230594
37,5.677722696839276e-06,-0.046893478313534964,-0.04686792939901351,2.6015856009491406e-05,5.204603075981834e-05,1.9553585089312362,1.955358508931236,2.3796893787333357
38,5.5591843179549355e-06,-0.04689348401378181,-0.04686793391096662,2.6016032823706626e-05,5.2045244097014e-05,1.9842839369221021,1.9842839369221021,2.382715742356851
39,6.148521134433919e-06,-0.04689443493140456,-0.0468679390843196,2.601551050010541e-05,5.204587726651694e-05,1.9642062763502568,1.9642062763502561,2.3791935649183533
40,6.029839685339973e-06,-0.046894439655552074,-0.046867944300174706,2.601637805917204e-05,5.204603075981834e-05,1.969208945657057,1.9692089456570576,2.3805099334790247
41,5.795129936549001e-06,-0.04689349975752133,-0.04686794883890267,2.601578700457276e-05,5.20472620730017e-05,1.9766987159676752,1.97669978674341,2.3732247715554786
42,7.54728379221316e-06,-0.046896343223406155,-0.04686795547604561,2.591282037022463e-05,5.2046018716264686e-05,1.9672167084400838,1.967220321550494,2.371967702504728
43,5.676261187407271e-06,-0.046894456221879134,-0.046867959522767726,2.6016037236071397e-05,5.204674248013991e-05,1.977935462291682,1.9779337891156352,2.3763264043495895
44,5.32233234863028e-06,-0.046893515277854673,-0.0468679666519165,2.6016150514568558e-05,5.204416448586352e-05,1.9795911433146651,1.9795915920381584,2.3944705515826725
45,6.851986442929107e-06,-0.04689541283292024,-0.0468679703772068,2.598187225921904e-05,5.20460307598114e-05,1.9818668058427331,1.981867562213394,2.373552617267708
46,6.735426939487501e-06,-0.0468925790724196,-0.046867974102497094,2.5981476464175928e-05,5.204722952273366e-05,1.9908555295085613,1.990854143128499,2.3621905455951673
47,5.3216672531616655e-06,-0.04689447745191067,-0.04686798155307769,2.6016120540984254e-05,5.204603075981834e-05,1.956488023068899,1.9564867692763148,2.3827419284952356
48,5.557661412687015e-06,-0.04689448223105424,-0.046867985278367996,2.601603209592393e-05,5.204603075982528e-05,1.9665020178646129,1.966502017864613,2.383387780180678
49,6.7342849447394755e-06,-0.04689543434269582,-0.046867992728948586,2.5981625024333394e-05,5.204603075981834e-05,1.9477664647430266,1.9477664647430266,2.355853802034082
50,5.5594358086507415e-06,-0.0468935464720107,-0.04686799645423889,2.6016218408244828e-05,5.20460307598114e-05,1.9680433379917137,1.968043337991713,2.3437414841637754
51,6.149467108629139e-06,-0.046894498502827855,-0.04686800329104648,2.601555451025715e-05,5.204291924253146e-05,1.9706438973410945,1.970643897341094,2.2995237975718807
52,5.912389283277892e-06,-0.04689450321450949,-0.04686800763010979,2.601607380485024e-05,5.20460307598114e-05,1.9644678080296745,1.96446768019534,2.2654627881109417
53,6.497290748261176e-06,-0.04689545500488166,-0.04686801382936048,2.5981706713320345e-05,5.204355679942069e-05,1.9557109836887658,1.955710332397265,2.3727673407401766
54,5.6759546791448596e-06,-0.04689451395091027,-0.0468680183404359,2.601594461085542e-05,5.204649630459468e-05,1.9482950053197725,1.948296993753889,2.3644884348027637
55,6.497528153676559e-06,-0.04689546582726474,-0.046868023442684294,2.5982029582870475e-05,5.2045119346505464e-05,1.9689100519598737,1.9689092836008701,2.3660593589717704
56,6.0302937370798194e-06,-0.04689452431062826,-0.04686802857365133,2.6015660112930837e-05,5.204579261126191e-05,1.9650145174560496,1.9650147727497405,2.376059611599317
57,7.784717457305595e-06,-0.04689169199394321,-0.046868033707141876,2.5913040519229076e-05,5.204603075981834e-05,1.9691970171354225,1.9691992185233076,2.372859508364434
58,6.602922034305872e-06,-0.046892642840411086,-0.04686803948688338,2.598131215435241e-05,5.2045812502225786e-05,2.0637863644467798,2.0637865376310054,2.3842452185530383
59,6.306178297134469e-06,-0.04689296828809495,-0.046868044883012765,2.59972324640414e-05,5.204603075981834e-05,2.119165250056535,2.119165250056534,2.4037003510450345
60,5.390719446727267e-06,-0.046893442985343474,-0.04686789258793282,2.6016275129723884e-05,5.204558893753125e-05,1.9471980347243645,1.9471955500766103,2.3538497183530565
61,7.680451426197558e-06,-0.04689534031182922,-0.04686789757004438,2.598125089577548e-05,5.204736460796833e-05,1.9740202357976526,1.9740189903374983,2.360721275138145
62,7.666390911923925e-06,-0.04689156038389058,-0.04686790332198142,2.5912734671404728e-05,5.2045584213698814e-05,1.9726309400181816,1.9726329069852846,2.3749530431539787
63,5.676920629254773e-06,-0.04689440472091911,-0.04686790829412743,2.6015377736823748e-05,5.204716709940327e-05,1.9740927063171207,1.9740929827658007,2.374689173778541
64,6.498366353688377e-06,-0.04689535625667422,-0.046867914497852325,2.5981687604617403e-05,5.204603075980446e-05,1.9680332427980456,1.968033764807501,2.3641283068621313
65,5.795890079982344e-06,-0.046894415727944755,-0.04686791866756824,2.6015873056143514e-05,5.204778313267627e-05,1.9769334869061563,1.9769332848878178,2.376783562299086
66,7.089911557184823e-06,-0.04689536691010778,-0.046867925673723214,2.5981780044446144e-05,5.204521263541678e-05,1.9695937206002154,1.969595979091635,2.3682200075016278
67,5.675494107231802e-06,-0.04689348016319668,-0.04686792939901352,2.601612962999526e-05,5.204663060176529e-05,1.979526312240062,1.9795258489585046,2.385613764219853
68,5.55958646335382e-06,-0.046894431447217555,-0.04686793684959411,2.6016073803769512e-05,5.204287975731775e-05,1.9696957050860406,1.9696957050860409,2.396995890545218
69,6.148158142915809e-06,-0.046893490728132245,-0.046867940574884415,2.6016151200486965e-05,5.204603075981834e-05,1.985056855102381,1.985056901120281,2.374366350735355
70,7.0885199596567225e-06,-0.046892548788635,-0.04686794430017471,2.5981343887322248e-05,5.20460307598114e-05,1.972530100243865,1.9725309938574471,2.369644805438287
71,5.559606012538308e-06,-0.04689444700147135,-0.0468679517507553,2.601570908458408e-05,5.204603075981834e-05,1.9738885864476692,1.9738865855802357,2.3772620413661345
72,7.903140437947125e-06,-0.04689161275303743,-0.04686795547604561,2.5912676261468227e-05,5.20460307598114e-05,1.9574589348535996,1.957460576372066,2.3631432796664105
73,6.7346038622597245e-06,-0.046895403486369794,-0.04686796119478344,2.5981305584477276e-05,5.2046710237604876e-05,1.9776484080695198,1.9776487415898096,2.3696727368747625
74,6.734241730456046e-06,-0.046892569527438394,-0.046867966651916504,2.5981886157646843e-05,5.204548584111096e-05,1.966278045797968,1.9662780457979678,2.371105859986176
75,6.733665867457806e-06,-0.04689257488539124,-0.04686797070191014,2.5981783256681408e-05,5.20457060564708e-05,1.9794034353352206,1.9794035132013563,2.383017770759989
76,8.020757601309077e-06,-0.04689636446307024,-0.04686797566719066,2.5912192848483454e-05,5.204674612186572e-05,1.9642392604614445,1.9642373831437545,2.3643941001004958
77,5.675992296086031e-06,-0.0468935318638584,-0.0468679815530777,2.6016308728485623e-05,5.20460307598114e-05,1.954488894534992,1.9544898459650926,2.368381569517368
78,5.6762633331993094e-06,-0.04689448298254526,-0.04686798649719144,2.6015910563170865e-05,5.204675139024173e-05,1.9705771844911348,1.9705771844911348,2.386378720405445
79,7.324825399846529e-06,-0.04689259648412708,-0.04686799272894859,2.5981813393620735e-05,5.20460307598114e-05,1.976890760723364,1.9768916160315482,2.3638653875180498
80,6.150002300095915e-06,-0.0468935471919306,-0.04686799645423889,2.6016141042940375e-05,5.204607986967341e-05,1.9785295481424459,1.9785299587412482,2.35737014163499
81,5.322530557697295e-06,-0.04689449916725384,-0.04686800390481948,2.6015703984525453e-05,5.204335580725333e-05,1.9707223835332588,1.970722537316151,2.301085841351748
82,5.676638350735582e-06,-0.046893557734779955,-0.04686800763010979,2.6016378565823874e-05,5.204603075981834e-05,1.9664302172285608,1.966430382400234,2.2826894866798706
83,9.182893376006003e-06,-0.04689072474428421,-0.046868014329917655,2.580897319288734e-05,5.204367317467734e-05,1.9724548239583048,1.9724534242661655,2.3627095030721583
84,7.666620946183743e-06,-0.04689640708030367,-0.04686801880598068,2.591272351243575e-05,5.204603075981834e-05,1.968988138176807,1.9689882588638756,2.3502883365078837
85,7.324981940247651e-06,-0.046892627836505475,-0.04686802479328947,2.5981835913646476e-05,5.2043768741322216e-05,1.9540966166932598,1.9540952535438842,2.3649721987557752
86,5.321970507800032e-06,-0.04689452547697551,-0.0468680294973054,2.6015935714855657e-05,5.204651530599236e-05,1.9666418720830618,1.9666420288357502,2.3690354567164835
87,6.49871267927264e-06,-0.046895477247173654,-0.046868035841723873,2.5981708730194785e-05,5.204389617781413e-05,1.9550203609033678,1.9550198481138963,2.3620846208259385
88,5.938562597134083e-06,-0.04689453622243197,-0.046868040065354125,2.6015924261151755e-05,5.2047123128159956e-05,2.0756778506347446,2.075677322070418,2.3850462350965875
89,6.2555260377212265e-06,-0.04689443452165417,-0.046868044883012765,2.6017869593799728e-05,5.204603075982528e-05,2.1339707760092224,2.133970776009223,2.3842463291930462
90,5.774962382567852e-06,-0.0468934428112497,-0.04686789266899083,2.6016373940086025e-05,5.204550787952372e-05,1.9877133491220604,1.9877133491220604,2.348770039378949
91,5.5585385143018164e-06,-0.04689344729366522,-0.046867897834594004,2.601592496367914e-05,5.204589177424529e-05,1.9851346131692043,1.985134189996038,2.338727294125652
92,7.666911124059626e-06,-0.046891559994435436,-0.04686790332198142,2.5912738701839602e-05,5.2045803019235004e-05,1.9773117267834586,1.977310933533942,2.3302901154811004
93,6.852568474135402e-06,-0.04689535038806584,-0.04686790704727173,2.5981355547908536e-05,5.2046682304025815e-05,1.9589714769135569,1.9589731803128785,2.348226048668886
94,5.9137354548278755e-06,-0.046893463019588626,-0.04686791449785232,2.6016233685247645e-05,5.204386711678971e-05,1.9590862245429503,1.9590839334811265,2.3806213279194166
95,8.140347802984638e-06,-0.04689157583346341,-0.04686791822314262,2.5912541243362478e-05,5.204603075982528e-05,1.9732117140272443,1.9732126709181346,2.3697490883677856
96,7.903485354548619e-06,-0.04689158142405291,-0.046867925286630155,2.591265342222366e-05,5.204313479464928e-05,1.9736540224438586,1.9736505489773406,2.382986086700592
97,5.794700306622954e-06,-0.04689442543064127,-0.04686792939901352,2.601611632223286e-05,5.20460307598114e-05,1.9665383691569052,1.966537523013672,2.3750876297260914
98,6.0310195935890044e-06,-0.046894430558678174,-0.04686793621520352,2.601600065054066e-05,5.204293986011549e-05,1.9609521035232187,1.9609521035232185,2.3496911416083495
99,7.088082159651789e-06,-0.046895381506647585,-0.0468679400080126,2.5981376266447647e-05,5.204598647452069e-05,1.9621566142841944,1.96215632411452,2.350649041465629
100,7.902193394980823e-06,-0.04689633265722737,-0.04686794430017471,2.5912941440166508e-05,5.20460307598114e-05,1.978855739831099,1.9788556575390293,2.329139305626716
101,5.439267829385373e-06,-0.04689350056910261,-0.046867950582435126,2.601599736308265e-05,5.2047199079995055e-05,1.9696467915340163,1.9696491768029116,2.3545321301801017
102,5.7943664256380306e-06,-0.046894451470536946,-0.04686795547604561,2.6016213375964683e-05,5.204603075981834e-05,1.9689847881020184,1.9689850180106028,2.3710714611980332
103,6.378420702285542e-06,-0.046892565079664786,-0.046867961152737836,2.5981291870522587e-05,5.2046228084669244e-05,1.9723144783484396,1.9723136375608237,2.3567188065323097
104,6.970439449348026e-06,-0.0468954083448406,-0.046867966651916504,2.5981720141866056e-05,5.20460307598114e-05,1.9841422682504954,1.9841422682504963,2.325355684168881
105,5.794406042137263e-06,-0.04689352125787789,-0.04686797113309245,2.6016122056899103e-05,5.20452748741726e-05,1.9791383268946299,1.979137331291212,2.3612247891585025
106,6.031353987491085e-06,-0.046893526331089376,-0.04686797587737078,2.6015902961256555e-05,5.2046935028651764e-05,1.9705278815795695,1.970528158907552,2.374788424056302
107,7.088339413875241e-06,-0.04689258591097707,-0.0468679815530777,2.5981776169738552e-05,5.204603075981834e-05,1.964558796986242,1.9645586930378547,2.3746622304078815
108,5.440834874799582e-06,-0.046893536480839174,-0.04686798579129941,2.6015669600726924e-05,5.204717966856426e-05,1.9638508572115403,1.9638524539711,2.3636549628344787
109,6.852907187903151e-06,-0.0468954350265995,-0.04686799272894859,2.5981576746198886e-05,5.20460307598114e-05,1.9589400406786406,1.9589396061737863,2.366549590098114
110,8.946450672841682e-06,-0.04689733201387549,-0.04686799645423889,2.5808636480070333e-05,5.204634019020937e-05,1.9611030364927846,1.961103686498238,2.36469609877078
111,7.088987455100464e-06,-0.04689260655015716,-0.04686800390481949,2.5981201827021205e-05,5.204270244835163e-05,1.9537334176245467,1.9537321466162205,2.332505398647189
112,7.443552267406392e-06,-0.04689545007674628,-0.04686800763010979,2.5981753377956317e-05,5.20460307598114e-05,1.9408656565215794,1.9408657010424755,2.3632641204616536
113,6.1494944944325e-06,-0.04689450921004135,-0.0468680142161562,2.6016232408231084e-05,5.204317000370717e-05,1.9744653826572915,1.9744660091056903,2.384734135089256
114,5.322030471175825e-06,-0.04689356814667105,-0.04686801880598068,2.601578548312513e-05,5.20460307598114e-05,1.9563121061917408,1.9563112344484277,2.3902557442003616
115,5.439612427171046e-06,-0.046894519743375135,-0.0468680241282013,2.601617684871362e-05,5.204443382949425e-05,1.9806233959624913,1.9806232166302968,2.356400993541681
116,5.204166080355166e-06,-0.04689452469700896,-0.04686802882885484,2.6015857987621794e-05,5.204656382590961e-05,1.966519785894975,1.9665189521362931,2.3895790038242795
117,7.311620052780796e-06,-0.04689642275447322,-0.046868033791271996,2.5913053976926153e-05,5.20459466296988e-05,1.9675117881181614,1.9675048557867307,2.373301514380092
118,5.307938539445747e-06,-0.04689453515869072,-0.04686803796786283,2.6015905194864527e-05,5.204764560799713e-05,2.055660515970252,2.0556583803090778,2.3673510723474975
119,7.409322198562604e-06,-0.04689223547672872,-0.04686804488301277,2.5955928984607842e-05,5.204603075981834e-05,2.117228475683849,2.1172284756838478,2.3787268080200104
120,7.46524966125629e-06,-0.04689533541394699,-0.04686789330014401,2.5981861669565812e-05,5.204487672633845e-05,1.9591502485542147,1.9591520088415382,2.3486241809341526
121,6.733561035164626e-06,-0.046892501683035964,-0.0468678980735736,2.5981103838057684e-05,5.204576490513285e-05,1.976175545804692,1.9761738577377053,2.3791062126695945
122,8.828147327289438e-06,-0.04689723714679961,-0.04686790332198142,2.5808930873098883e-05,5.204571259099372e-05,1.9813910278367433,1.9813920596051786,2.3206235832958235
123,7.325177618481137e-06,-0.046892511889894045,-0.04686790763076597,2.598132523602203e-05,5.204625925794848e-05,1.966665133934856,1.9666671356736776,2.325078551248151
124,5.676696721768452e-06,-0.04689346321527487,-0.04686791449785232,2.601610439509193e-05,5.204489716380267e-05,1.966090381001672,1.96608822713652,2.3654668847087095
125,7.903583131786397e-06,-0.046896307363886384,-0.046867918223142624,2.5912608690759016e-05,5.204603075981834e-05,1.969113554641224,1.9691102207322568,2.3823086434403757
126,8.021233994837704e-06,-0.04689631225503315,-0.046867925145783244,2.5912844060154017e-05,5.204296203320524e-05,1.9813719957744462,1.9813739161842046,2.3825895755914606
127,6.970866901965638e-06,-0.046892532896718464,-0.04686792939901351,2.598182887915192e-05,5.204603075981834e-05,1.9816157161577208,1.9816152820715953,2.3911706561185637
128,6.733868948690866e-06,-0.0468925384539457,-0.04686793549033913,2.598190941950108e-05,5.204381683841103e-05,1.9659057284615664,1.965905728461566,2.3639752378168435
129,6.970129045803956e-06,-0.04689254369527991,-0.04686794057488441,2.5981746309020162e-05,5.204603075981834e-05,1.9589391346061185,1.958938724077318,2.374581416337963
130,8.021683205000103e-06,-0.046891602031212475,-0.04686794430017471,2.5912538620315316e-05,5.20460307598114e-05,1.9653864752625174,1.965383646765801,2.3630588054039863
131,6.616393732924447e-06,-0.04689539270313887,-0.04686795099893192,2.5981487878857398e-05,5.2046174714895366e-05,1.9755211740273058,1.9755208876094514,2.3534897691516927
132,5.913604076688175e-06,-0.04689350492007574,-0.0468679554760456,2.601616381993231e-05,5.204603075981834e-05,1.975648145748433,1.9756481457484325,2.3835164086181777
133,5.7952246964916745e-06,-0.046894457333602514,-0.046867960750533684,2.6015944567933046e-05,5.204757894796547e-05,1.9836144052196278,1.983614405219628,2.366069003344587
134,6.734067854825524e-06,-0.046892569832232577,-0.0468679666519165,2.5981873393662722e-05,5.204603075981834e-05,1.9658410840694462,1.9658410840694471,2.3538605388432248
135,6.734363116749577e-06,-0.04689541376077554,-0.04686797108512241,2.5981836203100162e-05,5.204532284421026e-05,1.9763503874323958,1.976350387432395,2.3765041933890707
136,5.9125392881868385e-06,-0.04689447229794316,-0.04686797602168964,2.6015785005319606e-05,5.204707005617565e-05,1.9556038872435089,1.9556048741061691,2.356588748559514
137,8.377107363539459e-06,-0.04689637085083232,-0.04686798178764244,2.591280437899434e-05,5.204579619507571e-05,1.960966855528319,1.9609706645852032,2.3795661803285597
138,5.439837159192228e-06,-0.0468935370065785,-0.046867986280827625,2.601607508269437e-05,5.204777745473205e-05,1.9790378539381328,1.9790379983768287,2.3858567422050037
139,7.902510555603998e-06,-0.04689165047035225,-0.04686799272894859,2.5912875686946253e-05,5.204603075981834e-05,1.9649482807209564,1.9649491238747614,2.357118892285081
140,6.031840475424594e-06,-0.04689354738033525,-0.04686799645423889,2.6015985496652932e-05,5.2046189746031424e-05,1.9521976602043043,1.952195893399536,2.3699420364675223
141,5.2041526508775e-06,-0.04689449940599486,-0.04686800390481949,2.601559424754689e-05,5.204460327512539e-05,1.9689903704645624,1.9689904050551417,2.366187226883204
142,5.5581881674484645e-06,-0.04689355805429733,-0.04686800763010978,2.601616417075473e-05,5.204603075981834e-05,1.9559852549100938,1.9559846185704146,2.371572696212996
143,7.666460931036372e-06,-0.046891670824483624,-0.04686801448698179,2.591278900904533e-05,5.2043193588112435e-05,1.9687335302803044,1.9687336160305628,2.3996324476969564
144,5.5577055388572665e-06,-0.04689356871588603,-0.04686801880598068,2.6015886687527662e-05,5.204603075981834e-05,1.9696069974544348,1.9696076189787943,2.4048435693948047
145,6.735096730686605e-06,-0.046895466579550044,-0.046868025634455135,2.59816945985044e-05,5.2043024874721955e-05,1.9787674269808417,1.9787674269808422,2.361769511906289
146,5.912941679292102e-06,-0.046893579036067355,-0.04686802998185157,2.6015938510844395e-05,5.20460307598114e-05,1.9681694330238417,1.9681687418374878,2.3865527566063816
147,5.676156172608514e-06,-0.04689358446845666,-0.04686803492726425,2.6015985664072172e-05,5.204481063744715e-05,1.9759366712744164,1.9759363442625806,2.340795458315873
148,5.7816412433118035e-06,-0.04689358931613307,-0.046868038757330026,2.601577241184378e-05,5.204627656742872e-05,2.070500872895087,2.0704991950456617,2.39357364503125
149,6.544634432460523e-06,-0.046895167489194485,-0.04686804488301277,2.5997249856734798e-05,5.20460307598114e-05,2.120768097537355,2.1207680975373564,2.409643165651178
150,5.7689538697168546e-06,-0.046894388994703065,-0.04686789222778486,2.6016446066353566e-05,5.2045949085491316e-05,1.946846092458125,1.9468499360941074,2.3700613594892395
151,8.021597783030561e-06,-0.04689155520543085,-0.046867896712398605,2.591236690525626e-05,5.204696678372256e-05,1.9766680666813123,1.9766720425895423,2.3724811425400145
152,7.088411975089265e-06,-0.04689534476257764,-0.04686790332198142,2.5981967379269613e-05,5.204516877520965e-05,1.9699758373183247,1.9699745834384244,2.3600595796095076
153,7.548391835461104e-06,-0.04689629658334424,-0.04686790758237218,2.591274569290383e-05,5.204680972671627e-05,1.9673977397835638,1.9674060175615973,2.3569735386822375
154,5.676236692153545e-06,-0.046894409196731116,-0.04686791449785232,2.6016522634154314e-05,5.204422248709234e-05,1.9822615697382093,1.9822624488748581,2.362824833776777
155,8.61295229143333e-06,-0.04689157623678444,-0.046867918223142624,2.5912775165892326e-05,5.20460307598114e-05,1.9654879568909838,1.9654911741857166,2.3408527487346626
156,7.548153053307294e-06,-0.046896312317264835,-0.046867925673723214,2.5912725291764526e-05,5.204330232037868e-05,1.9799333955797391,1.979936429204368,2.3940558097574645
157,5.79478128615231e-06,-0.04689347941782429,-0.04686792939901352,2.601612174565511e-05,5.20460307598114e-05,1.9640300287839987,1.9640324868896415,2.376092834268974
158,7.443819891373029e-06,-0.046895377062578014,-0.04686793612486322,2.59817173021815e-05,5.204303020041323e-05,1.9839725421006629,1.9839721980440137,2.3960097104042983
159,6.386266279351908e-06,-0.04689443618984395,-0.0468679402364679,2.6016161118406922e-05,5.204636917632843e-05,1.9696837220772494,1.9696841454712037,2.3403403187264886
160,5.912199738236885e-06,-0.04689444025327855,-0.04686794430017471,2.6016285483239177e-05,5.20460307598114e-05,1.9590594608985974,1.9590571950396423,2.3730507107383665
161,5.557868415979026e-06,-0.04689350028855434,-0.04686794936856342,2.6015805081654067e-05,5.204767904658236e-05,1.9537691818064191,1.953768472941427,2.3717919922820503
162,5.439415213553503e-06,-0.046894451279404455,-0.04686795547604561,2.6016198205998194e-05,5.20460307598114e-05,1.9823930017994202,1.9823930017994207,2.3756388913425717
163,6.734053120880484e-06,-0.04689540312512354,-0.046867961609669724,2.5981223688575747e-05,5.204426051954453e-05,1.9808073513029352,1.98080725561513,2.379691292838866
164,7.089499808575755e-06,-0.046892569273285556,-0.0468679666519165,2.5981622664252686e-05,5.204351680591912e-05,1.9812763361580492,1.9812764365817563,2.374433094308022
165,6.031336664531142e-06,-0.04689352100234936,-0.04686797076117781,2.601616437218661e-05,5.2045646788803634e-05,1.9718559219762706,1.9718550238787735,2.3843392088937163
166,6.141782526537697e-06,-0.04689541778143427,-0.04686797493809087,2.5981506431366397e-05,5.204668714930971e-05,1.9451237895597293,1.9451243287158548,2.366998479124904
167,1.0101810856744506e-05,-0.046889746584452975,-0.04686798155307769,2.5669617489820677e-05,5.204603075982528e-05,1.9651803022679109,1.965182777896405,2.374929397249445
168,6.616905666800868e-06,-0.04689259014364342,-0.046867985278368,2.5981257213703157e-05,5.204712784559473e-05,1.9674539212154378,1.9674526351570525,2.382988420633378
169,6.1501853983933636e-06,-0.046894488778897056,-0.04686799272894859,2.6016214677475408e-05,5.20460307598114e-05,1.9618583389906714,1.961858177827994,2.3765596923014973
170,5.794550946053232e-06,-0.046894493517251334,-0.04686799645423889,2.601591523647383e-05,5.204619591503423e-05,1.9628264959765669,1.9628279231505346,2.361737310630783
171,5.558512335689638e-06,-0.046894499073801825,-0.04686800390481949,2.601557428702762e-05,5.2043521570031837e-05,1.976540586490434,1.9765405864904333,2.3673468216754663
172,5.794346879388973e-06,-0.04689450366384451,-0.04686800763010979,2.6016133676885434e-05,5.20460307598114e-05,1.9556576320169254,1.9556577010124674,2.383013716932842
173,5.321868491067847e-06,-0.04689356281319073,-0.04686801355901106,2.601624325984702e-05,5.204382714883715e-05,1.9656798633284918,1.965682289586476,2.376554105199994
174,5.9128535846165256e-06,-0.04689451434034114,-0.04686801828544828,2.6016050226268138e-05,5.2046551292220244e-05,1.9632108021748986,1.9632119733379325,2.3806022288538378
175,5.55838946259021e-06,-0.04689357357812858,-0.046868023721335514,2.601617193331655e-05,5.204484069527837e-05,1.9728421696850875,1.972839780779948,2.3855456801007837
176,5.677294981108178e-06,-0.04689357843076505,-0.046868028803552064,2.601592202826761e-05,5.204720905932492e-05,1.9908443663424487,1.990844366342449,2.329328371494826
177,6.497045216655308e-06,-0.04689263840296804,-0.04686803446777704,2.598192088783672e-05,5.2045270124652376e-05,1.9639750230763073,1.9639750230763073,2.343097482058628
178,5.754705093794057e-06,-0.046893589513245584,-0.0468680397842148,2.601581110682886e-05,5.204629246100684e-05,2.06728117533361,2.067281175333611,2.393091795937548
179,6.208596894595746e-06,-0.046895167500757964,-0.04686804488301277,2.5997146560719658e-05,5.204603075981834e-05,2.1427786527987878,2.1427786527987887,2.39799783524535
180,7.086935120899593e-06,-0.04689533542587635,-0.04686789230799142,2.598169827639403e-05,5.204586887893464e-05,1.9369427504523826,1.9369421952160273,2.383847672094814
181,6.031511448248049e-06,-0.04689439410449381,-0.04686789801998624,2.60160109548777e-05,5.204635635040061e-05,1.9669599542803695,1.9669594896196934,2.369302990210949
182,8.473882409955426e-06,-0.046890614048358516,-0.04686790332198143,2.5808803069623836e-05,5.204555479650791e-05,1.9591805639871747,1.959187419573622,2.3851953850202388
183,7.088090945914449e-06,-0.04689251240824987,-0.046867908189526304,2.5981199208558318e-05,5.204691380372023e-05,1.9556331870777584,1.9556342523900243,2.370438305883551
184,6.6158831727558795e-06,-0.04689535584353798,-0.04686791449785232,2.5981622145249944e-05,5.204497998557989e-05,1.9710234888222584,1.9710253740657282,2.346931950358004
185,6.030966417155812e-06,-0.04689346925006098,-0.046867918223142624,2.601591803402735e-05,5.2046746806047595e-05,1.974252112866972,1.9742516817831617,2.386906490338662
186,5.676861336994013e-06,-0.04689442043617297,-0.046867925673723214,2.6016224936071623e-05,5.204355813917538e-05,1.969239354892024,1.9692385180051968,2.3850989038723016
187,6.268196368794435e-06,-0.04689347932882164,-0.04686792939901352,2.6016129856948575e-05,5.20460307598114e-05,1.9729164949239784,1.9729179510629262,2.3759244591172877
188,8.021087041757543e-06,-0.04689159266445804,-0.046867936229308016,2.5912772154947036e-05,5.20431562421389e-05,1.9674433380152168,1.9674466222952256,2.3439456267418
189,5.558540485413344e-06,-0.04689443635107906,-0.04686794057488441,2.601596797291797e-05,5.204603075981834e-05,1.9697812080154904,1.9697822262630065,2.3598109069293636
190,5.676780988575213e-06,-0.04689349473539251,-0.04686794430017471,2.6015844215252623e-05,5.20460307598114e-05,1.9789537012502,1.9789537012502,2.3764925201855407
191,5.795776880547603e-06,-0.046894446801626376,-0.0468679517507553,2.6015736883211982e-05,5.204603075981834e-05,1.9683337688358344,1.9683337688358349,2.3787827817917853
192,5.676878911124828e-06,-0.046893505104550696,-0.0468679554760456,2.6016205349765705e-05,5.204603075981834e-05,1.9726329826139093,1.9726329826139102,2.3667734783306207
193,5.911930031627745e-06,-0.04689351141022897,-0.04686796123196703,2.6015905770748502e-05,5.2047054580804664e-05,1.980826441970716,1.9808263196163625,2.385630731302747
194,7.548436152351616e-06,-0.04689635473383371,-0.046867966651916504,2.5912759974507894e-05,5.20460307598114e-05,1.9643074157822977,1.9643024292662221,2.378608531835115
195,5.795466373544443e-06,-0.04689446755588855,-0.046867971691510024,2.6016177061666106e-05,5.204471645659653e-05,1.9548270961810086,1.9548242296227403,2.398320825506956
196,5.675945037837364e-06,-0.046893526506696946,-0.04686797608734432,2.6015844948859992e-05,5.204688709674332e-05,1.9793847879473487,1.9793835916251423,2.379664635286677
197,1.0102799901591317e-05,-0.04689826315338774,-0.0468679815530777,2.5669919460089383e-05,5.20460307598114e-05,1.976329694906691,1.9763296468006286,2.3364469606511378
198,6.149769010620709e-06,-0.04689353667350461,-0.04686798594267068,2.6015762669031933e-05,5.204633726980934e-05,1.9811609612072414,1.9811609118126206,2.3753577804960746
199,5.440994651302879e-06,-0.04689448894177508,-0.04686799272894859,2.6016063117783464e-05,5.20460307598114e-05,1.9647239065709259,1.9647239065709257,2.3721575570553863
200,5.558114135230933e-06,-0.04689449341076544,-0.04686799645423889,2.6015916838487103e-05,5.204661483539097e-05,1.9756535816759857,1.9756535816759846,2.340770215795039
201,5.557674320998941e-06,-0.04689355308566009,-0.04686800390481949,2.6015548370801507e-05,5.2044833159368975e-05,1.9754306026295798,1.975430602629579,2.3600509102174003
202,5.676888198318924e-06,-0.04689450424520075,-0.04686800763010978,2.6015797912467358e-05,5.204603075982528e-05,1.9515147287387504,1.95151472873875,2.3747101731921445
203,6.616560888971745e-06,-0.046895455554407856,-0.04686801504498436,2.5981468446495235e-05,5.2043145255253886e-05,1.9777754811148653,1.9777753873479624,2.3786789484063173
204,7.784334119278506e-06,-0.04689167602006238,-0.04686801880598068,2.5912445495089022e-05,5.20460307598114e-05,1.9657204153332217,1.9657236302826793,2.363044279810602
205,6.971127619865635e-06,-0.04689546615623899,-0.046868025116636916,2.5981568281143223e-05,5.2043445393876175e-05,1.9808251160857677,1.9808248201833167,2.339677789421457
206,5.439988206447676e-06,-0.04689357889320321,-0.04686802998185158,2.601590216126467e-05,5.20460307598114e-05,1.9648580678818321,1.9648594702781224,2.3755237496294996
207,5.676900667531474e-06,-0.046894530694883974,-0.04686803500133519,2.6016173866978343e-05,5.2044736566503325e-05,1.9779206779286926,1.9779209261541593,2.3603818833901324
208,6.956932381145036e-06,-0.04689548183859987,-0.04686803957382435,2.598158704542499e-05,5.204663692585931e-05,2.0555016623730924,2.055501662373094,2.3921910843643643
209,6.537956306513761e-06,-0.046892968468805314,-0.04686804488301277,2.5997205726354475e-05,5.204603075981834e-05,2.121765469393395,2.121765469393395,2.396952955346027
210,5.390269894703496e-06,-0.046894388977410044,-0.04686789296380421,2.6016309730558034e-05,5.2045213066134743e-05,1.9766682376304672,1.976668237630467,2.3657042798094534
211,6.497917577716024e-06,-0.04689250133996674,-0.046867896515819414,2.598152811096441e-05,5.204791610743942e-05,1.9628859189232408,1.962887555580314,2.389314445822347
212,6.14917469774531e-06,-0.04689439864741319,-0.04686790332198143,2.6016099745849295e-05,5.204527355255617e-05,1.9694021030646827,1.9694010260821073,2.3768125374883917
213,6.150176859709337e-06,-0.04689440463789991,-0.04686790733891884,2.6015693180797817e-05,5.204641386394315e-05,1.9787635978648848,1.9787629141172987,2.3448711159031177
214,5.558198959801207e-06,-0.0468944094955954,-0.04686791449785232,2.601626855465713e-05,5.204494836346524e-05,1.9860644086306332,1.986065372294805,2.3586225819542324
215,5.558724974325329e-06,-0.04689441523174887,-0.04686791822314262,2.6015987933175328e-05,5.204694941231269e-05,1.967569070022087,1.967569425594109,2.3542225525862426
216,5.913332483094145e-06,-0.04689347415237378,-0.04686792567372322,2.6016258555371116e-05,5.20433518786112e-05,1.9758321265959162,1.9758321265959176,2.341906278367098
217,0.0007235413290426907,-0.04689537197646799,-0.04686792939901351,2.5981510632131204e-05,5.204603075981834e-05,1.9597640269145304,1.960758579788872,2.3573603711168003
218,0.0009705910419869042,-0.04689632347210003,-0.04686793666711479,2.5912792403726706e-05,5.20424879488432e-05,1.9661925139308276,1.9654082385913183,2.37902053678576
219,0.0009664646330779633,-0.04689254354007288,-0.04686794057488441,2.5981380507911876e-05,5.204603075981834e-05,1.9679853371420297,1.9681389399353062,2.367893032935051
220,0.0002516737075050188,-0.0468944406755557,-0.046867944300174706,2.6015987298029963e-05,5.204603075981834e-05,1.9597387246090607,1.9595931028111317,2.3517583513878724
221,5.793981862215769e-06,-0.046893500522656714,-0.04686795048761533,2.6015798981250783e-05,5.204661861545057e-05,1.9671970760958348,1.9671970104915761,2.3410145169991523
222,6.031758772196749e-06,-0.04689350496394756,-0.0468679554760456,2.601620718525627e-05,5.204603075981834e-05,1.9751745599777797,1.9751742107353343,2.3814256160150147
223,5.794227868729268e-06,-0.046893510802484675,-0.04686796089139721,2.6015618327982766e-05,5.2046376103315195e-05,1.9577756115548177,1.9577755344941679,2.3684745225603328
224,5.912622413337958e-06,-0.0468944616989865,-0.0468679666519165,2.60162679898743e-05,5.204485587915336e-05,1.9657026197085385,1.9657000941563467,2.359018612106452
225,6.267806067835334e-06,-0.04689446693363403,-0.0468679703772068,2.6016388325975074e-05,5.20460307598114e-05,1.9753628783923447,1.9753645151285266,2.375991790405993
226,9.18457384370254e-06,-0.04689068679648285,-0.046867974321562485,2.5808642732705265e-05,5.204688621140985e-05,1.979106707689172,1.9791114892375123,2.363671550864615
227,6.379504545207327e-06,-0.046895423869338246,-0.0468679815530777,2.5981684267200848e-05,5.20460307598114e-05,1.982777540700945,1.982778223849638,2.356359556719627
228,6.142185406317141e-06,-0.04689542858509056,-0.046867985278367996,2.5981473934222065e-05,5.2046065952111864e-05,1.9780376845056482,1.9780377684094816,2.3527056956811134
229,6.3797356220897075e-06,-0.04689543450483154,-0.04686799272894859,2.5981656545659274e-05,5.20460307598114e-05,1.9770042016362448,1.9770055287065604,2.3547343877730738
230,5.795536234004539e-06,-0.04689354681746513,-0.04686799645423889,2.601620546555805e-05,5.20460307598114e-05,1.9753068687307327,1.975306536820263,2.379734542369823
231,6.852167282691888e-06,-0.046892606245054654,-0.04686800314479346,2.5981169055547526e-05,5.204389557440098e-05,1.9549419846756746,1.954942072733376,2.3420771114938272
232,6.498420827164907e-06,-0.04689261064830266,-0.04686800763010979,2.5981544960755935e-05,5.20460307598114e-05,1.981702075448193,1.9817017071663532,2.3573296057235127
233,6.970503410950032e-06,-0.04689545505291603,-0.04686801290389391,2.5981726160884767e-05,5.204448226599212e-05,1.9710944670327106,1.9710964247222802,2.368992723028866
234,6.851827260149735e-06,-0.04689546016618597,-0.046868018407282476,2.5981469438359466e-05,5.2046429458017796e-05,1.9667901076920449,1.966790161140737,2.393858923646622
235,8.827932601891953e-06,-0.04689073510583809,-0.04686802392063208,2.580881929430256e-05,5.204464139871301e-05,1.9766146107774487,1.9766148227035747,2.3646020381866877
236,7.784237109333946e-06,-0.04689641710836966,-0.04686802932470857,2.591223532116543e-05,5.204656713852368e-05,1.97363533215088,1.9736332545170863,2.362127972593901
237,6.0306106573000855e-06,-0.04689358446728455,-0.04686803395436076,2.6016189446519906e-05,5.204578354093409e-05,1.939768497807469,1.9397665307870213,2.371796469150608
238,5.834879878289778e-06,-0.0468935893729464,-0.046868038135513344,2.6015719088371497e-05,5.204791215504545e-05,2.0556232159678047,2.055623215967802,2.3865036159844313
239,5.894223730534668e-06,-0.04689370154763722,-0.046868044883012765,2.6018008113591495e-05,5.204603075982528e-05,2.1276409560351897,2.1276409560351888,2.3832996187424738
240,5.579892231748979e-06,-0.04689438911001462,-0.0468678924453871,2.6016342598023487e-05,5.2045731483249535e-05,1.978716635464357,1.978716635464357,2.377267508845713
241,5.794408014118803e-06,-0.04689439365498233,-0.04686789815659206,2.601585864090142e-05,5.204593621632031e-05,1.9854943320945868,1.9854943320945868,2.3619827205885553
242,7.089475443865728e-06,-0.04689250612688425,-0.04686790332198143,2.598170850578907e-05,5.204453571060197e-05,1.9710318592671798,1.9710293206054774,2.3897518082460016
243,8.021547831552288e-06,-0.046896296619613725,-0.04686790704727173,2.5912630358332066e-05,5.204628403886885e-05,1.973975700657486,1.9739704044895694,2.36427880081888
244,7.903858810434452e-06,-0.0468915706032425,-0.046867914497852325,2.5912716298289988e-05,5.204444197207808e-05,1.9595379717799521,1.9595383926481296,2.3618527471870148
245,6.031203701745488e-06,-0.04689441473100917,-0.046867918223142624,2.6016227372501235e-05,5.20460307598114e-05,1.970097743558354,1.9700969532273631,2.3639307319092615
246,0.0004664882441110729,-0.046895366307056714,-0.046867925111719076,2.598175881801444e-05,5.2044598677934706e-05,1.9677357046668669,1.9677410737329848,2.3491613992512277
247,0.0034648597874530457,-0.046892533082465535,-0.04686792939901351,2.5981895323899625e-05,5.204603075982528e-05,1.9609598056880126,1.9620588683468843,2.341052756877086
248,0.0038573044407852605,-0.0457817862918267,-0.03145872657562056,0.003255964797853577,0.015461252579443079,1.9579150742191438,1.9563394876449902,2.358166237204058
249,0.0072456113687260695,-0.04671016244864614,-0.04092854193489037,0.0009726102284736406,0.0059914445203399155,1.9639379401319326,1.9662634069492582,2.361232556446079
250,0.009385440345764098,-0.046892547740733675,-0.046867944300174706,2.5981950274064608e-05,5.204603075981834e-05,1.9687154727246092,1.9696164021820752,2.3745256563610737
251,0.008002861691427455,-0.04689444636571135,-0.0468679498718969,2.601577357203134e-05,5.204722252567101e-05,1.976763293425741,1.979524066333625,2.3483141270942633
252,0.004461728443084937,-0.04689634348538076,-0.04686795547604561,2.591281571876718e-05,5.20460307598114e-05,1.9668869442712404,1.9677672906823598,2.362780198449363
253,0.001340037737910391,-0.046895402992301986,-0.046867959840375624,2.598194845710495e-05,5.2047288134397796e-05,1.961311834449909,1.9618843840166353,2.367327549121647
254,9.9830792269376e-06,-0.04688973076675688,-0.0468679666519165,2.567002036728556e-05,5.204603075981834e-05,1.959662730603109,1.9596659317267395,2.383228310455586
255,6.614853273000235e-06,-0.04689257484165662,-0.04686797122765446,2.5981811263710975e-05,5.20451803121616e-05,1.9724374306731238,1.9724371809503964,2.382721174309938
256,6.73409035976154e-06,-0.04689541797074352,-0.04686797516448195,2.5981115544094428e-05,5.204641430085061e-05,1.9750207923976455,1.9750212776278122,2.3749109629238783
257,5.793490708676962e-06,-0.046893531912415236,-0.0468679815530777,2.6016141986082982e-05,5.20460307598114e-05,1.9706507535877889,1.9706536395329293,2.3912910083226135
258,5.676459298188738e-06,-0.04689353618855157,-0.046867985278367996,2.601617045628511e-05,5.2046406517999855e-05,1.9740131548139355,1.9740156050103999,2.365442511628308
259,8.257059421181882e-06,-0.046891649864016775,-0.04686799272894859,2.5912661445947634e-05,5.20460307598114e-05,1.975473119192092,1.97547747101326,2.3689252885279797
260,8.946658808289794e-06,-0.04689733147644996,-0.04686799645423889,2.580896835083905e-05,5.20460307598114e-05,1.9799522497542805,1.9799531031358855,2.3582983386565886
261,5.675797125975254e-06,-0.04689355249388259,-0.04686800308368152,2.6015759596741335e-05,5.204312660749e-05,1.9708073474359928,1.9708073000850583,2.361997606184913
262,6.149612622284798e-06,-0.046894503475443126,-0.04686800763010979,2.601628510337624e-05,5.20460307598114e-05,1.959670894058467,1.9596715028445932,2.3800693225383776
263,7.66589699837215e-06,-0.04689167035472115,-0.04686801294453658,2.5912644662543e-05,5.2044441623322335e-05,1.9747562580233415,1.9747589704985309,2.3535265252528177
264,5.558369544428277e-06,-0.046893567793956994,-0.046868018805980675,2.6015887924633556e-05,5.204603075981834e-05,1.960907317086045,1.9609060254802668,2.365427656303379
265,7.90333504596532e-06,-0.04689641190735784,-0.04686802265891934,2.5912952032316858e-05,5.204590311146118e-05,1.969755002483332,1.9697502866091456,2.3248291261764376
266,6.379487104834442e-06,-0.04689263207259044,-0.04686802852597468,2.598155539876346e-05,5.204628275818496e-05,1.9703565619730714,1.9703555413045561,2.354530362607369
267,5.676442432073654e-06,-0.04689358376844426,-0.046868033707141876,2.6016058479598598e-05,5.20460307598114e-05,1.9768126622096656,1.976811715181936,2.3791589220273375
268,6.891743328710252e-06,-0.04689548095701386,-0.046868037432432175,2.5981340215797914e-05,5.204703862277116e-05,2.052996471108361,2.0529962653850666,2.3900275471485317
269,5.265259536244037e-06,-0.046894434359179255,-0.046868044883012765,2.6017749903906145e-05,5.204603075982528e-05,2.1318676272795596,2.1318676272795574,2.391607141616243
270,6.153427383816163e-06,-0.04689344293012724,-0.04686789222271922,2.6015937948982714e-05,5.204595415112673e-05,1.985437137863603,1.985441978998729,2.333831207626002
271,7.207091059884895e-06,-0.04689534028464918,-0.04686789822007767,2.5981345047506844e-05,5.204662844893182e-05,1.986382638918677,1.9863825599742888,2.3759663070855863
272,6.031518436285806e-06,-0.046893452808801264,-0.04686790332198142,2.601641183567763e-05,5.204603075982528e-05,1.984154204236113,1.9841505127437427,2.386896318589319
273,6.504641979761556e-06,-0.04689440474393745,-0.04686790816070269,2.6015783057978388e-05,5.2045885616205934e-05,1.9653172921649231,1.9653164743483,2.375100921578457
274,6.734351027450661e-06,-0.04689251749334145,-0.04686791449785232,2.598175570584592e-05,5.204544255783816e-05,1.9720931083640816,1.9720943783971667,2.3749271462553248
275,5.439431517877721e-06,-0.046893469680272186,-0.04686791893750858,2.6015710667299586e-05,5.204626110820454e-05,1.9758345959113337,1.9758336208381577,2.386183481349903
276,0.0005078920735720188,-0.046893474617094325,-0.046867925673723214,2.601612232800996e-05,5.204547384767e-05,1.967172305708465,1.9675953329881746,2.365438461289359
277,0.0031883533159871866,-0.046683306842263524,-0.03530838537774724,0.0015481454511599,0.01161159122965083,1.887155246867068,1.8851934067439642,2.366105935165251
278,0.012443764379576975,-0.03752318375747823,-0.01717224729996926,0.011015645154944456,0.029747731855094377,1.9541529898243484,1.950884655697859,2.3581373904768723
279,0.0048483598184314285,-0.03602697776218374,-0.01717224994160082,0.011789970565512,0.029747735792473973,1.963774241249734,1.9793236144491495,2.3787442879018355
280,0.009791769764689515,-0.034411987832539646,0.006004007738990291,0.013546253966030045,0.05292399539715672,1.9689786937937057,1.9917628156255516,2.3882770061758545
281,0.007758885801155899,-0.03609183528888283,0.00034989549085415357,0.014069102557029365,0.047269889547078975,1.9733056322211764,1.9862621104883624,2.387593200849983
282,0.008590787975512586,-0.044511487284487374,-0.019253268290970935,0.006158880430230358,0.027666729490544186,1.964489348814705,1.9727298982280108,2.3560474700418803
283,0.004075303285397801,-0.046894453725675384,-0.04686795743214672,2.601582453059857e-05,5.2046541507977384e-05,1.9736641140476618,1.978598033373126,2.362189545469658
284,6.9708951748979186e-06,-0.0468954059027269,-0.046867962926626205,2.5982024010720918e-05,5.204603075981834e-05,1.9752799927860394,1.9752799381566128,2.380395189724794
285,8.139523517867177e-06,-0.0468963572466257,-0.04686796856403834,2.5912636333776116e-05,5.2046705151895245e-05,1.9662100936536837,1.9662131723996874,2.375260225675846
286,6.970065397514349e-06,-0.046895416027161685,-0.046867974102497094,2.5982142213512426e-05,5.204603075982528e-05,1.9717750097752795,1.9717744133769688,2.381206644795654
287,6.4973923173109354e-06,-0.046892583368090206,-0.046867979058528055,2.5981758411365794e-05,5.204730734097163e-05,1.9782377960937205,1.97823779609372,2.3810659794193594
288,6.504020504970012e-06,-0.04689448087554381,-0.04686798527836799,2.6016419063783084e-05,5.204603075981834e-05,1.9776041209129396,1.9776069039913309,2.3835850796566795
289,5.557888415155308e-06,-0.04689354057685836,-0.04686798989390492,2.6016227548661662e-05,5.2046924184576127e-05,1.9727936194248705,1.972792316299466,2.3646845280346986
290,5.913058021822572e-06,-0.04689449190112485,-0.04686799645423889,2.6016233410596924e-05,5.204603075981834e-05,1.9753115444821585,1.975312345940365,2.3912581571899025
291,6.0307228903504865e-06,-0.04689355156757655,-0.046868000746208734,2.6015852098782203e-05,5.204546408027477e-05,1.9765492114037464,1.9765495935555009,2.3755718824747265
292,5.440008776984616e-06,-0.04689355642367561,-0.04686800763010979,2.6015810470859398e-05,5.204596560379193e-05,1.9533289721876548,1.953328601249411,2.35682471486645
293,7.207689155044823e-06,-0.046895454537787824,-0.04686801174026148,2.5981849191586113e-05,5.2045645898425585e-05,1.9614176875166953,1.9614172316750498,2.380538730449552
294,6.497145982750216e-06,-0.046892621213636944,-0.04686801724057481,2.59813639886058e-05,5.2046393207959285e-05,1.973968058815695,1.9739699630222298,2.37487196545246
295,5.557473507733608e-06,-0.04689357311874604,-0.04686802253127098,2.6016243447644754e-05,5.20460307598114e-05,1.9788226661779982,1.978822373296764,2.357627748161107
296,5.9130436231769676e-06,-0.04689452448233601,-0.04686802838130859,2.601592415198101e-05,5.204763130280121e-05,1.9686464727619848,1.9686449925518923,2.381433445151628
297,7.5471753980777596e-06,-0.04689169202097492,-0.04686803376136443,2.591274322510414e-05,5.204597653726134e-05,1.9624147116889517,1.962410977209215,2.3756838559259332
298,5.533455931763351e-06,-0.04689453546142165,-0.04686803997311954,2.6015585394481415e-05,5.2045634433624255e-05,2.0682408138042683,2.0682399577819126,2.397987823226454
299,5.7266432612218655e-06,-0.04689516727226248,-0.046868044883012765,2.599727753972442e-05,5.204603075981834e-05,2.1450300604491352,2.145030060449133,2.3942527055954557
300,8.971596879689301e-06,-0.04689155035156939,-0.0468678925485951,2.5912863286094335e-05,5.204562827525183e-05,1.9809619838883563,1.9809625639884725,2.3772520545040834
301,7.548571596412642e-06,-0.04689628695892471,-0.046867898041164424,2.5912653096086104e-05,5.204758628651884e-05,1.951517445974377,1.9515144554534856,2.3551477814671795
302,9.41981454635297e-06,-0.046890614473552354,-0.04686790332198142,2.580888467074304e-05,5.204603075981834e-05,1.9734189642907884,1.973414122639617,2.379597033957484
303,6.26888235089775e-06,-0.046894405387372905,-0.046867909942592066,2.601583776959552e-05,5.204671188803467e-05,1.9662950770462284,1.966296245397889,2.31674888514494
304,5.794719875475595e-06,-0.04689346410486885,-0.046867914497852325,2.6016153006533563e-05,5.20460307598114e-05,1.9735333906078978,1.9735330314358928,2.3951334160547213
305,6.0321769367177755e-06,-0.04689441654979187,-0.046867919590185665,2.6015687619344945e-05,5.204743008937335e-05,1.9728333618321539,1.9728335602602576,2.377261850920728
306,0.0005089571927570628,-0.046894421471053306,-0.04686792567372322,2.6016525930494823e-05,5.20460307598114e-05,1.9615774333734302,1.9616405682226787,2.3699586353745197
307,0.005146801592578535,-0.04687274639795447,-0.04577952001686741,0.0001509838596357297,0.0011404591269077585,1.9050874599519716,1.9046868158340957,2.337969949403528
308,0.010995124463411322,-0.03797300313452184,-0.0182177303626237,0.010125479374164794,0.028702250841549575,1.9644840036634046,1.9668073643003692,2.3564628363517945
309,0.005736307130983847,-0.04014231946003946,-0.018403952886820656,0.009596629459280645,0.02851603371882357,1.977314230418867,1.9873856006862396,2.376134471077029
310,0.03472726404715717,-0.01786232751341451,0.026862370885296045,0.021296695752917434,0.07378235749094028,1.958107553257134,2.012371137077813,2.3894053064418053
311,0.04312004363261107,-0.012949685033169003,0.029774591739807336,0.024922269497219866,0.07669458207074187,1.9574931014743646,1.9690751104838116,2.355419931003815
312,0.012186974979606186,-0.033911606309553644,-0.017172260404597475,0.013453319061559929,0.029747737376917646,1.9799095401761082,2.0197363100352823,2.3465500212600254
313,0.004074945448123752,-0.04689445144229556,-0.0468679554760456,2.601622308699786e-05,5.204603075982528e-05,1.9689308419764338,1.9738370511350452,2.3755194402500206
314,6.50692009284867e-06,-0.04689351134494198,-0.046867961434011014,2.6015987640430323e-05,5.2047421086935663e-05,1.9712647703247272,1.9712636680809035,2.361847421714543
315,7.091884403216274e-06,-0.046892570098107635,-0.0468679666519165,2.5981939155506134e-05,5.204603075981834e-05,1.9742143668517904,1.9742145250743628,2.377871253609273
316,6.618018315298815e-06,-0.0468925758361725,-0.04686797297077319,2.5981860965669774e-05,5.2045143184742404e-05,1.9773272585149528,1.9773283163584678,2.345124082585743
317,5.441813655020666e-06,-0.046893527907327814,-0.0468679778277874,2.6016203203917952e-05,5.20460307598114e-05,1.9752060972659615,1.9752060972659622,2.3698244208046866
318,6.499056937933155e-06,-0.046892587110667266,-0.04686798509693306,2.5981603608099973e-05,5.204322723152688e-05,1.9656002937575496,1.9656002937575499,2.3988465906026444
319,5.9115113931735674e-06,-0.04689448471860695,-0.046867989003658295,2.6015933792529247e-05,5.204603075981834e-05,1.9660076673020153,1.9660076673020148,2.364146521313772
320,6.617892357148518e-06,-0.046892597970296414,-0.046867994365994405,2.5981755241173952e-05,5.204439371400693e-05,1.9696982157638925,1.9696982157638916,2.383740826817479
321,5.4417902421727e-06,-0.046893549746320165,-0.046867999704853974,2.6015811947710378e-05,5.20465054350272e-05,1.9704139637782079,1.9704141993297892,2.381879248105092
322,6.613982020031154e-06,-0.0468954473943633,-0.04686800757584641,2.598106138742489e-05,5.204300263616374e-05,1.9451312424233982,1.945130761408222,2.359227588825031
323,6.735199398878059e-06,-0.04689261471477875,-0.046868011355400085,2.5981714730692708e-05,5.204603075981834e-05,1.9657625041981734,1.9657616449218656,2.36435089083935
324,6.0337484466746195e-06,-0.04689356567953988,-0.046868015080690384,2.6015718509399124e-05,5.20460307598114e-05,1.9814331472822035,1.9814332269347732,2.367597913571497
325,5.675997662045393e-06,-0.04689451850480689,-0.04686802253127098,2.6016382535166625e-05,5.204603075981834e-05,1.964300837133201,1.964300837133201,2.3669364315723285
326,5.796994421013535e-06,-0.04689357686362284,-0.04686802625656128,2.6016178413935e-05,5.204699199494456e-05,1.9496058133371237,1.949605546284478,2.3372243142666815
327,5.912794228465677e-06,-0.04689452974304957,-0.046868033707141876,2.6016244583945903e-05,5.204603075981834e-05,1.9636042288591533,1.9636041969741966,2.3602591700508304
328,5.7294582399917e-06,-0.046893588430904215,-0.046868037432432175,2.601582260380063e-05,5.204712142554968e-05,2.0823105165007907,2.082309769193569,2.3916252638802806
329,6.2513198945402056e-06,-0.04689516715734334,-0.046868044883012765,2.5997302993314336e-05,5.204603075981834e-05,2.1238044913982175,2.123804491398214,2.3754911410365005
330,8.019160051412074e-06,-0.04689628162834599,-0.04686789278424871,2.591263991063232e-05,5.2045392621637154e-05,1.9455939941036724,1.9455965186298454,2.366942451204731
331,6.852190896445334e-06,-0.04689534023082642,-0.046867897628384565,2.5981183345103833e-05,5.204632909478618e-05,1.9823149085290939,1.9823168694272435,2.3496371967697436
332,6.615090620350679e-06,-0.04689534492351205,-0.04686790332198142,2.598188879938846e-05,5.204603075981834e-05,1.9613459259840837,1.9613446171787752,2.3231885988290784
333,6.031639285851282e-06,-0.046894404735053234,-0.04686790799309783,2.601592003201239e-05,5.204709476471642e-05,1.9722267181333601,1.9722262408379707,2.362366104927631
334,6.85318415401836e-06,-0.04689251707577116,-0.04686791449785232,2.5981957933856157e-05,5.204485439972567e-05,1.9695514280259414,1.9695489816453018,2.342222877435132
335,8.021570432869924e-06,-0.046896307845638564,-0.046867918223142624,2.5912558806454518e-05,5.204733511749576e-05,1.9441413104716139,1.9441338486014323,2.355194816115719
336,4.6711006727772874e-05,-0.04689252808116011,-0.046867925673723214,2.5981807904722093e-05,5.2044002062760775e-05,1.9629543029797387,1.9634000460429177,2.366069984282729
337,0.0027672490889787474,-0.04689347940304598,-0.04686792939901352,2.601598737450683e-05,5.20460307598114e-05,1.9753285495054784,1.974040627327658,2.331728524836824
338,0.0031278529493954724,-0.04650730645605796,-0.03402752019358044,0.0018667996705961014,0.012892459578434969,1.9792677017194475,1.9797552854235636,2.350387166015138
339,0.005940348669274197,-0.04547430273956917,-0.029078807672753948,0.00411130357783748,0.017841178932890285,1.976464948128027,1.9845422756278035,2.373428978004279
340,0.011154711551142485,-0.04543419405836807,-0.029060854625526027,0.004331095694590844,0.017859135705408497,1.975793813930155,1.98436165722453,2.3731040193069073
341,0.011314452265805689,-0.04522008204813183,-0.030482446283988145,0.004031992210884233,0.016437550025875745,1.971928213698674,1.983034321769255,2.360836444716899
342,0.010681761963843074,-0.046893504329977034,-0.0468679554760456,2.6016399257885487e-05,5.204590477813492e-05,1.9773403028376424,1.980242393884668,2.3428759398010084
343,0.0027439936226822613,-0.04689634891684854,-0.04686795999262831,2.5912498910445107e-05,5.2046058155751085e-05,1.974381328422575,1.9796848578669546,2.3819964528549713
344,5.678665271049072e-06,-0.04689446145592939,-0.0468679666519165,2.601654879736432e-05,5.204524673141364e-05,1.973799860796335,1.9737999533266692,2.3664821624259265
345,6.033125691200208e-06,-0.046894466771713716,-0.046867970377206795,2.6016379764761396e-05,5.204603075981834e-05,1.9734160924685709,1.9734160924685704,2.3754746572685397
346,5.3218706997807394e-06,-0.04689352479789584,-0.0468679741024971,2.60161018973723e-05,5.204657711111588e-05,1.9759990811875467,1.9759990811875467,2.3831775801192796
347,5.4390108239393595e-06,-0.046893531100025684,-0.0468679815530777,2.601629067521804e-05,5.204603075981834e-05,1.9723977958537788,1.9723977958537788,2.3519056319921217
348,6.852713286290831e-06,-0.04689542828155647,-0.046867985278367996,2.598143475967816e-05,5.204616482554214e-05,1.9740958725812263,1.9740958725812268,2.3479480204141336
349,5.439058129716818e-06,-0.046893541901212255,-0.046867992728948586,2.601590228477377e-05,5.204603075981834e-05,1.9758159035847302,1.9758159035847294,2.3403592877592643
350,5.79432111093371e-06,-0.04689354659103734,-0.046867996454238885,2.6016120655198346e-05,5.204603075982528e-05,1.9607371510568268,1.9607367150228279,2.3491028063538977
351,7.090335660309501e-06,-0.046895444959671025,-0.04686800371002012,2.598102890222399e-05,5.204372468220475e-05,1.965920465591095,1.9659214370745364,2.341359448904866
352,8.020467622863515e-06,-0.04689166510725674,-0.04686800763010979,2.5912410848552145e-05,5.20460307598114e-05,1.9794683393935752,1.9794642300509349,2.372330659359707
353,8.140269840625586e-06,-0.04689640139408667,-0.04686801324251632,2.5912340175598047e-05,5.204414364358423e-05,1.9626085227674392,1.9626039644201012,2.3775151939692636
354,5.440626530721788e-06,-0.04689451438863826,-0.04686801880598068,2.601603195461147e-05,5.204603075981834e-05,1.9565961852240663,1.9565954301731834,2.372662140578444
355,6.853372796839435e-06,-0.04689546614505113,-0.04686802405406405,2.59816264054937e-05,5.2044507966746145e-05,1.964393359959991,1.9643932149901253,2.361446591437753
356,5.2034224385833705e-06,-0.04689452482179745,-0.046868029380228896,2.6015654701230486e-05,5.204605267720985e-05,1.9542598900816717,1.9542618529044957,2.3452188143240185
357,5.6771438458093365e-06,-0.04689453060531927,-0.04686803416186458,2.6016115807138425e-05,5.2045576037114405e-05,1.9698105356837374,1.9698101381641315,2.3834674227734656
358,6.227880029223134e-06,-0.04689358916623025,-0.04686803940791055,2.6015759963345056e-05,5.2046094190127956e-05,2.0712961922106787,2.071296109203509,2.372376561072424
359,5.5769147247064005e-06,-0.04689370151009155,-0.04686804488301277,2.6017784607256402e-05,5.204603075981834e-05,2.126923045801694,2.1269230458016914,2.39672068117554
360,7.092686480583381e-06,-0.04689249652171382,-0.04686789265127073,2.5981913050686856e-05,5.2045525599619946e-05,1.9561092926073171,1.9561089971181158,2.3761887844112954
361,8.139545972601594e-06,-0.0468915552043425,-0.04686789733847306,2.5912297411353824e-05,5.204705386254588e-05,1.9670570124113718,1.9670594810030528,2.376735467012785
362,6.615405495340603e-06,-0.04689534484161709,-0.04686790332198143,2.5981691251233307e-05,5.204474487950639e-05,1.983527631066017,1.9835279937545798,2.359776661853003
363,5.439698454213892e-06,-0.04689345822543569,-0.0468679077484689,2.6015769604931843e-05,5.204578595088133e-05,1.9450715909744014,1.945071590974401,2.3720207860775018
364,5.795039627947437e-06,-0.04689346336779401,-0.046867914497852325,2.6016186056333168e-05,5.20446601221039e-05,1.9591743763900027,1.9591709607048928,2.3837317069236885
365,5.6761480829384095e-06,-0.046893469150806874,-0.046867918223142624,2.6015893200492716e-05,5.204658583973787e-05,1.9436034629441201,1.9436010261442294,2.3648475402507185
366,6.267975082772438e-06,-0.04689347425736389,-0.046867925673723214,2.6016204567520383e-05,5.2044593564372355e-05,1.9777108196125002,1.9777081948593334,2.377130643286921
367,0.0005375724918557267,-0.046896318169743455,-0.04686792939901352,2.591256090349137e-05,5.20460307598114e-05,1.9606328008017315,1.9609204031971945,2.3269174521706306
368,0.0013808944679393647,-0.046895377128811866,-0.046867934851087326,2.598161907592007e-05,5.204469345194973e-05,1.964948517579916,1.9647678373612574,2.3324393914125388
369,0.002230134079790909,-0.04689443617689372,-0.04686794057488441,2.6016154301298995e-05,5.204603075981834e-05,1.9676530968044732,1.968302590059514,2.3729727141879975
370,0.002524096865826399,-0.04689444070058146,-0.04686794430017471,2.60161194318007e-05,5.20460307598114e-05,1.9825224021759544,1.9829252433781306,2.371337604609452
371,0.0016794891608100623,-0.0468944466175887,-0.04686795084323028,2.6015651572448293e-05,5.2046599355697054e-05,1.9793146258782606,1.979494136429378,2.361213312660665
372,0.0008281266670358814,-0.04689350476478814,-0.04686795547604561,2.6016280289695347e-05,5.20460307598114e-05,1.9670906183659378,1.9670902458508182,2.35662722158327
373,7.207289392572777e-06,-0.04689256429682753,-0.04686795953390783,2.598145900333133e-05,5.204697482610182e-05,1.9697422903092456,1.9697430612594127,2.3590289445482737
374,6.733988803756504e-06,-0.04689540805823577,-0.046867966651916504,2.598170295469841e-05,5.204540052834716e-05,1.9804245007874672,1.9804248402735092,2.368910467112607
375,6.497441551382682e-06,-0.046892574690519585,-0.0468679703772068,2.598202489234924e-05,5.204603075981834e-05,1.969837856829089,1.9698378568290897,2.385324408569838
376,6.504199579525334e-06,-0.046894471930533116,-0.04686797472230996,2.6015763523130765e-05,5.2047205687105746e-05,1.9684605520533374,1.9684605520533376,2.3757322232959543
377,6.653942697330727e-06,-0.046893531810218006,-0.0468679815530777,2.6016091499176016e-05,5.20460307598114e-05,1.9726605062191795,1.9775791798867752,2.3779287095734145
378,1.8130830695233284e-05,-0.04689448263010916,-0.04686798581542032,2.601603460650003e-05,5.204660517423715e-05,1.9739833756103538,1.9786992220444017,2.3603798238400957
379,2.2774853414773876e-05,-0.046894488887882106,-0.046867992728948586,2.6016390361707954e-05,5.204603075981834e-05,1.9752078328989353,1.981001799509305,2.3594616202199727
380,1.8789278258059212e-05,-0.046892601202268146,-0.046867996959172806,2.598135459159326e-05,5.20463669846441e-05,1.9763562442761835,1.9797181921114175,2.379407050523817
381,1.2664221710323138e-05,-0.046896391676129204,-0.04686800390481948,2.5912079105810114e-05,5.204455946231784e-05,1.9722032649312953,1.9737119456885852,2.3399527429189915
382,7.325470132420158e-06,-0.04689261158716256,-0.04686800763010978,2.5981626003836737e-05,5.204603075981834e-05,1.9594428740821976,1.9594395102711086,2.359558688635426
383,5.912966412484574e-06,-0.04689356304078646,-0.046868014678581996,2.6016126591533778e-05,5.204309327580536e-05,1.9625662802329513,1.9625662516980786,2.374637801469148
384,6.149349951098255e-06,-0.04689356813895259,-0.046868018805980675,2.6015835871365248e-05,5.204603075981834e-05,1.9692540709868558,1.969253808971911,2.375997884350241
385,6.031808345534374e-06,-0.04689451998862197,-0.04686802450388548,2.6016100813389232e-05,5.204405814531604e-05,1.9755219287990595,1.9755228814779457,2.3695131215496295
386,8.139393068135994e-06,-0.046891686596545155,-0.04686802972710765,2.591224966232626e-05,5.2046069726321975e-05,1.9715053009828667,1.9715044627067928,2.3646185438914036
387,8.710717357105505e-06,-0.046897369348276687,-0.04686803492359985,2.5808908794110947e-05,5.2044814301842324e-05,1.9724251906808394,1.9724274994669946,2.373800270231485
388,6.254457306317853e-06,-0.04689358945982298,-0.046868039282700974,2.6015857187124413e-05,5.204717553612681e-05,2.0637704398676746,2.063771205491987,2.364495996684342
389,5.858512290107682e-06,-0.04689443456737486,-0.046868044883012765,2.6017977741473656e-05,5.204603075982528e-05,2.1160949550818646,2.1160949550818637,2.3641865184289492
390,5.207030059111887e-06,-0.046893442927718264,-0.04686789240819935,2.6016361997548297e-05,5.2045768670995474e-05,1.9829780817244818,1.9829789923646737,2.345573979266716
391,7.088710874631981e-06,-0.04689533990355408,-0.04686789720749486,2.59812639786858e-05,5.20459176734378e-05,1.9818703096198558,1.9818698713924103,2.348271297980727
392,6.73453948881619e-06,-0.04689250616804755,-0.04686790332198142,2.5981816644493735e-05,5.2045881396393934e-05,1.9727467285792046,1.9727465875423444,2.3797569792149997
393,5.794848109922985e-06,-0.04689345811868377,-0.046867907634371514,2.601587308248446e-05,5.204622901958805e-05,1.9806896099279894,1.9806896099279891,2.358125921390349
394,7.207889288716812e-06,-0.046892516799506644,-0.046867914497852325,2.598165779737241e-05,5.204302109101944e-05,1.954287224506041,1.9542844062038718,2.3664665354074863
395,7.902452864723128e-06,-0.04689630672826517,-0.046867918223142624,2.5912516265465933e-05,5.20460307598114e-05,1.9616270940986926,1.9616261398390256,2.3762624637938723
396,5.793988903187913e-06,-0.04689441985737821,-0.04686792432825217,2.6016217677329452e-05,5.204365833690744e-05,1.9508514811659292,1.9508478415701593,2.3408001518578123
397,5.6772018892702366e-06,-0.04689347893982434,-0.04686792939901352,2.6015950769806856e-05,5.20460307598114e-05,1.9655982558120602,1.9655953340454722,2.357222016243407
398,5.9132918974222785e-06,-0.04689348453763639,-0.04686793520461007,2.6016289968974284e-05,5.204395045356469e-05,1.9782165627037265,1.9782161461082572,2.376782885485163
399,6.031462591286458e-06,-0.04689348956919697,-0.04686793991760743,2.6015869860817363e-05,5.204668803680118e-05,1.9614477201530764,1.9614479546575674,2.379016115557927
400,8.296767623435102e-06,-0.046894440493550814,-0.04686794430017471,2.6016285636022755e-05,5.20460307598114e-05,1.9754964393303769,1.9833261583125914,2.382584661634042
401,9.849186520471963e-06,-0.0468935005900829,-0.046867950769063534,2.6015906671273596e-05,5.2046613801821906e-05,1.9775333909226605,1.9939936845531783,2.359772511708743
402,1.2088325837140242e-05,-0.04689539772289834,-0.0468679554760456,2.5981623901407324e-05,5.204603075981834e-05,1.97265521049048,1.9877444329651557,2.362660720984004
403,8.173717211268314e-06,-0.04689445767917688,-0.04686796086328844,2.6015870656693098e-05,5.2047613297780126e-05,1.9674307741944008,1.976368010794228,2.373453687672994
404,5.913116578446294e-06,-0.04689351613693932,-0.046867966651916504,2.601646627528074e-05,5.20460307598114e-05,1.9736393279482576,1.9736385967830368,2.3893059872290965
405,6.970513879449448e-06,-0.046892575263960325,-0.04686797232815537,2.5981785375124612e-05,5.204407981124204e-05,1.9798613146927173,1.9798617552529019,2.358959829295717
406,6.26127393601201e-06,-0.04689258000480939,-0.04686797618747939,2.598146504808209e-05,5.2046140291132914e-05,1.9587902283059928,1.9587902283059928,2.357692024989758
407,0.0012847023393736951,-0.04689258570611279,-0.0468679815530777,2.5981846552992095e-05,5.20460307598114e-05,1.9635102427390692,1.968447936519742,2.372056303175055
408,0.0012918687640324639,-0.04689194877329647,-0.04683030303710781,2.9551566671216203e-05,8.972886724169238e-05,1.970819411498308,2.0092876223582534,2.332713981314035
409,0.0012250220783626246,-0.04685760410341661,-0.04670493304729462,7.151534649911898e-05,0.00021510571241378784,1.9794253306585856,1.9843227685304359,2.357551743307026
410,2.5309546855040625e-05,-0.046884016076741336,-0.04677597831330316,4.334260193167177e-05,0.0001440641716955529,1.9595159004775586,1.967374144270451,2.3016126978035953
411,1.0448493156615864e-05,-0.046893552649535465,-0.04686800383181546,2.6015609948446267e-05,5.204284333631265e-05,1.9662997813428265,1.9663966256245835,2.3440969405524115
412,6.615171824202087e-06,-0.046895449512150536,-0.04686800763010979,2.598186674087435e-05,5.20460307598114e-05,1.9676431795571125,1.9676420848462173,2.3240622758229335
413,6.970456798433633e-06,-0.04689545513323482,-0.04686801435924798,2.5981755584890795e-05,5.2043026911925694e-05,1.952093916292822,1.9520939162928217,2.354209602060419
414,6.03042819859882e-06,-0.046894513551629775,-0.046868017851490605,2.601586319946453e-05,5.204603367959387e-05,1.96315238178311,1.963151979854882,2.3782548556924716
415,7.312482492003535e-06,-0.046891680805544,-0.04686802253127098,2.591285788148728e-05,5.20460307598114e-05,1.9763106609177066,1.9763114140651137,2.3921555976048032
416,5.677051255000158e-06,-0.04689357844785348,-0.04686802923329733,2.6015809921915756e-05,5.2046052720994274e-05,1.9808474762563684,1.9808478773421299,2.3722971808865227
417,6.734198227984045e-06,-0.04689547682291991,-0.046868034588440945,2.5981920310690632e-05,5.2045149460742957e-05,1.962770301304606,1.962767529349457,2.3660650461402577
418,6.045689079858585e-06,-0.04689358898205311,-0.04686803827019993,2.6016063839224695e-05,5.2047435653707064e-05,2.0725594652074646,2.072559616368915,2.3698274274136137
419,5.81552221094436e-06,-0.046894434441435394,-0.046868044883012765,2.6017933551765584e-05,5.204603075982528e-05,2.1281997852671326,2.1281997852671326,2.372070412866889
420,5.768906563378543e-06,-0.046894388962723445,-0.0468678923081741,2.6016060700505206e-05,5.204586869625438e-05,1.992517691658731,1.992517691658731,2.364707333782333
421,5.913000097376004e-06,-0.04689344789139764,-0.04686789901277694,2.6015734856832287e-05,5.204547171919205e-05,1.973216251499977,1.973215808361133,2.3609779132731097
422,5.676024701145183e-06,-0.046894398853705034,-0.04686790332198142,2.6016233497448752e-05,5.204603075982528e-05,1.9815718944259435,1.9815702798722088,2.3489829573407968
423,6.852750337353966e-06,-0.046895351114587154,-0.04686790898918061,2.5981218976475472e-05,5.204532964132175e-05,1.9711700870561102,1.9711694680708378,2.372637846571196
424,6.4976858033026965e-06,-0.046895356230070774,-0.046867914497852325,2.5981780619930656e-05,5.20460307598114e-05,1.9628401224508125,1.962843084900209,2.3725805424330595
425,6.49795186555817e-06,-0.04689536191146473,-0.04686791946621118,2.598167385324098e-05,5.204719071014857e-05,1.96873338157611,1.9687346781387507,2.3567172051514635
426,9.065081563333343e-06,-0.04689063597688372,-0.04686792567372322,2.5808933696436852e-05,5.2044946586303487e-05,1.9732528839414545,1.9732507281023643,2.3865485010284364
427,7.665703463083898e-06,-0.046891588011021536,-0.04686792939901352,2.591218334671143e-05,5.20460307598114e-05,1.9849136460483077,1.9849090552513566,2.373285776072189
428,7.785256254283253e-06,-0.04689632381756542,-0.046867936849594116,2.59127228586635e-05,5.2043877631975655e-05,1.965854699038252,1.9658610418742273,2.3709484854003606
429,6.851645745121747e-06,-0.04689254455772816,-0.04686794057488441,2.5981973166800475e-05,5.204603075982528e-05,1.9782579235996252,1.978257395521724,2.3844378399515125
430,8.164778891844934e-06,-0.04689349496534338,-0.046867944300174706,2.6015994710245854e-05,5.204629912958919e-05,1.9656728904358394,1.9758221216759924,2.3709728719837684
431,2.1398666426196285e-05,-0.04689013700550137,-0.04681556205977815,3.0733314527217624e-05,0.00010443572173697568,1.9600151453219123,2.0290509334750126,2.3561537296279154
432,2.6892242780388905e-05,-0.046885758888451895,-0.046817734465115626,3.5424141760932886e-05,0.00010226704168979361,1.9614269293748243,2.037636707333911,2.325069571347451
433,8.454533586238403e-06,-0.04689445799370714,-0.0468679629266262,2.601582464369741e-05,5.2045636106036464e-05,1.9845405273990393,1.9923959829360773,2.355851809229707
434,7.429269343414879e-06,-0.04689635494877268,-0.046867966651916504,2.5912593035097075e-05,5.204603075981834e-05,1.9938943208063182,1.993892578989952,2.3655664049286096
435,6.615468958761508e-06,-0.04689541418553581,-0.04686797199776129,2.598172864462515e-05,5.204441020532913e-05,1.977566939566483,1.9775662863859453,2.3675515771579723
436,0.0019421730388296742,-0.04689447303700401,-0.04686797747217488,2.601581975308778e-05,5.204638637233e-05,1.9575070955819613,1.9592492425198578,2.3529462643077212
437,0.007353408274812498,-0.046893532417973983,-0.0468679823095003,2.601610017646975e-05,5.204527433720629e-05,1.9458354912233249,1.9448885009479677,2.299629865245194
438,0.00846621895896256,-0.044839947765159954,-0.0196045697251961,0.006170373046543064,0.027315464002431462,1.9722668199035307,1.9804418007120648,2.344635344549393
439,0.012434835060819395,-0.04686041337330903,-0.04673078385302831,7.096997167608222e-05,0.00018925490668009887,1.9674229972493962,1.980897942931949,2.367768190200916
440,0.009825330860280186,-0.04689065642394741,-0.046848939353236085,2.701034056727628e-05,7.110313176262456e-05,1.9714332235362915,1.9857708335131408,2.377274945113419
441,0.00758423928592621,-0.04689449918617945,-0.04686800390481948,2.6015583312933794e-05,5.2044173499833646e-05,1.9545410259640557,1.9590181557331259,2.3582517379913135
442,0.004446764866835302,-0.046893558161022676,-0.04686800763010979,2.6016085993729247e-05,5.204603075981834e-05,1.976006275565607,1.975623683284928,2.391178548103638
443,0.0017080011443625094,-0.046892617170436905,-0.046868014751679204,2.598179268667096e-05,5.20441254645565e-05,1.9529981543081756,1.9531924035944388,2.3495062373338755
444,5.438428276341355e-06,-0.04689356918526787,-0.046868018805980675,2.6016298606038983e-05,5.204603075981834e-05,1.9636926401760713,1.9636943943369953,2.3615640839707277
445,5.9148855968125305e-06,-0.04689452027096768,-0.04686802559277699,2.6016049242443998e-05,5.204296925380436e-05,1.9770687287110786,1.977067288366233,2.3783242848812294
446,6.032035658071096e-06,-0.046894525276178184,-0.04686802998185157,2.6015893210131097e-05,5.204603075982528e-05,1.966543435588504,1.9665430944492683,2.3666027271694543
447,6.733449683314175e-06,-0.04689263852661535,-0.0468680355551912,2.598166531571822e-05,5.204418271049366e-05,1.982904490186484,1.9829044901864836,2.377193582596076
448,6.056700087483467e-06,-0.04689453575934682,-0.046868040822443176,2.6015868676518024e-05,5.204539175549666e-05,2.0513278306987357,2.0513278306987357,2.3344964002268602
449,6.287048047148392e-06,-0.04689296864318451,-0.04686804488301277,2.599749384325198e-05,5.204603075981834e-05,2.1116656524327757,2.1116656524327784,2.3634203954651047
450,5.963945449860993e-06,-0.04689344297633725,-0.04686789288661385,2.601617857382477e-05,5.2045290256493015e-05,1.98625681960412,1.9862568196041195,2.360683913133874
451,6.031010831755943e-06,-0.046893447977905144,-0.04686789781049069,2.6015981627368055e-05,5.204744212310847e-05,1.9885905213281683,1.9885902487913385,2.3426209365514397
452,7.66585631810146e-06,-0.046896291331608934,-0.04686790332198143,2.5913016127923623e-05,5.20460307598114e-05,1.9607986837261242,1.9607961345735907,2.3725274162821712
453,8.021033455865851e-06,-0.04689156641035006,-0.04686790824254968,2.5912530648560648e-05,5.2047692797180245e-05,1.979211842761531,1.9792122698758512,2.3782954922936814
454,6.0319088164041495e-06,-0.04689346372549476,-0.046867914497852325,2.601634011261876e-05,5.204603075981834e-05,1.9625690161856857,1.962568436693177,2.387650742528757
455,6.03201760573525e-06,-0.046894416167136445,-0.04686791852380147,2.6015873891547014e-05,5.204891735954148e-05,1.9680489455385874,1.9680486989953618,2.361605884740687
456,7.20660514680692e-06,-0.046895366926175845,-0.046867925673723214,2.5981922382987627e-05,5.2044358273807545e-05,1.973834092725796,1.9738339362679285,2.3656031861476796
457,7.680100311091875e-06,-0.04689537233911152,-0.04686792939901352,2.598171118016623e-05,5.2046223878096654e-05,1.9709299259129125,1.970930307721988,2.370766614629375
458,5.677137770854752e-06,-0.046893485372322005,-0.04686793684959411,2.6016172828337904e-05,5.2044919468634265e-05,1.9548685196173339,1.9548673619012085,2.391239259898902
459,7.903117740962449e-06,-0.04689632956366164,-0.046867940574884415,2.5912677754988283e-05,5.204603075981834e-05,1.9624928667639925,1.9624981542533708,2.3969506437608654
460,9.298321194691464e-06,-0.0468925496194181,-0.046867944829020354,2.5981533072260468e-05,5.2048306673393996e-05,1.9572040950428726,1.9662883207373034,2.362526344249144
461,1.2262823695130594e-05,-0.04689479968610055,-0.046841918035678484,2.6841912223182337e-05,7.807974583663724e-05,1.9835124840056388,2.0185683584890133,2.3699890981785368
462,8.098313711088261e-06,-0.04689234844814076,-0.04686117649691947,2.6204969026706846e-05,5.8825811277973816e-05,1.9635721626983278,1.9836743705259845,2.3242240233379654
463,8.690688437800368e-06,-0.04689445914750251,-0.0468679629266262,2.6016054691094457e-05,5.204603075981834e-05,1.9716197760101748,1.980504775978247,2.367592176737115
464,5.67725918384859e-06,-0.04689446399729416,-0.046867966651916504,2.6015931114558422e-05,5.2046900200615476e-05,1.9825549995188934,1.9825551438330962,2.3561276396688644
465,6.5052914018731654e-06,-0.04689352275021084,-0.0468679741024971,2.6016191088985123e-05,5.2044438858422915e-05,1.9708996321599537,1.970899407352698,2.3566213399036764
466,0.005077097176774022,-0.04689447492698311,-0.0468679778277874,2.6015859275143973e-05,5.204677982380279e-05,1.9814824969986748,1.9813953191415994,2.3562821744288662
467,0.010400662723073302,-0.043262432252297804,-0.007344342768192291,0.008886046823680075,0.039575686012561236,1.9730098894548187,1.9690918236736272,2.294905042198887
468,0.018905189474928273,-0.025698692580949076,-0.007344342768192291,0.01677774532700892,0.039575691895821025,1.9618271617353302,1.9706527346768383,2.367040544277185
469,0.01130069147597951,-0.027264755525184405,-0.007344346493482589,0.01696952588326428,0.039575692266225815,1.9750721474634712,1.999209756756607,2.377335914331323
470,0.008027171580037453,-0.03485860562909109,-0.0034993633424555866,0.01626143340540603,0.04342067914254312,1.9682583907755862,1.9944928091747969,2.372668405520667
471,0.00620482502894491,-0.03711059857172539,-0.006472688503231538,0.014439976838160562,0.040447357707057464,1.9812827271767905,1.9926031030798208,2.359148937900455
472,0.008408361608534965,-0.043605853665321145,-0.012381087453599875,0.007867006201641045,0.0345389636275026,1.968913117344476,1.9761107504705213,2.342556007027637
473,0.0040141154406741035,-0.046892614977797675,-0.04686801135540008,2.598183884694371e-05,5.204603075981834e-05,1.9524860445676664,1.9528988841151904,2.3595478525757696
474,5.560356254043739e-06,-0.046893566244510666,-0.046868015080690384,2.601565892442186e-05,5.204673210981725e-05,1.9704192800920348,1.9704206882415018,2.3990167602927626
475,6.851622830727989e-06,-0.04689546475825703,-0.04686802253127098,2.59816279243455e-05,5.20460307598114e-05,1.9703848546770104,1.9703848274362532,2.3570808176057887
476,5.796742738293007e-06,-0.046893577233454484,-0.04686802625656127,2.6016071521235294e-05,5.20469591019021e-05,1.9791931343199343,1.9791931343199347,2.351789559508882
477,6.497575061546522e-06,-0.04689263744534351,-0.046868033707141876,2.5981852895886048e-05,5.204603075981834e-05,1.967339030134544,1.9673401998531361,2.3633143897300113
478,7.376607878315156e-06,-0.046895481120608665,-0.046868038054506934,2.5981414783848467e-05,5.204624101590172e-05,2.0671161587053337,2.0671160569969995,2.3813669119654244
479,6.92671975095125e-06,-0.046892235408304554,-0.04686804488301277,2.59558463987607e-05,5.204603075981834e-05,2.122414333406378,2.122414417343918,2.388068577547084
480,5.768755286505883e-06,-0.04689438909482118,-0.04686789220474058,2.601637442130958e-05,5.204597212977308e-05,1.9670325913662956,1.9670325913662956,2.381173263697736
481,6.260616484670293e-06,-0.04689534025208721,-0.04686789726831052,2.5981470843426765e-05,5.204768037414542e-05,1.9745876513134055,1.9745866931198583,2.366233785625094
482,6.9716235084196434e-06,-0.04689250662782026,-0.04686790332198143,2.5981907383209982e-05,5.20460307598114e-05,1.989397955229319,1.989397701831432,2.370312119327139
483,5.558436628195624e-06,-0.04689440562374525,-0.04686790902013481,2.6015964076792716e-05,5.2047741110200496e-05,1.961802579684633,1.9618076035811827,2.3713044145828706
484,5.322182259698072e-06,-0.04689346433585184,-0.04686791449785232,2.601635595819271e-05,5.204603075982528e-05,1.9680672389479494,1.9680665428869641,2.3754505641580863
485,5.7945577987875534e-06,-0.04689441622175139,-0.0468679196940648,2.601607633654099e-05,5.204696244679591e-05,1.9606530322734501,1.9606516499377853,2.3790865220802884
486,9.538675875508518e-06,-0.04689063671215636,-0.04686792567372322,2.5808839976983857e-05,5.20460307598114e-05,1.9630093654393777,1.963008379953077,2.370302967340302
487,5.558732387815421e-06,-0.04689442807944831,-0.04686793164380498,2.601582206106133e-05,5.204751125864604e-05,1.9716614118999152,1.9716609732045134,2.3560343562904422
488,9.538508762814767e-06,-0.04689064777891718,-0.046867936849594116,2.5808858873198664e-05,5.2045617636053976e-05,1.9735483547602202,1.9735460895174364,2.382725553036946
489,5.676168808161416e-06,-0.04689443799193491,-0.04686794262320108,2.6016043149140365e-05,5.204398244315622e-05,1.9654825612915217,1.965482687277686,2.3839608893654187
490,7.074499722322142e-06,-0.046895389639280034,-0.04686794802546501,2.5981261644715734e-05,5.20460307598114e-05,1.968969567040287,1.9710951930169232,2.3404588031999967
491,8.218376055317911e-06,-0.04689255722126962,-0.04686795430087322,2.5981795308860046e-05,5.204372219565212e-05,1.963763531057822,1.9679150091286775,2.3371160270966223
492,9.839779119893349e-06,-0.04689066998937162,-0.0468679592013359,2.5808667530512533e-05,5.204603075981834e-05,1.9509602603593226,1.9533866810115201,2.3689287756018946
493,7.370300409205162e-06,-0.04689540693131946,-0.04686796526817514,2.5981614124990347e-05,5.204389025340039e-05,1.9730655434138022,1.97306694845574,2.3738216418651663
494,6.971569622581217e-06,-0.046895412575104975,-0.046867970377206795,2.598184499014568e-05,5.204603075982528e-05,1.979655211712218,1.97965474547689,2.3455632717026402
495,0.00017213458821664255,-0.04689447146082429,-0.046867974194733084,2.601594390290602e-05,5.204753297172182e-05,1.9697488793792661,1.969807544486338,2.3375879980350422
496,0.009044821334560898,-0.04689353146761945,-0.0468679815530777,2.60161847806216e-05,5.20460307598114e-05,1.9838656044504068,1.9936240093353939,2.3418094303549553
497,0.013873337835739918,-0.03366745244189779,-0.007344342768192291,0.015188183393155478,0.03957568854093552,1.959513710365251,1.9836142529963832,2.337215074746675
498,0.02278532278297563,-0.04193476282910085,-0.025673022104764305,0.007030282258237712,0.0212470129296538,1.9693455312421786,1.996324657257565,2.3530280261093335
499,0.013849640498334813,-0.021476520862536406,0.02286515968900349,0.02418918609643131,0.0697851984487119,1.9799755145758124,2.0267873512727235,2.3636104522785475
500,0.03023557456410486,-0.00794224278949076,0.03184611503499558,0.03151277705973122,0.07876615751999429,1.9775921888328318,2.020299119019988,2.344653673972159
501,0.013581298769518975,-0.024434622346598555,0.010876769851178754,0.021706400382338727,0.057796816156888135,1.9707821192269677,2.0941341082797096,2.3590024373975567
502,0.006212758868875283,-0.03996360951773622,-0.008483979348094257,0.011604188967150686,0.03843607226424665,1.9658581969088826,1.9765230986136593,2.29195254032064
503,0.005964725932621974,-0.04689640065604522,-0.046868011355400085,2.5912802045816245e-05,5.204603075981834e-05,1.9585225746623403,1.9611881276244334,2.380417707189422
504,8.257972681889842e-06,-0.046891674435950347,-0.04686801709382188,2.5912406486595043e-05,5.2045494924227165e-05,1.9617377799555646,1.961739649184984,2.3912215002069925
505,5.440910418265726e-06,-0.046894519285492514,-0.04686802253127099,2.6016155150220982e-05,5.20460307598114e-05,1.9702555867400662,1.9702583622593284,2.359868812846327
506,5.440009297633743e-06,-0.04689452425252531,-0.046868026561406345,2.601580426455819e-05,5.2047725652995536e-05,1.9694156564092018,1.9694150826028507,2.3634862824141534
507,6.032154371314923e-06,-0.046894530245060184,-0.04686803370714187,2.601629659830331e-05,5.204603075982528e-05,1.9671675945716323,1.9671680807566014,2.371518940374304
508,7.561745691663615e-06,-0.04689169659232092,-0.046868038076375594,2.5912367402236386e-05,5.2046579907406854e-05,2.070166800840111,2.0701669482366643,2.3713081235820646
509,6.691539626884666e-06,-0.04689516736970407,-0.046868044883012765,2.5997021446064405e-05,5.204603075981834e-05,2.1275196614815033,2.127520914295139,2.390182088168724
510,5.964018045522199e-06,-0.04689344322302844,-0.04686789241094964,2.6016100174952944e-05,5.20457659207163e-05,1.9801203606757078,1.9801203606757078,2.376046295899982
511,6.148545275926766e-06,-0.046893449327542525,-0.046867899596691125,2.601598123632216e-05,5.204603075981834e-05,1.9664191885115603,1.9664198799426662,2.3832829362768546
512,8.592392707786728e-06,-0.04689723889778993,-0.04686790332198143,2.5808750976585053e-05,5.204717886668486e-05,1.9672684252715809,1.9672727283281595,2.3887649947275573
513,7.087607099316132e-06,-0.04689251430413223,-0.04686791077256202,2.5981973435008067e-05,5.204603075981834e-05,1.981186049039766,1.9811856924166262,2.362279934915284
514,6.734443973988543e-06,-0.046895357500471635,-0.046867914497852325,2.5981502542823704e-05,5.204675950329363e-05,1.9696297637429454,1.9696297637429465,2.378703439234747
515,6.495831256996136e-06,-0.046892525657947846,-0.04686792194843292,2.598171050032729e-05,5.20460307598114e-05,1.9652378521167406,1.965239945503038,2.3825275486002933
516,6.853170984765524e-06,-0.0468953690388573,-0.04686792567372322,2.5981342491948675e-05,5.204725905107177e-05,1.980452966568673,1.9804532047756969,2.3726466470487972
517,1.0814356155291669e-05,-0.04689821444253848,-0.04686793312430382,2.566970818631582e-05,5.20460307598114e-05,1.9761562728858908,1.9761567920636942,2.38611577504256
518,5.556441419989288e-06,-0.046893488176646854,-0.04686793759028505,2.601553444586443e-05,5.2045810042720964e-05,1.9690887904224301,1.9690868804813686,2.3597404860910998
519,5.6791146715383326e-06,-0.04689443976902652,-0.04686794430017471,2.6016245145754597e-05,5.20460307598114e-05,1.978872697711503,1.9788739640748287,2.3479900312729023
520,5.7899293066432415e-06,-0.046895391435403735,-0.04686794829784597,2.5981575154494802e-05,5.204740502983557e-05,1.9635187102308715,1.9635183864640795,2.3680188204889983
521,6.145219423757463e-06,-0.046895396578077043,-0.0468679554760456,2.598205815353171e-05,5.204548193760844e-05,1.959812375437918,1.9598128900162914,2.3762867827425596
522,1.057665253912518e-05,-0.04689824105731174,-0.0468679592013359,2.5669578047480542e-05,5.204683527700732e-05,1.9668742049645207,1.9668748637300384,2.369574316473808
523,9.509109024364992e-06,-0.04688973063422662,-0.046867966651916504,2.566967386888952e-05,5.204433233215594e-05,1.950217626752981,1.9502186853700865,2.3608357077325612
524,6.850507340037985e-06,-0.04689257480291274,-0.04686797056486691,2.5981763239018618e-05,5.204584309970173e-05,1.9776370403327825,1.9776368311409773,2.34628878293778
525,0.0001717807360838674,-0.04689447169420188,-0.046867974581426,2.60157691142734e-05,5.2047094756202394e-05,1.9574018502380348,1.9572022938727194,2.373615934446567
526,0.005748171966689202,-0.0467903292941209,-0.042773107841278954,0.0005879059884964423,0.004146919742558555,1.970113719118262,1.9761281673917948,2.3227231170958547
527,0.02559387373290169,-0.02833389681127742,-0.007344342768192291,0.015528203456480288,0.03957568854093552,1.9665985602907743,2.045835635601871,2.347225850711446
528,0.004546782799111136,-0.03594847298792049,-0.008768409986665953,0.012773073754949734,0.03815162504775215,1.9800172021508922,2.006708071372382,2.37268026722761
529,0.03377747906655202,-0.013001235034923415,0.03127241274181539,0.026085008371732582,0.0781924515015238,1.9828794205380023,2.0531072114522253,2.349119415392031
530,0.02582894323212458,-0.015081762469870766,0.03184535681028161,0.029889180779028874,0.07876539929528031,1.9752909303848034,2.045631648197741,2.3909289388248447
531,0.010432163463805766,-0.027592669102507638,-0.005378800442336058,0.0184266576184873,0.04154124576795294,1.9612581596710945,2.0573147394429525,2.2968405641550103
532,0.009659837231166746,-0.043176896443930954,-0.00734436103787756,0.00940421086799509,0.0395756914133523,1.9754739054292791,1.9973935464967325,2.357978018605469
533,0.004921917169397553,-0.04689356183459575,-0.046868011355400085,2.6016276966399484e-05,5.20460307598114e-05,1.9539362452339841,1.9550456257353535,2.382013514288955
534,6.378640890297418e-06,-0.046895458921391533,-0.04686801554973326,2.5981470863254455e-05,5.204756326792487e-05,1.9589237690406103,1.9589259618929487,2.387354519060206
535,7.784946918887026e-06,-0.0468964114025475,-0.04686802253127098,2.5912794462195444e-05,5.204603075981834e-05,1.9670711170513595,1.9670706718207178,2.3684590981268183
536,6.150191111760162e-06,-0.04689357782173694,-0.04686802724028125,2.6016014540430647e-05,5.204624197383684e-05,1.9766291525754647,1.9766291650922345,2.3615296321677803
537,5.203854149909313e-06,-0.04689358395700167,-0.046868033707141876,2.601633612791406e-05,5.204603075981834e-05,1.9891623941345447,1.9891617310300824,2.383436785515178
538,5.979369733549638e-06,-0.04689453496346303,-0.046868037432432175,2.6015741457836383e-05,5.20476717021795e-05,2.0672355818743684,2.0672378083667233,2.3881130004905904
539,6.133301790109229e-06,-0.04689443441285187,-0.04686804488301277,2.6018037773699147e-05,5.204603075981834e-05,2.1317719169407985,2.1317714710928866,2.3888040167133995
540,5.774725244296214e-06,-0.04689344288235617,-0.046867893189445,2.601613414267434e-05,5.204498742534397e-05,1.9860152107648374,1.9860152107648374,2.371222343904777
541,5.439417335811071e-06,-0.046894393466010396,-0.046867896736818904,2.6015735144473258e-05,5.2047009469549654e-05,1.9751211430199147,1.9751225022159977,2.3732876212798364
542,5.5571401629149585e-06,-0.0468943984694599,-0.04686790332198142,2.601625480337244e-05,5.204566626840906e-05,1.9722672889921775,1.97226916968477,2.3659899927089674
543,5.9136456193550245e-06,-0.04689345816327578,-0.0468679071768842,2.601585236344484e-05,5.2047246162451044e-05,1.9613608240095566,1.9613600728407792,2.365239018456766
544,5.91222756720142e-06,-0.04689440955674901,-0.04686791449785232,2.6016063901509053e-05,5.204429657273274e-05,1.9748763262882687,1.974876326288269,2.3637151663067284
545,6.97012456788804e-06,-0.046895361038164135,-0.04686791822314262,2.5981573954931018e-05,5.2046274188727315e-05,1.9696920775189242,1.9696913713254738,2.3694065569319314
546,7.785874360841824e-06,-0.0468915816261777,-0.04686792567372322,2.5912681499339185e-05,5.204421193118203e-05,1.979764962055719,1.9797645742743393,2.3665806702456527
547,6.6170853526269974e-06,-0.04689253331565614,-0.04686792939901352,2.598132585889086e-05,5.20460307598114e-05,1.9653449606484563,1.9653449272234782,2.3825161380754336
548,8.022391801726888e-06,-0.04689159243874526,-0.046867936015758095,2.591245972506216e-05,5.2043540897390994e-05,1.9758746127563032,1.9758752987021875,2.3940382885611737
549,5.320762015067123e-06,-0.046894436415690854,-0.046867940574884415,2.601595611796224e-05,5.20460307598114e-05,1.9752633821936094,1.975263988623659,2.3613760241943997
550,6.837303758470004e-06,-0.046896333387710994,-0.04686794430017471,2.591240424601324e-05,5.20460307598114e-05,1.9938513987378907,1.993850289490184,2.3834216151119803
551,5.905354487007387e-06,-0.04689539329868411,-0.04686795100644846,2.598169816482826e-05,5.20467750666706e-05,1.9787201932017409,1.9787226401693547,2.3868238933446118
552,7.1956317326466145e-06,-0.04689161333289209,-0.04686795547604561,2.591272977105775e-05,5.20460307598114e-05,1.9678942147933152,1.967899771569612,2.371819063841584
553,6.602439846019645e-06,-0.046891619575743636,-0.04686796290142245,2.5912293606921086e-05,5.204594533897433e-05,1.9781567549493229,1.978157539062583,2.373410082935369
554,9.8915758783924e-06,-0.04689730113125337,-0.046867966651916504,2.5808680728063576e-05,5.20460307598114e-05,1.9586361232770384,1.9586386102451667,2.315755331167828
555,0.00017342692820770874,-0.04689541416350219,-0.04686797224326068,2.5981840871724187e-05,5.204416470593748e-05,1.9722534878082523,1.972007232753443,2.3501266901590063
556,0.003997561685765462,-0.04689258061937299,-0.0468679778277874,2.5981289971254335e-05,5.204603075981834e-05,1.967344573515172,1.9749720581439896,2.3585193275293315
557,0.006973211933477181,-0.046883833819811795,-0.04623048253536248,9.255304442727445e-05,0.0006895450484750293,1.9705009743767008,1.9825513917438082,2.367304698436621
558,0.012560046575471821,-0.04645827043723352,-0.037922100615031325,0.0016205864516273519,0.008997934328484648,1.9530907608286197,1.9621336875271447,2.376190083257282
559,0.009782894470397218,-0.04420323826734476,-0.014133131485042348,0.006314629663501626,0.032786907274666065,1.9607847094012703,1.9592341757526988,2.3815063996095738
560,0.008438883463214022,-0.04102001269229527,-0.011308719012382082,0.010452324297655975,0.03561132347261663,1.9549618778764781,1.9736720037856799,2.3742974013160314
561,0.007924193180976011,-0.04097219388941432,-0.0073443565096646185,0.011344700206109358,0.03957568970062438,1.9602773692187045,1.970116291318349,2.3868426663152444
562,0.0039613397247491924,-0.046412908585088106,-0.030744697305450583,0.0025405304904508328,0.016175354726940663,1.960461803724285,1.9711550441941217,2.3713515036654425
563,0.002616863370904163,-0.04689450801418395,-0.046868011355400085,2.6016334447470426e-05,5.204603075981834e-05,1.9515753854382456,1.951579321841045,2.3617770481140594
564,7.4441850835036035e-06,-0.04689262107785001,-0.0468680168392744,2.5981326798700613e-05,5.204758586307978e-05,1.9452269151151222,1.945226992863034,2.3427708982278186
565,5.321467662689916e-06,-0.04689451929038576,-0.04686802266822747,2.601630299932872e-05,5.2045893803323584e-05,1.9726418445549827,1.9726383929574742,2.353309865616748
566,6.26829473984407e-06,-0.04689357823592372,-0.04686802774919308,2.6015917067784495e-05,5.204744150797552e-05,1.9593753257039488,1.9593753460114467,2.3597413398284885
567,5.5583626219831095e-06,-0.046894530238424874,-0.046868033707141876,2.6016232768533956e-05,5.20460307598114e-05,1.9704742002342284,1.970475726857623,2.369043702888785
568,8.12657949108924e-06,-0.04689169667979048,-0.046868038287740305,2.5912284737920862e-05,5.2047356772423614e-05,2.0655631317214715,2.0655678553832493,2.371297564140479
569,5.479860058071964e-06,-0.04689443424355104,-0.04686804488301277,2.60178474093095e-05,5.20460307598114e-05,2.1299216923239497,2.129919529563879,2.3974707314123886
570,5.958069664679466e-06,-0.04689438881981633,-0.04686789258232602,2.601618538692246e-05,5.204559454432406e-05,1.9882611126152683,1.9882616365142574,2.382391986342398
571,6.030934203665435e-06,-0.04689439333680371,-0.046867897055966785,2.6015961955341014e-05,5.204592166479366e-05,1.9767270595094468,1.9767259555225802,2.338917035378911
572,6.734745316023954e-06,-0.04689250588086228,-0.04686790332198143,2.598171603172416e-05,5.204364303265652e-05,1.9549962049809309,1.9549962049809304,2.3795523682863338
573,5.912915453427149e-06,-0.04689440372935256,-0.04686790704727172,2.6015986267696335e-05,5.20471190373073e-05,1.9695735434486226,1.9695735434486226,2.367839844685603
574,7.089729367181869e-06,-0.046892516609283605,-0.046867914497852325,2.598189077057436e-05,5.204307291092891e-05,1.9875182131041047,1.9875182131041036,2.3615914891897014
575,5.6769177707112465e-06,-0.046893468411772464,-0.046867918223142624,2.6016150495186672e-05,5.204603075981834e-05,1.964322387557104,1.964320517930127,2.350556497047877
576,5.3221133633238475e-06,-0.04689347362917279,-0.04686792478367701,2.601634282520048e-05,5.204330219227976e-05,1.9706572740812462,1.9706586044640892,2.345619565970799
577,5.906695985629674e-06,-0.04689253279519932,-0.04686792939901351,2.598147901395215e-05,5.204603075981834e-05,1.9670581426198446,1.9670574868037618,2.352706874497363
578,7.088809337162999e-06,-0.04689537700446231,-0.046867936047943926,2.5981659074058052e-05,5.204310711971055e-05,1.9615583200700026,1.9615590518532815,2.3944904926581176
579,5.676503288800094e-06,-0.04689443608325448,-0.04686794004491521,2.601602203194386e-05,5.204656072901881e-05,1.9766531655723358,1.9766523954073747,2.3812995702253006
580,6.1506510903962e-06,-0.04689349435340406,-0.046867944300174706,2.6016354099621952e-05,5.204603075982528e-05,1.983875384499043,1.9838753399945983,2.369033245401738
581,6.150278040150196e-06,-0.04689444685624375,-0.046867951305477884,2.6016144745162328e-05,5.2046476037237444e-05,1.9724254425383596,1.9724238411657034,2.3738883643259947
582,6.143458567730775e-06,-0.046892559004064666,-0.04686795547604561,2.5981782737926084e-05,5.204603075981834e-05,1.9788056406570218,1.9788051203048285,2.374514701103503
583,7.311415848599012e-06,-0.04689161866076089,-0.04686796073717829,2.591214273382214e-05,5.204704464256693e-05,1.976726480365989,1.9767282346121293,2.375479118301856
584,9.065309542118617e-06,-0.04689067729147672,-0.0468679666519165,2.5808792045035028e-05,5.204603075981834e-05,1.9605401800697844,1.9605399656643812,2.3572813831787283
585,5.439770354007971e-06,-0.046894467423130914,-0.046867971929314245,2.6015980147159467e-05,5.204447865236883e-05,1.9856164251734532,1.9856159722744118,2.3744593142090316
586,3.0084578724937386e-05,-0.046893526147399146,-0.046867976643852144,2.6015742145892146e-05,5.204628577612502e-05,1.9611346500767586,1.9609354000482735,2.3746413314639003
587,0.00041901162018498844,-0.046892585937330346,-0.0468679815530777,2.5981726878537664e-05,5.204603075981834e-05,1.980682602009562,1.9804736712639377,2.346679890997926
588,0.0019827376686374354,-0.04689259073515727,-0.0468679863535088,2.598111107610341e-05,5.204608252130233e-05,1.976620889371012,1.9767139920421068,2.3792436618861483
589,0.004026001797876446,-0.04689354269831222,-0.046867992728948586,2.601599943705693e-05,5.204603075982528e-05,1.9733057887537129,1.9710537064638807,2.3747070346870993
590,0.005861482231372953,-0.04689638589888676,-0.04686799646062157,2.591240987871542e-05,5.204691271241957e-05,1.973320643962453,1.972151055649845,2.3780465739048884
591,0.004959171326088057,-0.04689355331172341,-0.04686800390481949,2.601551971380325e-05,5.204480519957477e-05,1.970239793752211,1.969666922221341,2.3783966146066553
592,0.002893864421371788,-0.0468954505647781,-0.04686800763010979,2.5981627707355137e-05,5.204603075981834e-05,1.9700598300298713,1.9689883641980912,2.375189834801901
593,0.0006693184875982638,-0.04689356316810656,-0.046868015080690384,2.601620397829913e-05,5.204230546951988e-05,1.9607571110451258,1.9603921496582652,2.3619760573112103
594,8.021741748923637e-06,-0.046896406857218374,-0.046868018805980675,2.591244664938274e-05,5.204603075982528e-05,1.9617961734097402,1.9617960551098563,2.375738729899423
595,5.6779380105847135e-06,-0.04689452024248556,-0.046868024866409425,2.6016340602205246e-05,5.204369562137462e-05,1.9639708368950957,1.9639700774771724,2.3584809884586475
596,5.676621932341078e-06,-0.046894524987789635,-0.046868029205827846,2.6015843871139102e-05,5.204680678354279e-05,1.9609134557194736,1.9609131181621875,2.3657727899411807
597,6.853216869904605e-06,-0.04689547695630501,-0.04686803433832105,2.5981957832843182e-05,5.204539958064691e-05,1.9386335127123473,1.938632418030056,2.3418193864121433
598,7.916323721335533e-06,-0.04689642811722451,-0.04686803922825674,2.5912472298922687e-05,5.2047240713747056e-05,2.0616070078822073,2.061604663014776,2.4026527293673743
599,5.241247483300273e-06,-0.04689370150172697,-0.046868044883012765,2.601804256157237e-05,5.204603075981834e-05,2.124860960838218,2.1248630648254063,2.3829101687876437
600,7.733941657877501e-06,-0.04689155058782048,-0.04686789252720109,2.5912846777269728e-05,5.2045649669256455e-05,1.9760580883656225,1.981626738646034,2.3864447892375162
601,6.4497825432098485e-06,-0.04689439408225633,-0.046867898132538055,2.6015802797612456e-05,5.2046729813640114e-05,1.9676730986751136,1.9679865364946882,2.3707344241669226
602,5.203658282384561e-06,-0.04689345257730876,-0.04686790332198142,2.6016184215602594e-05,5.2046005463199374e-05,1.977929468875121,1.9779295772584726,2.365550017069086
603,5.322318062826726e-06,-0.04689345854113527,-0.04686790745516578,2.601577100565586e-05,5.20469769443449e-05,1.9788184586780377,1.978818488578166,2.3798397520924532
604,6.85228189916883e-06,-0.046895355805160036,-0.04686791449785232,2.5981673951038603e-05,5.204523321471893e-05,1.9639045851824348,1.9639045851824344,2.373786261489707
605,6.734187053067737e-06,-0.04689536124685479,-0.046867918223142624,2.5981545273256696e-05,5.204653845554408e-05,1.9690366306815097,1.9690366306815095,2.376886888400803
606,5.845418591982862e-06,-0.04689347419824368,-0.046867925673723214,2.601606581635658e-05,5.204413741241587e-05,1.9481518966210183,1.9481518966210178,2.3773298696704024
607,1.0577348152059144e-05,-0.04689442594304995,-0.04686792939901352,2.6015847046298798e-05,5.20460307598114e-05,1.9672365672082508,1.966311357577229,2.3738121761093223
608,0.003904476654208449,-0.046893484828599036,-0.046867936795756876,2.6016212052057408e-05,5.204266484937908e-05,1.9604874632059266,1.9610733036442918,2.367289175408257
609,0.00955836212718125,-0.046894436249418164,-0.046867940574884415,2.601604959317945e-05,5.20460307598114e-05,1.960976038236732,1.963255631882638,2.3918486689246294
610,0.013815624031650247,-0.04689254836207488,-0.046867944300174706,2.5981693076770224e-05,5.204603075981834e-05,1.9780323893016702,1.983375041264936,2.36237291580306
611,0.010227046104433596,-0.046893500487644395,-0.04686795139001982,2.6015963429154852e-05,5.204585662414718e-05,1.9829261237565288,1.9900337925632001,2.357632356223141
612,0.004572592643783568,-0.04689255884635404,-0.0468679554760456,2.598165161886909e-05,5.204603075981834e-05,1.9881949109003714,1.988895724911981,2.379922546947375
613,0.0003140240932003418,-0.04689729603762894,-0.04686796135814893,2.5808266369010783e-05,5.2046418141778183e-05,1.9757524116432714,1.9762703326821036,2.378149646233037
614,7.9048588221172e-06,-0.046896354541278946,-0.046867966651916504,2.591285693278145e-05,5.204603075981834e-05,1.972662660531887,1.9726663754281861,2.384048369961826
615,7.087605037461128e-06,-0.046892575023774724,-0.046867971354857964,2.5981901723273538e-05,5.2045053108649986e-05,1.9748025377220249,1.9748061108490131,2.385954379997962
616,6.734928604642118e-06,-0.046895418436830046,-0.04686797552754829,2.598156380558202e-05,5.204724390434068e-05,1.9721203512455252,1.972120824223162,2.350348729324497
617,6.029920166470416e-06,-0.046893531901033354,-0.04686798155307769,2.601615366936497e-05,5.204603075981834e-05,1.9638324325756114,1.9638329355133615,2.3562051592252713
618,6.7342682217506235e-06,-0.04689542884387972,-0.046867985899955854,2.5981233986146025e-05,5.204629250716436e-05,1.9731325962744861,1.9731325962744857,2.3576705350489093
619,6.617601898360203e-06,-0.0468954349235225,-0.046867992728948586,2.5981765832184446e-05,5.204603075981834e-05,1.9716257054083905,1.9716254122146324,2.3552249402414276
620,7.088448232419555e-06,-0.046892600850823425,-0.04686799645423889,2.5981586007185483e-05,5.204603075981834e-05,1.9761942141240771,1.9761961486853439,2.3883204300165115
621,6.85356907575423e-06,-0.046895445049313075,-0.04686800390481948,2.5981222999081986e-05,5.204230546952682e-05,1.9582157166982543,1.9582165749307814,2.362390014707367
622,5.558163943876038e-06,-0.04689355708537357,-0.04686800763010978,2.601577525028611e-05,5.204603075982528e-05,1.979423925903157,1.9794231398607731,2.380842480816522
623,6.851914412408868e-06,-0.04689261635467679,-0.046868012995598604,2.5981547906824394e-05,5.204439056129967e-05,1.9754996869510815,1.975500589594509,2.3684552867635604
624,5.6762313645714785e-06,-0.04689451367180971,-0.046868018615109405,2.6015754946595256e-05,5.204586731678146e-05,1.9680125975759424,1.9680099010455039,2.384814069612783
625,8.257547750586075e-06,-0.04689168066765562,-0.04686802253127098,2.5912666298625894e-05,5.20460307598114e-05,1.9715069425699683,1.9715066728255226,2.3705889327579017
626,5.557474694280672e-06,-0.046894524121214615,-0.04686802808611125,2.6015754149482115e-05,5.204507298539607e-05,1.966644411730996,1.9666424737148502,2.353283170130412
627,6.148903938581023e-06,-0.04689358432249875,-0.046868033707141876,2.6016188019165578e-05,5.20460307598114e-05,1.9599479224414058,1.9599467637648287,2.358656020878753
628,7.917096132822178e-06,-0.04689169647599528,-0.04686803763232727,2.5912339266929964e-05,5.2047919395628583e-05,2.07377703768506,2.073782195366089,2.3808867927799455
629,5.626652526697135e-06,-0.046894434336714266,-0.046868044883012765,2.601789354382361e-05,5.204603075982528e-05,2.1307935425790148,2.130792665839821,2.3861577922365518
630,6.233014080065897e-06,-0.04689293493290118,-0.046867892217971135,2.5765441912162044e-05,5.204595889921754e-05,1.9610446009876683,1.9747219861972733,2.401327742100861
631,5.858062739728562e-06,-0.04689439412396068,-0.04686789766345768,2.6015745032961266e-05,5.20469348066141e-05,1.9619550705675448,1.9623555112533178,2.3853660933447234
632,8.140214595040802e-06,-0.046891560336938976,-0.04686790332198142,2.5912994611896893e-05,5.204603075981834e-05,1.970351977534815,1.9703498111233007,2.3677504600400927
633,6.852357294908776e-06,-0.04689251257727372,-0.04686790797281987,2.598129931489852e-05,5.2047645940939136e-05,1.9744066845153723,1.9744036895834864,2.359868376491161
634,5.203876962300396e-06,-0.04689441015348861,-0.046867914497852325,2.6016231384000216e-05,5.20460307598114e-05,1.9684086734034238,1.9684070269477534,2.375333905443582
635,6.267413588655343e-06,-0.046893470326482015,-0.04686791896145649,2.6015794540522315e-05,5.204833180396523e-05,1.9686195355623286,1.9686193058425685,2.339987070117502
636,9.448200188507239e-06,-0.046894421124489376,-0.046867925673723214,2.6016244285136017e-05,5.204603075981834e-05,1.9713010640187396,1.9745329126665443,2.3886892433783533
637,0.003745519111574757,-0.046893332686005804,-0.04685979050544111,2.6183273478044003e-05,6.018509844002429e-05,1.959013091840196,1.9650633934596184,2.2962556055810746
638,0.01258782537484647,-0.04688772606393376,-0.04677137226066629,3.857246681086627e-05,0.00014861061968763495,1.97360622509266,1.9829569771991058,2.3629647184437657
639,0.015817607034339813,-0.03399488500736017,0.014005545526742935,0.020154751958403255,0.06092553213238716,1.9769008512364108,1.988161272418034,2.3506736353706525
640,0.02632036408472322,-0.019931329525034507,0.014005545526742935,0.023430256963067275,0.060925534155421276,1.978508598126674,2.0301370110405466,2.385011777387242
641,0.016019109893839586,-0.030070367752272828,0.01075151870162987,0.01928860572262452,0.0576715096294379,1.9984028792106758,2.0107943737396985,2.3857839421427944
642,0.01602302279723427,-0.04671213482884626,-0.03934032808687303,0.0010565238666231512,0.007579669694642091,1.9734072337879611,1.9727523285066528,2.3645885803680478
643,0.008847666347115118,-0.04689350623975387,-0.04686795547604561,2.601580852444212e-05,5.204650109184861e-05,1.9831584993350937,1.983317460928136,2.385702937013402
644,0.0030065794040908256,-0.04689635118384706,-0.0468679629266262,2.5912648874055586e-05,5.204603075981834e-05,1.9879207171798345,1.9897392356296915,2.374332437237044
645,7.443907128188883e-06,-0.046892571009172254,-0.046867966651916504,2.598171159688845e-05,5.204640672760302e-05,1.9798466017047822,1.9798461565381815,2.379142663410343
646,7.429905281153725e-06,-0.04689636102862225,-0.046867974102497094,2.591275687645902e-05,5.204459362937591e-05,1.9710968388729384,1.9711014596718395,2.3758150581531523
647,6.14295769996995e-06,-0.04689542087863084,-0.0468679778277874,2.5981608142253014e-05,5.20463438894031e-05,1.983261977219943,1.9832625494534226,2.3665664223320273
648,5.6767911471889915e-06,-0.04689353394447013,-0.046867985278367996,2.601627085260083e-05,5.204501592100119e-05,1.9761649877289509,1.9761648873711313,2.3565872660626614
649,6.149609693527186e-06,-0.046894485612866445,-0.046867989003658295,2.6016095304423505e-05,5.20460307598114e-05,1.9696239230609203,1.9696238014176257,2.350189631734251
650,5.676969442940374e-06,-0.04689354477334358,-0.046867996454238885,2.601603302662815e-05,5.2043094260517675e-05,1.9672406693052313,1.9672399153794484,2.3726309473800247
651,5.558105560216052e-06,-0.04689355046736536,-0.04686800017952919,2.6016104136636925e-05,5.20460307598114e-05,1.9682289366858134,1.9682292985408865,2.3837228004016686
652,7.9034431618628e-06,-0.0468916633148364,-0.04686800763010978,2.5912373428766342e-05,5.204408775569963e-05,1.9611336885773387,1.961126928580027,2.316033341885429
653,7.08932412949114e-06,-0.046895454031279794,-0.046868011355400085,2.598176214862048e-05,5.20460307598114e-05,1.9707301968010216,1.9707281141535105,2.368107707308297
654,5.440758127659941e-06,-0.04689356634634411,-0.04686801509622536,2.6015863587582546e-05,5.204716299607448e-05,1.9574011843690589,1.9574004074796814,2.3562159583613975
655,6.031874710381263e-06,-0.04689451876111751,-0.046868022531270974,2.6016255070926223e-05,5.204603075982528e-05,1.9572885464604202,1.9572889508659872,2.3780484260987427
656,7.088315641975375e-06,-0.0468954695051938,-0.04686802625656128,2.5981836621010317e-05,5.204738727120073e-05,1.9516118302670775,1.9516122191182084,2.394104241010639
657,5.4396826122308205e-06,-0.04689358367227253,-0.04686803370714187,2.6016187103843337e-05,5.204603075982528e-05,1.978975147671745,1.9789763384050871,2.376487883843465
658,5.9528796326283545e-06,-0.046894534943625915,-0.04686803743243217,2.6015887858106098e-05,5.2047392443514695e-05,2.065648452718374,2.065648771048112,2.4023951500595153
659,5.211280091527334e-06,-0.04689370138271563,-0.04686804488301277,2.6017943581817426e-05,5.20460307598114e-05,2.1308064337925336,2.1308067982758967,2.394328941977378
660,6.990952587094607e-06,-0.04689249684361814,-0.046867893185050184,2.5981774288711903e-05,5.204499182016181e-05,1.961174599698327,1.960621930175223,2.362989416437317
661,8.655360507190755e-06,-0.04689723298018621,-0.046867898498782715,2.5808320376041432e-05,5.204712866822836e-05,1.9520345934422911,1.9567231570702408,2.3646885707471084
662,7.42986680506964e-06,-0.04689629230673811,-0.04686790332198143,2.5912588120623523e-05,5.2046178343694016e-05,1.9825290696012736,1.982527211579722,2.3654540785201292
663,6.032447802930581e-06,-0.04689440626300273,-0.04686791077256203,2.6015979756308934e-05,5.204603075981834e-05,1.9708965953680118,1.9708931342150282,2.3777095969558784
664,6.504058056750606e-06,-0.04689441104247163,-0.04686791449785232,2.6015930404646424e-05,5.204603075981834e-05,1.97778190283212,1.9777815873362794,2.3479381658033196
665,8.495726535798707e-06,-0.04689630997495238,-0.046867921948432915,2.5912397435784097e-05,5.204603075981834e-05,1.9865770654732873,1.9865754145867467,2.336066344396552
666,8.589626584400281e-06,-0.046892530405244964,-0.046867925673723214,2.5981374117665864e-05,5.2047317709906504e-05,1.979110305938378,1.9826218229256223,2.308265029141752
667,0.007223170755648752,-0.04688678157683139,-0.04679515176351323,3.736483136133736e-05,0.00012482739155040418,1.9653121689195467,1.9990253713570252,2.2821119417017517
668,0.015819870581810547,-0.03468901104655963,0.012052687709719248,0.01912216278916002,0.058972670590073176,1.975274574455955,1.985949084865406,2.328906018592181
669,0.010121279425752715,-0.02533124101148753,0.014085127349203249,0.020704102278882055,0.06100511395484748,1.9883636724594593,2.008550331378288,2.3709378847900413
670,0.0072150902696969,-0.024985764561441255,0.013453559054407272,0.017237860042139525,0.06037354606992368,1.9817213004217407,2.0376015755472303,2.378339209963002
671,0.010372642894672867,-0.025239945993458225,0.026277622140383393,0.021794476656172335,0.07319761247131792,1.9937333320318669,2.0145579670509455,2.380484068224649
672,0.02436118619187988,-0.02192839601268317,0.01762669082740728,0.02516969290119491,0.0645466848836321,1.9837126269909602,1.9782773512299165,2.389778607967634
673,0.01631352537376481,-0.03850361880658553,0.005146219792148708,0.013391265694827561,0.05206621757366384,1.970287768078938,1.9693569422690944,2.324462099054722
674,0.0030026848993770796,-0.046892561308403045,-0.04686795615871768,2.598114702006308e-05,5.204818361869562e-05,1.9859166240193749,1.986084231264006,2.3785086266919344
675,6.259263521505236e-06,-0.04689540607266752,-0.04686796367683352,2.598156445627022e-05,5.204528055249846e-05,1.9704405807461507,1.9704462659371154,2.374809241622972
676,6.270292232690098e-06,-0.04689351916975918,-0.04686796890522057,2.601603467112772e-05,5.204750274604569e-05,1.9722411796261639,1.9722413584392386,2.3895309165340675
677,5.320246581816297e-06,-0.04689447087193444,-0.0468679741024971,2.6016227005941534e-05,5.204619954264633e-05,1.9740433741594996,1.9740439889092778,2.3579209280165436
678,5.559487278258457e-06,-0.04689353103392839,-0.0468679815530777,2.60162391249196e-05,5.204603075981834e-05,1.964851031173421,1.9648508148957602,2.352602868450557
679,9.749505929176175e-06,-0.046889751501906676,-0.046867985278367996,2.5669316057873186e-05,5.2047842338809325e-05,1.9677879662375306,1.9677868968996806,2.347392409607307
680,5.557678810433611e-06,-0.046894489210059453,-0.04686799272894859,2.601618769693249e-05,5.204603075981834e-05,1.973186058028779,1.9731845548363156,2.341153274314535
681,7.902020083108365e-06,-0.04689638675514276,-0.04686799829390069,2.591258705668926e-05,5.204680547241103e-05,1.963950272962588,1.9639505820870398,2.3415505805719605
682,5.795910310115782e-06,-0.046893554108408134,-0.04686800390481949,2.601563858006556e-05,5.204603075981834e-05,1.9634652571386761,1.9634632047423783,2.3303690346316386
683,5.91285472560082e-06,-0.04689450631412288,-0.046868009107308636,2.60157821104631e-05,5.204827885126051e-05,1.9869903394327069,1.9869906346975195,2.351901282883287
684,5.438989238688948e-06,-0.04689451151603742,-0.046868015080690384,2.601601869715912e-05,5.2046487287869814e-05,1.9549509348710403,1.9549509348710394,2.3561770521523164
685,6.852208485345524e-06,-0.0468926259438991,-0.04686802253127098,2.5981859834203258e-05,5.204603075981834e-05,1.9400149009947703,1.94001490099477,2.3746565528015373
686,7.089646311365431e-06,-0.04689263106248538,-0.04686802626869742,2.598153009159439e-05,5.2046824937153346e-05,1.9620869688603118,1.9620869688603115,2.3790994003091006
687,6.734595180807302e-06,-0.04689547580913178,-0.046868033707141876,2.598178561382519e-05,5.20460307598114e-05,1.9725295898293649,1.9725295898293647,2.3725065308069624
688,6.931882603432913e-06,-0.04689264195927952,-0.046868037432432175,2.5981748040387456e-05,5.2047162221458e-05,2.0670774902073177,2.0670774902073177,2.385378896131974
689,6.777084586669093e-06,-0.04689516738664135,-0.046868044883012765,2.599726854986621e-05,5.204603075982528e-05,2.113213867802633,2.113213867802633,2.4003286250761735
690,7.281830685236614e-06,-0.04689249685454139,-0.04686789313068789,2.598179584752506e-05,5.2045046182461197e-05,1.9866641728483951,1.986663869597858,2.3639421909115073
691,5.321559279181728e-06,-0.0468943942743661,-0.046867897883624644,2.601586353246125e-05,5.204760804792402e-05,1.9595592517475828,1.9595582376553269,2.358055221361321
692,6.024071098204146e-06,-0.046895345780027,-0.04686790332198143,2.598177706913667e-05,5.2046299505392746e-05,1.9750221780494293,1.975022636841701,2.311765724558
693,6.851195942930207e-06,-0.04689251441427803,-0.04686791077256203,2.5981869714403456e-05,5.20460307598114e-05,1.9781043360908808,1.978110375857728,2.3965878056820262
694,6.600819105216538e-06,-0.04689157344220283,-0.046867915259430806,2.5912072576221717e-05,5.2045269181337506e-05,1.9732981863559649,1.9732985853052467,2.364575057690741
695,8.563754453798952e-06,-0.04688968601073677,-0.04686792179253768,2.56698124666098e-05,5.204618665505256e-05,1.983142472649286,1.9831431302075386,2.3378143993345004
696,9.809387831409834e-06,-0.046893475385262964,-0.04686792567372322,2.601619351463997e-05,5.20460307598114e-05,1.9591139886401638,1.9628785582897976,2.3326764716796755
697,0.007244989933228832,-0.04689143775819502,-0.046862787687348126,2.6062891886233886e-05,5.719146771550332e-05,1.9618750732762371,1.9672943862037051,2.358038338498763
698,0.01648802878391421,-0.03715259858480775,0.014103368173000147,0.01791832638761979,0.06102335105335408,1.9813740215846598,1.9836283443549196,2.329338247254464
699,0.02162581682134094,-0.02120791816664933,0.014084323815660934,0.023217757971789522,0.06100431042130516,1.9725313524137111,1.992295493842411,2.371219801638375
700,0.021442709691015548,-0.012521822179541503,0.014005545526742935,0.01797250973059266,0.06092553213238716,1.9957734340752062,2.0064568852742877,2.3871269143451803
701,0.03265208335452989,-0.009909928086641397,0.028618134918376614,0.028001702448284874,0.07553812524931114,1.9880238589688968,1.9848091882107228,2.3619686234947785
702,0.015496393331179336,-0.028956126698147,0.013746036639802273,0.020163803810478727,0.060666032307068116,1.9868609111158737,1.99722906818341,2.3570389560793967
703,0.013060507670670116,-0.04689445054912294,-0.0468679554760456,2.6016346793467715e-05,5.204571609616904e-05,1.9744450549058188,1.972345068771021,2.3447205953619177
704,0.0030050611158643596,-0.04689445699111511,-0.04686795940291236,2.6016065430350428e-05,5.204791755536453e-05,1.9708658142317645,1.9683973456148596,2.3650213286362285
705,5.79427548597188e-06,-0.04689446189505371,-0.0468679666519165,2.6016246658775537e-05,5.204593992742118e-05,1.9707888968921519,1.9707894350302926,2.3510018639545973
706,5.675992633785191e-06,-0.04689446733375407,-0.04686797109295626,2.6016322678142262e-05,5.204531501035864e-05,1.9718672289485233,1.9718668779403992,2.380770401359772
707,5.323694526698582e-06,-0.0468935257656257,-0.04686797441869459,2.6015879470336574e-05,5.204799480971328e-05,1.9793550985897141,1.9793533980098994,2.355128458263464
708,6.6222853769600885e-06,-0.04689447838475067,-0.0468679815530777,2.6016339561097986e-05,5.204603075981834e-05,1.9783810944097917,1.9783811009622212,2.3577077294662128
709,6.851317360505584e-06,-0.04689543016310816,-0.04686798850803794,2.5981087163851702e-05,5.204651188270293e-05,1.9654992833716796,1.9655000483924772,2.369669135743275
710,6.378859872052593e-06,-0.04689543608892672,-0.046867993632672446,2.5981730893065764e-05,5.2045127035958705e-05,1.967180992009674,1.9671826174152287,2.3745614467092855
711,5.322257927837875e-06,-0.04689449533618752,-0.0468679989763166,2.6015952939109296e-05,5.20472339724104e-05,1.9706821649455288,1.9706819484092426,2.3790676129288366
712,7.089132249909149e-06,-0.04689260851787042,-0.046868005502002846,2.598118893654384e-05,5.204443357646055e-05,1.9784609009157463,1.9784602669645708,2.3584829654835513
713,5.913531039073369e-06,-0.04689450704278916,-0.04686801135540008,2.6016110494213662e-05,5.204603075982528e-05,1.979377993806935,1.9793779938069345,2.347321595694093
714,5.7940110584665856e-06,-0.04689451169305033,-0.046868015080690384,2.6016248535425133e-05,5.204606630213743e-05,1.9691653866382433,1.9691653866382435,2.343203878100984
715,5.795371268996161e-06,-0.046894518394696744,-0.04686802253127098,2.601620923629842e-05,5.20460307598114e-05,1.9406607712987316,1.9406607712987312,2.369491143170819
716,5.676203676517601e-06,-0.04689452361995562,-0.04686802625656128,2.6015719272812163e-05,5.204682815007633e-05,1.963684375729597,1.9636843757295956,2.3639447634900423
717,7.089727193386027e-06,-0.04689547619232581,-0.046868033707141876,2.5981948766796888e-05,5.20460307598114e-05,1.9747728326148168,1.9747728326148168,2.347774295056398
718,6.667553968097052e-06,-0.04689264262617692,-0.046868038553748166,2.598135307133826e-05,5.2046176161411883e-05,2.073853554309982,2.0738535543099847,2.3812888676456465
719,6.133222928457331e-06,-0.04689443423615303,-0.04686804488301277,2.6017872264516562e-05,5.20460307598114e-05,2.1328908601450443,2.1328908601450456,2.387619933005819
720,6.329493321246886e-06,-0.04689533525241072,-0.04686789300353782,2.598175403830771e-05,5.204517333252945e-05,1.9642976255487508,1.9642954628290674,2.360899403073307
721,6.267762965686141e-06,-0.04689344796903852,-0.046867897451330603,2.6015769533057564e-05,5.204709668898966e-05,1.9789749574730875,1.978973292047257,2.3460466818987937
722,5.795431503418453e-06,-0.04689345265104929,-0.04686790332198142,2.6016439035033924e-05,5.204603075981834e-05,1.9783218873426474,1.9783223513659127,2.3429703033158216
723,6.149441634828573e-06,-0.04689440455330916,-0.04686790754378371,2.6016205177604944e-05,5.204742245799865e-05,1.9765561350160712,1.9765555625959392,2.374599086864087
724,6.5035712134548876e-06,-0.04689346375850268,-0.04686791449785232,2.601624374200505e-05,5.204603075981834e-05,1.963408642166782,1.9634061711251178,2.3659065498228684
725,9.475450302933508e-06,-0.04688873846634364,-0.04686791928071231,2.5494518553957207e-05,5.204550935025004e-05,1.956774585565093,1.9567711982449998,2.3723951138216774
726,7.306818834952582e-06,-0.04689442039614161,-0.046867925673723214,2.601605269679152e-05,5.20436848126804e-05,1.973271451686079,1.973592513579474,2.364612775534098
727,0.003510719288513991,-0.046894425951864535,-0.04686792939901352,2.6016271610277556e-05,5.2046374701610054e-05,1.9782958767250913,1.9769421151125623,2.376755029089862
728,0.009909876874909906,-0.04689132617919376,-0.046853878200610946,2.6222519248424406e-05,6.610307399979032e-05,1.9606358002023563,1.967038405139029,2.3842188927540127
729,0.011263618848076223,-0.046021710159389426,-0.025488262704807745,0.0034562330612101515,0.02143172390083648,1.9473789273386948,1.9449442690931922,2.36727039276625
730,0.011828693777282562,-0.04129764690520225,-0.004784711453819386,0.010554506633622096,0.042135278687849935,1.9452197120508194,1.948858787372358,2.353478622254418
731,0.017093905353928122,-0.03942817572331277,0.014005541801452637,0.017003174443429466,0.06092553585767747,1.9609932128536307,1.9644698209878855,2.3632558710149474
732,0.015186523683346206,-0.046890664850498726,-0.0468679541487956,2.5808927628253363e-05,5.204363271953116e-05,1.9819767096296008,1.981363945823317,2.3800796561254303
733,0.004520399651322695,-0.04689350837609397,-0.04686795920133591,2.6016048584955083e-05,5.204603075981834e-05,1.9713246441014012,1.9723618077091285,2.361680943246027
734,8.473014884512817e-06,-0.04689067549723004,-0.046867964295079896,2.580879655063285e-05,5.20446623061277e-05,1.9636847936806898,1.9636855597671408,2.319755386125904
735,8.37682701302723e-06,-0.046896357977647664,-0.04686797030181876,2.5912499081457184e-05,5.204610614785443e-05,1.9733980686914632,1.9734044578690457,2.3593052768213036
736,5.558121456447343e-06,-0.04689352418440809,-0.046867974102497094,2.6016277232992307e-05,5.204603075981834e-05,1.9824214423412558,1.982422348417641,2.3691828682926297
737,8.590825761891529e-06,-0.04689069177356444,-0.046867979468883436,2.580868662442981e-05,5.2047943003376285e-05,1.972606929143912,1.9726092765826555,2.367253146659636
738,6.031449087413109e-06,-0.04689448130986105,-0.046867985278367996,2.601619767028279e-05,5.20460307598114e-05,1.9808392994306474,1.9808388477773449,2.3833066858548637
739,7.206688812157471e-06,-0.04689259475011387,-0.04686799125587905,2.598127171069831e-05,5.204611942372789e-05,1.9836087860331872,1.9836076497841575,2.354402672911919
740,6.497400569951432e-06,-0.046895438324798505,-0.04686799645423889,2.5981818674654507e-05,5.20460307598114e-05,1.9550180082176383,1.9550180082176392,2.348886700299537
741,6.61599037049213e-06,-0.04689544390401313,-0.046868002043902665,2.5981271748393313e-05,5.2044166386336355e-05,1.9840184765798732,1.9840184765798734,2.4017212235507133
742,5.913876603508054e-06,-0.04689355580498239,-0.04686800763010978,2.6015576614040848e-05,5.204400505982171e-05,1.9697875913884308,1.9697875913884306,2.3538433757912283
743,5.676826280697617e-06,-0.04689356162835877,-0.046868011355400085,2.60161089985326e-05,5.20460307598114e-05,1.9675792134448427,1.9675792134448427,2.3663159561829086
744,5.7960419254307506e-06,-0.046893566634379664,-0.04686801536078378,2.6015608444000746e-05,5.204763535687079e-05,1.9732349260236965,1.9732349260236954,2.376185706388523
745,6.267662453216856e-06,-0.046893572741669734,-0.04686802253127098,2.601610133594776e-05,5.20460307598114e-05,1.9485734237945243,1.9485738535627277,2.362981998377125
746,6.378901932769058e-06,-0.046895470086691884,-0.04686802655363901,2.5981594002353937e-05,5.2047478934641456e-05,1.9708222036502872,1.9708203227281769,2.3422163177272113
747,7.088720207388909e-06,-0.046892637695694295,-0.04686803370714187,2.598192324707984e-05,5.204603075982528e-05,1.9449300227422368,1.944932011434204,2.3698224335496363
748,6.484821224652628e-06,-0.046892642735236884,-0.046868037992553166,2.5981405982433544e-05,5.204728052240343e-05,2.0539434535259815,2.0539434535259806,2.3770428656531397
749,6.047707261423302e-06,-0.046894434432144125,-0.04686804488301277,2.6017929803051564e-05,5.204603075981834e-05,2.12596341721899,2.1259634172189896,2.4043516352091148
750,6.147650793490709e-06,-0.04689438908242464,-0.046867892177128424,2.601630510200633e-05,5.2045999741928695e-05,1.9740589240339914,1.9740600474339616,2.325447941852071
751,7.903293857576075e-06,-0.04689628657151292,-0.046867898382910445,2.591231570861956e-05,5.204657290723558e-05,1.9853118009855428,1.9853114522917572,2.3796730101606234
752,5.676106325438168e-06,-0.04689439867849213,-0.04686790332198143,2.601606780020585e-05,5.204499840823218e-05,1.968220546434979,1.9682224190924966,2.3839365582313494
753,8.138917207547693e-06,-0.046891566075796864,-0.04686790803482692,2.5912312305356572e-05,5.2046645073577924e-05,1.9818740692746608,1.9818727375533232,2.3993971957658284
754,7.443881851624507e-06,-0.046895355824789764,-0.046867914497852325,2.5981779231007974e-05,5.2044965110929764e-05,1.9432563825752946,1.9432552256237157,2.381774643733575
755,5.20383966455023e-06,-0.04689346887423498,-0.046867918223142624,2.6016045984104087e-05,5.204610585962666e-05,1.959837147473237,1.9598363781815449,2.3563621962404184
756,5.203865490702179e-06,-0.04689347429772855,-0.04686792567372322,2.6016124596593706e-05,5.20440795023433e-05,1.966241238378577,1.9662403975743725,2.379808400781192
757,7.176184233729933e-06,-0.046895372036573096,-0.04686792939901352,2.598160512167217e-05,5.20460307598114e-05,1.9598599373712093,1.9642277830837866,2.3762484118414107
758,0.0009194106310272337,-0.046896323309136095,-0.04686793570477248,2.5912733301679665e-05,5.204456811651326e-05,1.9788480798412753,1.9790451779630267,2.350959404282818
759,0.0031932425128420225,-0.046892544135565734,-0.046867940574884415,2.598186535795087e-05,5.20460307598114e-05,1.9537593900135766,1.9545985780238793,2.3838117008058104
760,0.0064074059788712156,-0.04689160260422664,-0.04686794430017471,2.5912403275024518e-05,5.20460307598114e-05,1.9480400401922353,1.9467108042074712,2.3834251025030873
761,0.005500377689174339,-0.04689539307317621,-0.0468679517507553,2.598142744924444e-05,5.204603075981834e-05,1.9803513396545467,1.9789035993852577,2.3594653656030156
762,0.0032226564276563335,-0.046895398004017486,-0.0468679554760456,2.5981773823599153e-05,5.204603075982528e-05,1.9735846638405503,1.9734393269555341,2.36588498386816
763,5.556447392358771e-06,-0.04689351184273469,-0.04686796220641031,2.601584773234283e-05,5.204655378613504e-05,1.961420424977057,1.9614214237417933,2.3669875445644157
764,6.853794261605642e-06,-0.04689540882102522,-0.0468679666519165,2.59818566784593e-05,5.204603075982528e-05,1.9635306566784883,1.963533258988016,2.3223729893746876
765,1.0100677078478905e-05,-0.046889736887793965,-0.046867972195456103,2.5670034737668637e-05,5.204421251051722e-05,1.9764156392907077,1.9764165367674196,2.3224125945549505
766,6.733158200843784e-06,-0.04689258076496992,-0.0468679774493398,2.598154632216913e-05,5.204640920741105e-05,1.9862265111229664,1.9862270845951868,2.3658927536762255
767,5.675224561624513e-06,-0.04689353237899445,-0.046867982008304485,2.601614741203883e-05,5.204557553302458e-05,1.976797355417696,1.976800771183938,2.370260473550359
768,8.495261218165844e-06,-0.046896375945044186,-0.0468679870858181,2.5912327483730396e-05,5.204757607217558e-05,1.9381733780123207,1.9381762808137375,2.3742061616450876
769,6.850714272292756e-06,-0.04689259720105008,-0.04686799272894859,2.5981900057433387e-05,5.204603075981834e-05,1.9699127723666894,1.9699110759085143,2.367630820200987
770,6.496340095256729e-06,-0.04689260194308015,-0.04686799775236543,2.598124910867413e-05,5.204608402072097e-05,1.9631262703824892,1.9631248461397555,2.345046620248634
771,5.678249969297105e-06,-0.04689449976651893,-0.04686800390481949,2.601556948428601e-05,5.2045556750604516e-05,1.9736830883853855,1.9736830183502587,2.3442223019914907
772,5.911393925920566e-06,-0.04689355882598835,-0.04686800828398103,2.601578307635502e-05,5.2047139429578504e-05,1.9535738458389234,1.9535748122654617,2.371234786580678
773,6.9726053447495546e-06,-0.04689545614686894,-0.04686801508069038,2.5981861392673774e-05,5.204398909864488e-05,1.969753243276535,1.9697543019332098,2.3656936403023456
774,5.9144226635665255e-06,-0.04689451531985729,-0.046868018805980675,2.6016299415541002e-05,5.204603075981834e-05,1.962037420176518,1.9620335174898544,2.357847561123094
775,6.852208214601037e-06,-0.04689262767911315,-0.04686802544732073,2.5981625033104816e-05,5.204311471006251e-05,1.9645280064365496,1.964528635190749,2.390372059410468
776,8.59243771590643e-06,-0.046897363867576376,-0.04686802962883767,2.5808702819940955e-05,5.204638377372117e-05,1.9649273683504735,1.964930037367709,2.366296215055247
777,5.9124381238111525e-06,-0.046893584440368404,-0.04686803396264492,2.6016297205576518e-05,5.204577525676907e-05,1.9535035669027636,1.9535042360835986,2.3982486920902315
778,6.346320005621477e-06,-0.04689453573293332,-0.04686803983949901,2.6016010559650813e-05,5.204631552496036e-05,2.052205513955932,2.0522055139559296,2.37202993856563
779,5.4615001502094205e-06,-0.046893701702687814,-0.046868044883012765,2.601761456278737e-05,5.204603075981834e-05,2.1258470735589197,2.125847073558918,2.4015176634936677
780,8.761426224220373e-06,-0.04689060406702243,-0.04686789231213851,2.5808920095715486e-05,5.204586473184225e-05,1.969822320546808,1.9698308679074947,2.3675628561531346
781,8.021459137529184e-06,-0.04689155494904917,-0.04686789755497812,2.5912196493689214e-05,5.2046248983979304e-05,1.9825402561711019,1.9825474658946054,2.3594482727123824
782,6.733509828505541e-06,-0.0468953446563574,-0.04686790332198143,2.598166208774011e-05,5.2044508567605785e-05,1.9821684874192738,1.9821691854076207,2.3897616411604927
783,6.379212073668994e-06,-0.0468953500347366,-0.04686790704727173,2.59813346256437e-05,5.204603075981834e-05,1.9690398193801593,1.9690402000418952,2.378722186747856
784,5.79435027333315e-06,-0.04689440895552732,-0.04686791449785232,2.6016116184489133e-05,5.204306654345986e-05,1.974173690729069,1.9741740604943525,2.368466603120054
785,6.150129362009786e-06,-0.04689346826209369,-0.04686791822314262,2.601586823288509e-05,5.204603075981834e-05,1.9604388477237231,1.9604388477237231,2.3494583055071017
786,5.676147934099533e-06,-0.046894419650518784,-0.046867925645309526,2.601599496507411e-05,5.204233388320795e-05,1.9771015070828082,1.9771015070828077,2.3616085448679147
787,6.3869178027027635e-06,-0.04689347867368233,-0.046867929365077235,2.6015917495609443e-05,5.204606469609574e-05,1.9574856007057218,1.9574841274723185,2.3560890134418155
788,5.9134944463265886e-06,-0.046893484310070635,-0.04686793425845577,2.60162958005678e-05,5.204489660786543e-05,1.957391013645872,1.9573911302108316,2.374698213318367
789,6.734502046944319e-06,-0.046892542969081935,-0.04686793967875716,2.5981415059273566e-05,5.204644058962038e-05,1.9693204341828108,1.9693169961049755,2.3473209494687874
790,6.5030546713008534e-06,-0.04689443972931244,-0.046867944300174706,2.6016334698272647e-05,5.204603075981834e-05,1.9731271556331724,1.973127488733362,2.3648483996077134
791,5.9139726679940225e-06,-0.046893499356933474,-0.046867948393348985,2.6015811724998037e-05,5.20472772648356e-05,1.971568344899724,1.9715674373694216,2.358852443830101
792,8.35384407239745e-06,-0.0468972888601571,-0.0468679554760456,2.5809046924855636e-05,5.204383877799312e-05,1.9857373995052503,1.9857401387351226,2.3534669107634256
793,6.623728112469396e-06,-0.04689350993563698,-0.04686795920133591,2.6016102508892606e-05,5.204676659702895e-05,1.9704169779276133,1.97041755720118,2.347991628248699
794,5.794317746640663e-06,-0.046894461655341904,-0.0468679666519165,2.6016030001320706e-05,5.2044754283976646e-05,1.9746175499665344,1.9746175128423369,2.3607686198483058
795,1.0101497023179141e-05,-0.04689825164774675,-0.046867970377206795,2.5669862904745275e-05,5.204603075981834e-05,1.9664164354260265,1.9664120430222114,2.3636653958895297
796,8.375515102984091e-06,-0.04689636391144802,-0.046867974388601186,2.5912538784735856e-05,5.2046703592975585e-05,1.9652853567844897,1.9652791580873386,2.361357864762264
797,5.67657914482597e-06,-0.04689447758998536,-0.0468679815530777,2.6016068365118514e-05,5.20460307598114e-05,1.9696893648559044,1.9696906347142886,2.3546210005187658
798,5.559413017230697e-06,-0.046893536074863476,-0.046867985278367996,2.601597897677413e-05,5.2046738863338604e-05,1.9759783410150185,1.9759782994053892,2.3509987706577284
799,6.733862295565272e-06,-0.046892596031879466,-0.04686799272894859,2.5981397612721964e-05,5.204603075981834e-05,1.9738659053382328,1.9738646246034954,2.3825410147687895
800,8.256975810725628e-06,-0.04689638503983727,-0.04686799645423889,2.5912706480412395e-05,5.204603075981834e-05,1.9690827222145293,1.9690789676473668,2.325678815207082
801,7.902853120499798e-06,-0.04689166002069644,-0.04686800235487505,2.591203099470255e-05,5.204409792789605e-05,1.9649150324809623,1.9649166272999752,2.35529515847482
802,6.032134457357496e-06,-0.04689355697059602,-0.04686800763010979,2.6015856485606336e-05,5.20460307598114e-05,1.9722917572466774,1.9722932072112451,2.363661496853602
803,7.666159316495716e-06,-0.046896401122644114,-0.04686801246623016,2.5912680854748945e-05,5.204491992974458e-05,1.9729322339907585,1.9729303171198171,2.3540593706054382
804,8.828809676929799e-06,-0.04689072925273475,-0.04686801828252939,2.580858995953388e-05,5.204655421110066e-05,1.9675317816399884,1.967525737529417,2.3782518719390358
805,5.794710059367883e-06,-0.04689451980125903,-0.04686802408890822,2.6016095867187906e-05,5.204447312256999e-05,1.9630353618262468,1.9630348888005313,2.372213709222486
806,5.439534884979266e-06,-0.04689452488670495,-0.0468680286342984,2.60156623399186e-05,5.204678421232012e-05,1.9661461842045953,1.9661454075194,2.3850648932663656
807,5.321695309106662e-06,-0.04689453047703578,-0.04686803395500523,2.6016273663696328e-05,5.20457828964635e-05,1.97119641090218,1.971196325619173,2.376544231182903
808,6.8012907835597496e-06,-0.04689264279814617,-0.04686803914888803,2.59811143295228e-05,5.204592369156824e-05,2.058507184051134,2.058507184051133,2.3720755445645656
809,6.245009208299195e-06,-0.04689296822921973,-0.046868044883012765,2.5997470107421224e-05,5.204603075981834e-05,2.12456265988115,2.124562659881147,2.4053837307855366
810,8.600724120319996e-06,-0.04689533534335355,-0.04686789305529511,2.5981825472267063e-05,5.204512157524349e-05,1.9561697017232835,1.956170199123506,2.3790520768364942
811,5.439754223670629e-06,-0.04689344751364227,-0.0468678973442304,2.601576115056778e-05,5.2045524259969334e-05,1.950655148691922,1.9506556610877388,2.3636021991082643
812,6.73403687334166e-06,-0.046895344998951656,-0.04686790332198143,2.5982033493152844e-05,5.20460307598114e-05,1.9688552527330518,1.9688543755457162,2.363485595724213
813,7.206686310713019e-06,-0.04689251202423674,-0.04686790818484822,2.5981484295181748e-05,5.2045740261699724e-05,1.966196436582414,1.966196436582414,2.3909424048318813
814,5.558473919677041e-06,-0.04689440949285339,-0.046867914497852325,2.6016038644518252e-05,5.2044495648967404e-05,1.988644568515335,1.988644568515335,2.3446693817728708
815,5.55853331210442e-06,-0.046894414754406866,-0.046867918223142624,2.601592862235472e-05,5.204603075981834e-05,1.9661350627525351,1.9661350627525356,2.3303040077300743
816,6.616546363453649e-06,-0.046895366548176096,-0.046867925673723214,2.5981786321108243e-05,5.204457786026073e-05,1.9593911706822127,1.9593911706822134,2.362408921172214
817,6.733459018165824e-06,-0.04689253346047527,-0.04686792939901351,2.5981599077675424e-05,5.204603075981834e-05,1.9588276263551696,1.958827064321015,2.346621974140524
818,8.140569360389181e-06,-0.046896323346312475,-0.046867936849594116,2.59127486111495e-05,5.204230546951988e-05,1.974955831418006,1.9749550473532456,2.3417353884657612
819,5.7956152041935205e-06,-0.046894436249116545,-0.04686794037290485,2.6016258389249084e-05,5.204623273937642e-05,1.9793562041754624,1.9793560550696174,2.3407270232736583
820,5.321282279969752e-06,-0.04689349485187208,-0.04686794430017471,2.6016102076370505e-05,5.20460307598114e-05,1.9474419719166356,1.9474418395656556,2.369643816079839
821,8.020430891059117e-06,-0.04689160830878105,-0.04686795175075531,2.5912435205946746e-05,5.204592881780795e-05,1.976439626577114,1.9764406023658276,2.3542918991849486
822,5.676393291954634e-06,-0.046894451201494845,-0.04686795547604561,2.6016128749048765e-05,5.20460307598114e-05,1.9798164253050041,1.979816203882195,2.3752213566580513
823,6.261429501780389e-06,-0.04689540312700495,-0.04686796037374217,2.5981397908842368e-05,5.20461163537253e-05,1.987579912443637,1.987579975113819,2.3558739268590885
824,6.031718463255052e-06,-0.04689351542819971,-0.0468679666519165,2.6016377829476764e-05,5.2045070401747495e-05,1.969827801009415,1.9698273445462622,2.355281910490075
825,7.903155008084568e-06,-0.046891628212664224,-0.046867970377206795,2.5912931596904974e-05,5.204603075982528e-05,1.958450815013439,1.9584491027761806,2.3534507667230433
826,6.853433734895067e-06,-0.046892579062872974,-0.04686797451090034,2.59813650021138e-05,5.204732956463898e-05,1.9464773681860565,1.9464751301666614,2.343605723068466
827,6.497399163754234e-06,-0.046892585162516265,-0.0468679815530777,2.598155530915934e-05,5.20460307598114e-05,1.9658585444038736,1.9658597387941623,2.3746994350081145
828,5.912251518896958e-06,-0.04689448195695238,-0.046867985278368,2.6016048695665772e-05,5.204603075980446e-05,1.9739882428197066,1.9739882428197058,2.365488663471357
829,5.794937494243293e-06,-0.04689448803869625,-0.04686799272894859,2.601587435959941e-05,5.20460307598114e-05,1.9771339606627316,1.9771341441823558,2.356402632979262
830,6.8533526934400714e-06,-0.0468926002966078,-0.04686799645423889,2.5981689816166927e-05,5.20460307598114e-05,1.9539349132377342,1.9539341359488884,2.34586227503561
831,6.497370103534599e-06,-0.046895444551555136,-0.04686800300577726,2.598119303933693e-05,5.204320451174943e-05,1.9732395324665486,1.9732386771554398,2.3754389964523352
832,7.429373083948782e-06,-0.04689639566376826,-0.04686800763010978,2.5912585654017106e-05,5.204603075981834e-05,1.9662196432990866,1.9662189411537665,2.368023599624085
833,7.784924182434511e-06,-0.046891670032589705,-0.046868012779129234,2.5912815947348324e-05,5.204460703066294e-05,1.956543935115324,1.956539965796859,2.3848591046221013
834,6.969807196982767e-06,-0.046895459790238764,-0.046868017926156164,2.598131589179407e-05,5.20469105843302e-05,1.9640981356253677,1.9640976945895237,2.371928224387
835,6.149642748501946e-06,-0.046894519721810406,-0.04686802346907531,2.6016237102875104e-05,5.204509295549109e-05,1.9720611364621896,1.9720592016481417,2.363677028742093
836,8.021268817634575e-06,-0.04689168644263582,-0.04686802892477839,2.5912514039282984e-05,5.204708783299733e-05,1.9560835949959356,1.956079040512832,2.3908697282298466
837,6.735029097931693e-06,-0.0468954771559861,-0.04686803530275452,2.598174507139436e-05,5.204443514716939e-05,1.941467648344044,1.9414693093569535,2.3621031369042274
838,6.629436014864972e-06,-0.04689548213025093,-0.04686804007476345,2.5981517528334614e-05,5.204711371883247e-05,2.0659871827766505,2.065987182776651,2.394999449423014
839,5.619287043353792e-06,-0.046893701682248164,-0.046868044883012765,2.601775848693796e-05,5.204603075981834e-05,2.118051243782485,2.1180512437824848,2.3793237023348746
840,9.12967495060772e-06,-0.046890604181683705,-0.04686789233227568,2.5808867625243322e-05,5.204584459467254e-05,1.9642294239341829,1.9642283735927968,2.3547723043703
841,5.731161889474209e-06,-0.04689344776821262,-0.046867897592758764,2.6015665640819378e-05,5.2046285994103436e-05,1.9755103425764644,1.9755099166204366,2.3601685775937797
842,5.735982449282094e-06,-0.046893452546423395,-0.04686790332198142,2.601626438643303e-05,5.204602957975535e-05,1.9754531315643766,1.9754531315643769,2.3591615985328795
843,6.909715898169331e-06,-0.04689535075895538,-0.04686790786980794,2.5981451158705607e-05,5.2046449276997586e-05,1.9850242311340953,1.9850242311340942,2.3661078028617712
844,6.793709829660909e-06,-0.04689251699636369,-0.04686791449785232,2.5981754713656514e-05,5.204365622937801e-05,1.9809819894831096,1.9809819894831096,2.3710537155580473
845,5.733601262568694e-06,-0.0468944147917081,-0.046867918223142624,2.6016155413663143e-05,5.204603075981834e-05,1.981082409038611,1.9810824090386117,2.3452401552504583
846,5.62421959371914e-06,-0.046893473703218426,-0.04686792501261824,2.601623332594725e-05,5.2043370911261655e-05,1.9716290744516107,1.9716290744516107,2.3442548063151563
847,6.908698655829574e-06,-0.04689537114630919,-0.04686792939901351,2.598157000008288e-05,5.204603075981834e-05,1.9806580601690476,1.980656873494414,2.36606718476969
848,9.120642206494185e-06,-0.04689064575731719,-0.04686793452771002,2.5808940050536055e-05,5.204462735361459e-05,1.978376943320818,1.9783762760995556,2.3623430625113837
849,5.50016323704876e-06,-0.046894435385722646,-0.04686794000121684,2.6015659911892916e-05,5.20458529971457e-05,1.9798993785480288,1.979900435950254,2.3369820895838895
850,7.260665246764803e-06,-0.046895386165126424,-0.04686794430017471,2.5982020294833955e-05,5.20460307598114e-05,1.9732076338152769,1.9732071232380028,2.356152107054116
851,6.092025805489149e-06,-0.04689255388067547,-0.0468679498212126,2.5981258813095044e-05,5.204719124008578e-05,1.9860210051673786,1.9860203979125701,2.3556525924561096
852,5.971206746968204e-06,-0.04689445103662952,-0.04686795547604561,2.6016297566306627e-05,5.20460307598114e-05,1.9695077684034397,1.9695082594860391,2.3498349694604537
853,5.8539777003773e-06,-0.0468935107332595,-0.04686796009102377,2.6015630709431304e-05,5.204696931945807e-05,1.9813910593006756,1.981391059300676,2.3823699853395595
854,5.615458977204174e-06,-0.046893515771852544,-0.046867966651916504,2.6016125232485477e-05,5.20460307598114e-05,1.9865839645423984,1.986583790259425,2.357306868093546
855,6.447646950889944e-06,-0.046894467508487976,-0.04686797156837781,2.601616919216825e-05,5.204483958880235e-05,1.979739385282975,1.9797409883625745,2.3778454265326845
856,7.248011732204372e-06,-0.04689163407007737,-0.0468679761994727,2.591231666292253e-05,5.204718472565095e-05,1.9928810420539225,1.9928828756598138,2.370484263387478
857,6.211321922036835e-06,-0.04689447824106491,-0.0468679815530777,2.6016224053322133e-05,5.20460307598114e-05,1.9665522496324503,1.9665527491305455,2.374634768502701
858,5.85174747457777e-06,-0.04689353698249406,-0.04686798661213276,2.6015824440054827e-05,5.204718309592682e-05,1.989962548320547,1.989962548320547,2.371237429139821
859,5.854617279984929e-06,-0.04689448895277185,-0.04686799272894859,2.6015996289898e-05,5.20460307598114e-05,1.990919980663015,1.990919980663015,2.377929880487622
860,6.088307756317528e-06,-0.04689354759679457,-0.046867997217646805,2.6015932536891956e-05,5.204557909563312e-05,1.964158700640321,1.9641587006403214,2.3550567549871184
861,6.555043321966817e-06,-0.04689544541138542,-0.04686800390481948,2.5981103670074902e-05,5.204331090214592e-05,1.9548014613915687,1.9548053100567941,2.3730972404320023
862,5.97664164135729e-06,-0.046893557791810876,-0.04686800763010978,2.6015972018986816e-05,5.204603075981834e-05,1.97130022624666,1.9712979621532216,2.3757328252895094
863,6.675183785185957e-06,-0.046895455513911846,-0.04686801444538969,2.5981733384624396e-05,5.2043612833473085e-05,1.982332230350621,1.9823291175866877,2.379071192981843
864,6.558617075018159e-06,-0.04689262226788226,-0.04686801880598068,2.598176920296519e-05,5.20460307598114e-05,1.9779530756125112,1.9779531972277429,2.377129067172588
865,5.733287832280243e-06,-0.04689357377697341,-0.04686802413882113,2.6016118147383888e-05,5.204442320966285e-05,1.9779360304336464,1.9779351824111262,2.378856088071421
866,6.792493961937563e-06,-0.04689547094237524,-0.04686802878094475,2.5981098678380914e-05,5.204632831026096e-05,1.9856925280624593,1.985690353334992,2.3722910993923083
867,5.853952616120412e-06,-0.046893584344657166,-0.04686803490296208,2.601623002936529e-05,5.2044834939611595e-05,1.96239332852854,1.9623937292368927,2.386142240056139
868,6.052098524932309e-06,-0.04689358879366191,-0.04686803797290124,2.6015737534257673e-05,5.20466126202046e-05,2.0229844226146203,2.02298442261462,2.373519918940345
869,7.264796978520795e-06,-0.04689589990094624,-0.04686804488301277,2.5955975670282967e-05,5.20460307598114e-05,2.159584625558402,2.1595846255584012,2.3764528767269857
870,6.769830714755467e-06,-0.0468948453886407,-0.04686789315872968,2.6003848623684997e-05,5.2045018140670085e-05,1.9483951458515605,1.9483882272719042,2.3323353187022744
871,7.901064078104276e-06,-0.04689577936125792,-0.04686789731182858,2.5953762454281965e-05,5.204759461253233e-05,1.9861195540001002,1.9861208347753423,2.3729570511738904
872,6.411184909260007e-06,-0.04689299631396816,-0.04686790332198143,2.600392526467039e-05,5.20460307598114e-05,1.9726915178912385,1.972691517891238,2.37724997665512
873,6.035347097572198e-06,-0.04689300224165695,-0.046867907538143225,2.600366336778751e-05,5.204697806780734e-05,1.962860144384083,1.9628601443840832,2.3484679411958873
874,6.221669957914758e-06,-0.0468948659190664,-0.04686791449785232,2.600394364496396e-05,5.204518314606138e-05,1.9820905320161295,1.982090532016129,2.3756077606742183
875,5.6746777422430764e-06,-0.046893942241655114,-0.046867918223142624,2.6020424865496258e-05,5.204736469366367e-05,1.9964979809775365,1.9964979809775358,2.373643848846683
876,7.147580142430073e-06,-0.04689208887091588,-0.04686792567372322,2.5954109475241717e-05,5.2044538746916225e-05,1.9919850830675467,1.9919850830675465,2.3783158578646564
877,5.656464966233289e-06,-0.046893023829419775,-0.04686792939901352,2.600361863540346e-05,5.204603075981834e-05,1.9957917841148585,1.995791899980625,2.3703780485429844
878,7.3343199129554875e-06,-0.04689581703525647,-0.04686793684959411,2.5953890641374454e-05,5.2043608441451616e-05,1.9861058869187578,1.9861071200446865,2.3589695903460237
879,6.416352163424445e-06,-0.04689489445242985,-0.04686794057488441,2.6002571380937623e-05,5.204603075981834e-05,1.9752258348831446,1.9752266816039779,2.3444624895018906
880,7.144477607567771e-06,-0.04689210959795583,-0.04686794430017471,2.5953963491631358e-05,5.204603075981834e-05,1.9804588967134404,1.980458896713441,2.352856220771227
881,5.66632558216357e-06,-0.04689304504615986,-0.04686795175075531,2.6003612700069162e-05,5.20460307598114e-05,1.9739977549875711,1.9739977549875714,2.356640025003053
882,6.032002428718126e-06,-0.04689304975158581,-0.04686795547604561,2.600365997930163e-05,5.20460307598114e-05,1.9853572258284324,1.985357225828433,2.3590228741696704
883,7.517554211772423e-06,-0.04689584371564796,-0.046867962566927365,2.595400705871724e-05,5.204639045865156e-05,1.9796123970647312,1.9796123970647315,2.402542065674303
884,6.407156239861365e-06,-0.046893060067218904,-0.046867966651916504,2.6003825511829662e-05,5.20460307598114e-05,1.9884684450767858,1.9884684450767849,2.389430591793643
885,5.491760015808466e-06,-0.04689399452522581,-0.0468679725056978,2.602047883641317e-05,5.204390226882377e-05,1.9916431141305604,1.991644665880027,2.379669088954336
886,7.333057516547556e-06,-0.04689585817112252,-0.0468679771772291,2.5953727895878365e-05,5.204653772960394e-05,1.9590056224486894,1.959006362985741,2.379754355066371
887,5.49208666157773e-06,-0.0468940055525409,-0.04686798205461544,2.6020580712284508e-05,5.204552922207645e-05,1.9831009127043946,1.9831005421241805,2.3810834452821092
888,6.596674721672108e-06,-0.04689308107930484,-0.04686798661798214,2.6003432190898482e-05,5.2047597297683046e-05,1.986600629514308,1.986600629514308,2.374933321317699
889,7.51661069191211e-06,-0.04689587483272622,-0.04686799272894859,2.595411320355244e-05,5.204603075981834e-05,1.991105135758581,1.9911051357585805,2.3560922135508773
890,6.786040733491776e-06,-0.04689309168590235,-0.0468679968883907,2.600343294438486e-05,5.204779851024355e-05,1.991077317555606,1.9910773175556067,2.3702046975720137
891,5.2961559199785374e-06,-0.04689402659358791,-0.04686800390481949,2.6020215206065135e-05,5.204597708015346e-05,1.9499266810537645,1.9499266810537648,2.3705519561337978
892,5.305352685392506e-06,-0.04689403178024446,-0.04686800767449099,2.6020225900691695e-05,5.204642844847118e-05,1.9454723538065235,1.9454723538065224,2.3856792365938126
893,7.326719736334283e-06,-0.046892178150040334,-0.04686801508069038,2.5953875588929934e-05,5.204349088249599e-05,1.9980562126456742,1.9980562126456747,2.3752508810997135
894,7.702148706520014e-06,-0.04689590070699493,-0.04686801880598068,2.5953728385536057e-05,5.20460307598114e-05,1.9941170009909412,1.9941170009909412,2.3850564909393306
895,6.407220524669739e-06,-0.046893118020234166,-0.04686802558973606,2.6003689619412527e-05,5.204297229473298e-05,1.9904320819913974,1.9904320819913992,2.366261664452482
896,5.2984433862812094e-06,-0.04689405258941852,-0.04686802998185158,2.602021854330974e-05,5.20460307598114e-05,1.9763264492663613,1.9763264492663613,2.3677213212312562
897,6.222730052193085e-06,-0.04689498772095067,-0.04686803602916035,2.6003846008682927e-05,5.2043977995852586e-05,1.9749740615577427,1.974974061557742,2.3783384276513684
898,6.324873115756009e-06,-0.04689313433521415,-0.046868041157722466,2.6003958935538812e-05,5.204603075981834e-05,2.0148760499961886,2.014876049996187,2.387223774857034
899,6.180920724915282e-06,-0.04689322918722908,-0.046868044883012765,2.6006839031891874e-05,5.204603075981834e-05,2.0811767158864254,2.081176715886423,2.4208134210966388
